Actual_RUL,Predicted_RUL,Absolute_Error
21,20.112473,0.8875274658203125
21,20.904655,0.09534454345703125
21,19.685478,1.3145217895507812
21,20.31351,0.6864891052246094
21,19.620817,1.3791828155517578
21,20.153818,0.8461818695068359
21,19.74701,1.25299072265625
21,20.12386,0.8761405944824219
21,19.841278,1.158721923828125
21,20.064907,0.9350929260253906
21,19.877209,1.1227912902832031
21,20.036127,0.9638729095458984
21,19.894459,1.1055412292480469
21,20.029945,0.9700546264648438
21,19.82372,1.176279067993164
21,20.014261,0.9857387542724609
21,19.822918,1.1770820617675781
21,20.081482,0.91851806640625
21,19.960777,1.0392227172851562
21,20.035982,0.9640178680419922
21,19.935873,1.064126968383789
21,20.119404,0.8805961608886719
21,19.920673,1.0793266296386719
21,20.045395,0.9546051025390625
21,19.664576,1.3354244232177734
21,19.73468,1.26531982421875
21,19.687454,1.3125457763671875
21,19.733805,1.266195297241211
21,19.564537,1.4354629516601562
21,19.577618,1.4223823547363281
21,19.602015,1.3979854583740234
21,19.841814,1.1581859588623047
21,19.864347,1.1356525421142578
21,20.17136,0.8286399841308594
21,19.959883,1.0401172637939453
21,20.262932,0.7370681762695312
21,20.082455,0.9175453186035156
21,20.0038,0.9962005615234375
21,20.024536,0.9754638671875
21,19.730232,1.2697677612304688
21,19.848707,1.1512928009033203
21,20.388565,0.6114349365234375
21,20.259745,0.7402553558349609
21,20.523792,0.4762077331542969
21,20.338543,0.6614570617675781
21,20.332594,0.6674060821533203
21,20.017231,0.9827690124511719
21,20.362383,0.6376171112060547
21,20.112577,0.8874225616455078
21,20.674622,0.32537841796875
21,20.796,0.20400047302246094
21,21.28601,0.2860107421875
21,21.10558,0.10557937622070312
21,21.233772,0.23377227783203125
21,21.033003,0.03300285339355469
21,21.192705,0.1927051544189453
21,21.494947,0.4949474334716797
21,21.67611,0.6761093139648438
21,21.618198,0.6181983947753906
21,21.749727,0.7497272491455078
21,21.686707,0.68670654296875
21,21.811184,0.8111839294433594
21,21.618607,0.6186065673828125
21,21.643307,0.6433067321777344
21,21.08612,0.08612060546875
21,20.670855,0.3291454315185547
21,20.04044,0.9595603942871094
21,20.115545,0.8844547271728516
21,19.814156,1.1858444213867188
21,20.289816,0.7101840972900391
21,20.113245,0.8867549896240234
21,19.556658,1.4433422088623047
21,19.309065,1.6909351348876953
21,19.417976,1.5820236206054688
21,19.304232,1.6957683563232422
21,19.653046,1.346954345703125
21,19.367449,1.6325511932373047
21,19.357237,1.6427631378173828
21,20.513067,0.48693275451660156
21,20.732853,0.2671470642089844
21,20.963184,0.036815643310546875
21,22.003195,1.003194808959961
21,21.918549,0.918548583984375
21,21.349092,0.3490924835205078
21,20.916069,0.08393096923828125
21,20.614674,0.3853263854980469
21,20.929024,0.07097625732421875
21,20.756908,0.24309158325195312
21,20.86406,0.1359405517578125
21,20.828964,0.1710357666015625
21,20.939056,0.060943603515625
21,21.025553,0.025552749633789062
21,21.1932,0.19319915771484375
21,21.199121,0.19912147521972656
21,21.446482,0.44648170471191406
21,21.26759,0.2675895690917969
21,21.262762,0.26276206970214844
21,21.144547,0.1445465087890625
21,21.288658,0.28865814208984375
21,21.461176,0.46117591857910156
21,21.405159,0.40515899658203125
21,21.349556,0.34955596923828125
21,21.54758,0.5475807189941406
21,21.48805,0.4880504608154297
21,21.504604,0.5046043395996094
21,21.334042,0.3340415954589844
21,21.454699,0.4546985626220703
21,21.387753,0.3877525329589844
21,21.2132,0.21319961547851562
21,20.86924,0.13076019287109375
21,20.444283,0.5557174682617188
21,20.286003,0.7139968872070312
21,20.410667,0.5893325805664062
21,20.610952,0.38904762268066406
21,20.789324,0.2106761932373047
21,20.785965,0.2140350341796875
21,20.873785,0.12621498107910156
21,20.824818,0.17518234252929688
21,20.987583,0.012416839599609375
21,20.907104,0.0928955078125
21,21.027311,0.027311325073242188
21,20.955376,0.04462432861328125
21,20.966778,0.033222198486328125
21,20.956865,0.04313468933105469
21,20.908884,0.09111595153808594
21,20.9277,0.07229995727539062
21,20.800703,0.1992969512939453
21,20.727242,0.27275848388671875
21,20.608814,0.3911857604980469
21,20.894543,0.10545730590820312
21,20.948484,0.05151557922363281
21,21.073895,0.07389450073242188
21,21.082064,0.08206367492675781
21,20.888681,0.11131858825683594
21,20.72728,0.2727203369140625
21,20.64723,0.3527698516845703
21,20.74099,0.25901031494140625
21,20.848612,0.15138816833496094
21,20.971613,0.028387069702148438
21,20.965424,0.034576416015625
21,20.928928,0.07107162475585938
21,20.949638,0.05036163330078125
21,21.09756,0.09756088256835938
21,21.095863,0.09586334228515625
21,21.137512,0.13751220703125
21,20.755888,0.2441120147705078
21,20.74656,0.25344085693359375
21,20.623787,0.37621307373046875
21,20.906433,0.09356689453125
21,20.832968,0.16703224182128906
21,20.86774,0.13225936889648438
21,20.647385,0.3526153564453125
21,20.816723,0.18327713012695312
21,20.774563,0.22543716430664062
21,20.858692,0.14130783081054688
21,20.827938,0.17206192016601562
21,21.01635,0.01634979248046875
21,21.017937,0.01793670654296875
21,21.261005,0.2610054016113281
21,21.562845,0.5628452301025391
21,22.40392,1.4039192199707031
21,22.816273,1.8162727355957031
21,23.940144,2.940143585205078
21,23.795906,2.7959060668945312
21,23.698801,2.698801040649414
21,22.839905,1.83990478515625
21,22.56935,1.5693492889404297
21,22.639526,1.6395263671875
21,22.58442,1.5844192504882812
21,23.698185,2.6981849670410156
21,23.4829,2.482900619506836
21,24.018282,3.018281936645508
21,23.852919,2.8529186248779297
21,24.275572,3.275571823120117
21,24.148603,3.1486034393310547
21,24.729145,3.729145050048828
21,25.042494,4.04249382019043
21,25.1395,4.139499664306641
21,24.597633,3.5976333618164062
21,24.755737,3.7557373046875
21,24.410011,3.4100112915039062
21,24.114882,3.1148815155029297
21,24.162336,3.1623363494873047
21,24.459538,3.4595375061035156
21,24.46166,3.461660385131836
21,24.507702,3.507701873779297
21,24.26021,3.2602100372314453
21,24.313158,3.3131580352783203
21,24.282585,3.2825851440429688
21,25.093876,4.093875885009766
21,24.734837,3.7348365783691406
21,24.861599,3.8615989685058594
21,23.906075,2.9060745239257812
21,23.523884,2.523883819580078
21,22.445229,1.4452285766601562
21,22.71096,1.7109603881835938
21,22.228035,1.2280349731445312
21,22.901808,1.9018077850341797
21,22.587666,1.5876655578613281
21,22.914894,1.9148941040039062
21,22.771349,1.7713489532470703
21,22.790157,1.7901573181152344
21,22.707867,1.7078666687011719
21,22.724678,1.7246780395507812
21,22.596508,1.5965080261230469
21,22.767887,1.7678871154785156
21,22.732523,1.732522964477539
21,22.918232,1.9182319641113281
21,22.85966,1.859659194946289
21,22.866379,1.8663787841796875
21,22.879745,1.8797454833984375
21,22.63007,1.6300697326660156
21,22.648697,1.6486968994140625
21,22.276264,1.2762641906738281
21,21.997242,0.9972419738769531
21,21.59649,0.5964908599853516
21,21.458002,0.45800209045410156
21,21.295105,0.29510498046875
21,21.256952,0.25695228576660156
21,21.320683,0.3206825256347656
21,21.381693,0.38169288635253906
21,21.415535,0.41553497314453125
21,21.528336,0.5283355712890625
21,21.540878,0.5408782958984375
21,21.64147,0.6414699554443359
21,21.65296,0.6529598236083984
21,21.6889,0.6888999938964844
21,21.692986,0.6929855346679688
21,21.681664,0.6816635131835938
21,21.710209,0.7102088928222656
21,21.74961,0.7496109008789062
21,22.04086,1.0408592224121094
21,21.440304,0.4403038024902344
21,21.09285,0.0928497314453125
21,21.040674,0.04067420959472656
20,21.949738,1.949737548828125
20,19.595985,0.40401458740234375
20,21.37175,1.3717498779296875
20,21.683287,1.6832866668701172
20,20.855946,0.8559455871582031
20,21.902004,1.9020042419433594
20,21.102358,1.1023578643798828
20,22.005476,2.0054759979248047
20,21.707455,1.7074546813964844
20,21.496267,1.496267318725586
20,20.273605,0.2736053466796875
20,19.271973,0.72802734375
20,19.503666,0.4963340759277344
20,20.39817,0.39817047119140625
20,20.144192,0.14419174194335938
20,20.814894,0.8148937225341797
20,20.478088,0.47808837890625
20,21.005337,1.0053367614746094
20,20.703476,0.7034759521484375
20,20.985569,0.9855690002441406
20,20.702692,0.7026920318603516
20,20.80509,0.8050899505615234
20,20.588238,0.5882377624511719
20,20.549387,0.5493869781494141
20,20.261677,0.2616767883300781
20,20.234264,0.23426437377929688
20,20.00505,0.0050506591796875
20,19.9646,0.035400390625
20,19.804464,0.19553565979003906
20,19.825089,0.1749114990234375
20,19.645802,0.3541984558105469
20,19.564365,0.4356346130371094
20,19.338493,0.6615066528320312
20,19.317745,0.6822547912597656
20,19.255043,0.7449569702148438
20,19.201366,0.7986335754394531
20,19.048176,0.9518241882324219
20,19.056118,0.9438819885253906
20,18.957838,1.0421619415283203
20,18.740189,1.2598114013671875
20,19.286575,0.7134246826171875
20,19.145088,0.8549118041992188
20,20.399168,0.3991680145263672
20,20.419985,0.4199848175048828
20,21.072836,1.072835922241211
20,20.8686,0.8686008453369141
20,21.440813,1.4408130645751953
20,20.680359,0.68035888671875
20,20.859974,0.8599739074707031
20,20.137558,0.1375579833984375
20,19.82507,0.17493057250976562
20,19.434053,0.5659465789794922
20,19.438646,0.5613536834716797
20,18.9085,1.0914993286132812
20,19.347057,0.6529426574707031
20,18.638973,1.3610267639160156
20,18.67875,1.3212509155273438
20,18.279478,1.7205219268798828
20,18.225819,1.7741813659667969
20,18.016403,1.9835968017578125
20,18.093895,1.9061050415039062
20,18.088478,1.9115219116210938
20,18.40733,1.5926704406738281
20,18.314342,1.6856575012207031
20,18.452059,1.5479412078857422
20,18.31552,1.6844806671142578
20,18.435665,1.5643348693847656
20,18.358553,1.6414470672607422
20,18.496187,1.5038127899169922
20,18.54953,1.450469970703125
20,18.701,1.2989997863769531
20,18.683205,1.3167953491210938
20,18.85808,1.1419200897216797
20,18.838848,1.1611518859863281
20,19.338078,0.6619224548339844
20,19.60564,0.3943595886230469
20,19.591217,0.408782958984375
20,19.487843,0.5121574401855469
20,18.719593,1.2804069519042969
20,18.935154,1.0648460388183594
20,18.629667,1.3703327178955078
20,19.080997,0.9190025329589844
20,19.335613,0.6643867492675781
20,19.493408,0.506591796875
20,18.743423,1.2565765380859375
20,19.44012,0.5598793029785156
20,18.934145,1.0658550262451172
20,19.41824,0.5817604064941406
20,18.198685,1.8013153076171875
20,18.943527,1.0564727783203125
20,17.836285,2.163715362548828
20,18.608257,1.3917427062988281
20,18.656984,1.3430156707763672
20,18.760532,1.2394676208496094
20,18.30198,1.6980209350585938
20,18.474384,1.5256156921386719
20,18.226343,1.7736568450927734
20,18.222385,1.7776145935058594
20,18.059263,1.9407367706298828
20,18.80121,1.1987895965576172
20,18.48486,1.5151405334472656
20,19.04786,0.9521408081054688
20,19.004816,0.9951839447021484
20,19.12462,0.8753795623779297
20,18.858093,1.14190673828125
20,18.876661,1.1233386993408203
20,18.741117,1.2588825225830078
20,18.766155,1.2338447570800781
20,18.594597,1.4054031372070312
20,19.010332,0.9896678924560547
20,18.92738,1.0726203918457031
20,19.390032,0.6099681854248047
20,19.633839,0.3661613464355469
20,19.652962,0.34703826904296875
20,19.329584,0.6704158782958984
20,19.365612,0.6343879699707031
20,19.169792,0.8302078247070312
20,18.890995,1.1090049743652344
20,18.885914,1.1140861511230469
20,19.109661,0.8903388977050781
20,18.816025,1.1839752197265625
20,19.47817,0.5218296051025391
20,20.275,0.27499961853027344
20,20.27245,0.2724494934082031
20,19.583305,0.41669464111328125
20,19.523506,0.47649383544921875
20,18.83311,1.1668891906738281
20,19.33062,0.6693801879882812
20,18.97146,1.0285396575927734
20,19.478672,0.5213279724121094
20,19.130589,0.8694114685058594
20,19.819313,0.18068695068359375
20,19.813864,0.18613624572753906
20,19.868237,0.13176345825195312
20,20.295,0.2950000762939453
20,20.085114,0.085113525390625
20,20.08458,0.0845794677734375
20,19.901379,0.09862136840820312
20,20.24932,0.24931907653808594
20,19.908852,0.09114837646484375
20,19.864758,0.13524246215820312
20,20.126755,0.1267547607421875
20,20.666273,0.6662731170654297
20,20.638073,0.6380729675292969
20,20.23108,0.2310791015625
20,20.032608,0.0326080322265625
20,19.768517,0.23148345947265625
20,20.4464,0.4463996887207031
20,20.76886,0.76885986328125
20,24.096836,4.096836090087891
20,24.776445,4.776445388793945
20,26.226612,6.226612091064453
20,24.348179,4.348178863525391
20,25.17657,5.176570892333984
20,23.860363,3.860363006591797
20,23.753265,3.753265380859375
20,23.52668,3.5266799926757812
20,23.96542,3.9654197692871094
20,24.66293,4.662929534912109
20,24.059559,4.059558868408203
20,24.211351,4.21135139465332
20,22.609137,2.6091365814208984
20,23.59997,3.5999698638916016
19,22.609217,3.6092166900634766
19,21.907383,2.9073829650878906
19,21.225014,2.2250137329101562
19,21.912039,2.912038803100586
19,19.819168,0.8191680908203125
19,21.229172,2.2291717529296875
19,19.810108,0.8101081848144531
19,20.968449,1.9684486389160156
19,20.094484,1.0944843292236328
19,20.805569,1.8055686950683594
19,20.290657,1.2906570434570312
19,20.691463,1.6914634704589844
19,20.316545,1.3165454864501953
19,20.685581,1.6855812072753906
19,20.474268,1.4742679595947266
19,20.704693,1.7046928405761719
19,20.524208,1.5242080688476562
19,20.6363,1.6362991333007812
19,20.460224,1.4602241516113281
19,20.459951,1.459951400756836
19,20.279148,1.2791481018066406
19,20.243359,1.2433586120605469
19,20.044388,1.0443878173828125
19,19.984386,0.9843864440917969
19,19.81372,0.813720703125
19,19.750385,0.7503852844238281
19,19.587975,0.5879745483398438
19,19.603281,0.6032810211181641
19,19.598396,0.5983963012695312
19,19.61044,0.6104393005371094
19,19.54429,0.5442905426025391
19,19.467361,0.4673614501953125
19,19.40921,0.409210205078125
19,19.342476,0.34247589111328125
19,19.340096,0.34009552001953125
19,19.293644,0.2936439514160156
19,19.309814,0.309814453125
19,19.306149,0.3061485290527344
19,19.33068,0.33068084716796875
19,19.366602,0.36660194396972656
19,19.354795,0.3547954559326172
19,19.398645,0.39864540100097656
19,19.384111,0.3841114044189453
19,19.41802,0.41802024841308594
19,19.395636,0.39563560485839844
19,19.415436,0.415435791015625
19,19.4063,0.4062995910644531
19,19.431528,0.43152809143066406
19,19.440487,0.4404869079589844
19,19.460922,0.4609222412109375
19,19.474506,0.4745063781738281
19,19.513107,0.5131072998046875
19,19.526505,0.5265045166015625
19,19.537472,0.5374717712402344
19,19.564095,0.5640945434570312
19,19.546188,0.5461883544921875
19,19.556475,0.5564746856689453
19,19.53589,0.5358905792236328
19,19.549524,0.5495243072509766
19,19.60678,0.6067790985107422
19,19.59906,0.59906005859375
19,19.643131,0.6431312561035156
19,19.637465,0.6374645233154297
19,19.628504,0.6285037994384766
19,19.65773,0.6577301025390625
19,19.661186,0.6611862182617188
19,19.694708,0.6947078704833984
19,19.671944,0.6719436645507812
19,19.76826,0.7682590484619141
19,19.76789,0.7678909301757812
19,19.840015,0.8400154113769531
19,19.76955,0.7695503234863281
19,19.75698,0.7569808959960938
19,19.700134,0.70013427734375
19,19.729136,0.7291355133056641
19,19.644238,0.6442375183105469
19,19.61281,0.6128101348876953
19,19.493374,0.4933738708496094
19,19.451149,0.45114898681640625
19,19.273808,0.2738075256347656
19,19.294664,0.2946643829345703
19,19.191963,0.19196319580078125
19,19.237003,0.23700332641601562
19,19.068182,0.06818199157714844
19,19.011265,0.011264801025390625
19,18.840889,0.15911102294921875
19,18.693695,0.306304931640625
19,18.495914,0.5040855407714844
19,18.477358,0.5226421356201172
19,18.59056,0.4094390869140625
19,18.512295,0.4877052307128906
19,18.537529,0.46247100830078125
19,18.92144,0.07855987548828125
19,18.787783,0.2122173309326172
19,18.813208,0.18679237365722656
19,18.757418,0.2425823211669922
19,18.566746,0.4332542419433594
19,18.494946,0.5050544738769531
19,18.660656,0.3393440246582031
19,18.566402,0.4335975646972656
19,18.683182,0.3168182373046875
19,18.598541,0.401458740234375
19,18.67423,0.32576942443847656
19,18.939194,0.0608062744140625
19,18.953396,0.046604156494140625
19,18.860352,0.1396484375
19,18.901588,0.09841156005859375
19,18.952213,0.047786712646484375
19,18.766994,0.23300552368164062
19,18.63514,0.36486053466796875
19,18.655136,0.3448638916015625
19,18.352057,0.6479434967041016
19,18.375597,0.6244029998779297
19,18.314838,0.6851615905761719
19,18.467861,0.5321388244628906
19,18.554718,0.445281982421875
19,18.688194,0.31180572509765625
19,18.763947,0.236053466796875
19,18.793186,0.20681381225585938
19,18.695454,0.3045463562011719
19,18.743858,0.25614166259765625
19,18.836039,0.16396141052246094
19,18.624733,0.37526702880859375
19,18.261581,0.7384185791015625
19,18.477047,0.5229530334472656
19,18.430153,0.5698471069335938
19,18.671144,0.3288555145263672
19,18.481169,0.5188312530517578
19,18.551071,0.4489288330078125
19,18.574444,0.4255561828613281
19,18.93377,0.06623077392578125
19,18.808489,0.1915111541748047
19,18.802402,0.19759750366210938
19,18.542622,0.4573783874511719
19,18.678745,0.3212547302246094
19,18.467802,0.5321979522705078
19,18.4805,0.519500732421875
19,18.542818,0.4571819305419922
19,18.726536,0.2734642028808594
19,18.665659,0.33434104919433594
19,18.560131,0.4398689270019531
19,18.610718,0.3892822265625
19,18.53764,0.4623603820800781
19,18.539194,0.46080589294433594
19,18.446114,0.5538864135742188
19,18.390228,0.609771728515625
19,18.21109,0.788909912109375
19,18.317379,0.6826210021972656
19,18.474747,0.5252532958984375
19,18.392208,0.6077919006347656
19,18.373796,0.6262035369873047
19,18.401276,0.598724365234375
19,18.338715,0.661285400390625
19,18.290054,0.7099456787109375
19,18.391312,0.6086883544921875
19,18.57685,0.42314910888671875
19,18.645134,0.35486602783203125
19,18.485376,0.5146236419677734
19,18.38532,0.6146793365478516
19,18.376726,0.6232738494873047
19,18.415718,0.5842819213867188
19,18.495773,0.5042266845703125
19,18.40218,0.5978202819824219
19,18.430294,0.5697059631347656
19,18.463017,0.5369834899902344
19,18.593801,0.40619850158691406
19,18.429176,0.5708236694335938
19,18.423237,0.5767631530761719
19,18.44506,0.5549392700195312
19,18.32482,0.6751804351806641
19,18.252195,0.7478046417236328
19,18.430782,0.5692176818847656
19,18.445341,0.5546588897705078
19,18.43992,0.5600795745849609
19,18.321766,0.6782341003417969
19,18.294453,0.7055473327636719
19,18.27349,0.7265090942382812
19,18.510113,0.4898872375488281
19,18.634506,0.3654937744140625
19,18.944397,0.05560302734375
19,19.10117,0.10116958618164062
19,18.996647,0.003353118896484375
19,19.074347,0.07434654235839844
19,18.911144,0.08885574340820312
19,18.941353,0.05864715576171875
19,18.826256,0.17374420166015625
19,19.16579,0.16579055786132812
19,18.800674,0.1993255615234375
19,18.803736,0.19626426696777344
19,18.695988,0.3040122985839844
19,18.81811,0.18189048767089844
19,18.652681,0.3473186492919922
19,18.593142,0.4068584442138672
19,18.178638,0.8213615417480469
19,18.247889,0.7521114349365234
19,18.361155,0.6388454437255859
19,18.455614,0.5443859100341797
19,18.598099,0.4019012451171875
19,18.873737,0.12626266479492188
19,18.75609,0.2439098358154297
19,19.014503,0.01450347900390625
19,18.889946,0.11005401611328125
19,18.70508,0.2949199676513672
19,18.575466,0.4245338439941406
19,18.717052,0.2829475402832031
19,18.725277,0.2747230529785156
19,18.803896,0.1961040496826172
19,18.718235,0.2817649841308594
19,18.805466,0.1945343017578125
19,18.742971,0.25702857971191406
19,18.843246,0.1567535400390625
19,18.818424,0.18157577514648438
19,18.855526,0.14447402954101562
19,18.892067,0.10793304443359375
19,18.981724,0.018276214599609375
19,18.80777,0.192230224609375
19,18.733767,0.2662334442138672
19,18.665018,0.33498191833496094
19,18.672062,0.3279380798339844
19,18.611607,0.3883934020996094
19,18.993664,0.006336212158203125
19,19.06357,0.06357002258300781
19,18.564556,0.4354438781738281
19,18.518652,0.48134803771972656
19,18.748768,0.2512321472167969
19,19.354164,0.35416412353515625
19,18.674335,0.3256645202636719
19,19.667057,0.6670570373535156
19,19.313572,0.3135719299316406
19,19.25914,0.2591400146484375
19,18.775549,0.22445106506347656
19,18.807684,0.19231605529785156
19,18.451582,0.5484180450439453
19,18.434343,0.5656566619873047
19,18.73462,0.265380859375
19,18.818491,0.18150901794433594
19,18.542055,0.4579448699951172
19,18.436514,0.5634860992431641
19,18.551283,0.4487171173095703
19,18.892998,0.10700225830078125
19,19.009796,0.009796142578125
19,19.16163,0.16163063049316406
19,19.051517,0.051517486572265625
19,18.916355,0.08364486694335938
19,19.054134,0.054134368896484375
19,19.186237,0.18623733520507812
19,19.120754,0.12075424194335938
19,19.478626,0.4786262512207031
19,19.508694,0.5086936950683594
19,19.713001,0.7130012512207031
19,19.832851,0.8328514099121094
19,19.886595,0.8865947723388672
19,20.369995,1.3699951171875
19,19.915068,0.9150676727294922
19,19.760275,0.7602748870849609
19,19.270147,0.27014732360839844
19,18.936176,0.06382369995117188
19,18.919075,0.08092498779296875
19,18.866676,0.13332366943359375
19,18.706469,0.2935314178466797
19,18.460922,0.5390777587890625
19,18.257154,0.7428455352783203
19,18.343899,0.6561012268066406
19,18.352257,0.6477432250976562
19,18.407866,0.5921344757080078
19,18.263023,0.7369766235351562
19,18.455868,0.5441322326660156
19,18.664495,0.33550453186035156
19,18.88139,0.11861038208007812
19,19.128212,0.12821197509765625
19,19.54538,0.545379638671875
19,19.636187,0.6361865997314453
19,19.775612,0.7756118774414062
19,20.16,1.1599998474121094
19,19.94253,0.9425296783447266
19,20.691368,1.6913681030273438
18,20.48386,2.4838600158691406
18,20.036583,2.0365829467773438
18,20.3737,2.373699188232422
18,21.242535,3.242534637451172
18,19.923374,1.9233741760253906
18,21.140144,3.1401443481445312
18,19.784748,1.7847480773925781
18,20.766987,2.766986846923828
18,19.695562,1.6955623626708984
18,20.267662,2.2676620483398438
18,19.523201,1.5232009887695312
18,19.795582,1.7955818176269531
18,19.224808,1.2248077392578125
18,19.400303,1.4003028869628906
18,19.017654,1.0176544189453125
18,19.081448,1.0814476013183594
18,18.789482,0.7894821166992188
18,18.805958,0.8059577941894531
18,18.45152,0.4515209197998047
18,18.488312,0.488311767578125
18,18.176132,0.1761322021484375
18,18.204445,0.20444488525390625
18,17.948303,0.05169677734375
18,17.963871,0.036128997802734375
18,17.782898,0.21710205078125
18,17.78799,0.21200942993164062
18,17.653257,0.3467426300048828
18,17.684196,0.31580352783203125
18,17.612728,0.3872718811035156
18,17.646366,0.3536338806152344
18,17.60186,0.39813995361328125
18,17.574688,0.4253120422363281
18,17.575819,0.4241809844970703
18,17.58858,0.4114208221435547
18,17.605183,0.3948173522949219
18,17.620178,0.37982177734375
18,17.648066,0.35193443298339844
18,17.67146,0.3285408020019531
18,17.684418,0.315582275390625
18,17.710268,0.2897319793701172
18,17.762737,0.23726272583007812
18,17.848381,0.15161895751953125
18,17.857288,0.14271163940429688
18,17.904085,0.09591484069824219
18,17.907269,0.09273147583007812
18,17.936104,0.06389617919921875
18,17.959412,0.04058837890625
18,17.939175,0.060825347900390625
18,17.948288,0.0517120361328125
18,17.902334,0.09766578674316406
18,17.839493,0.1605072021484375
18,17.851185,0.14881515502929688
18,17.82868,0.17131996154785156
18,17.910465,0.08953475952148438
18,17.886707,0.11329269409179688
18,17.945549,0.05445098876953125
18,17.915615,0.08438491821289062
18,17.955536,0.044464111328125
18,17.942738,0.057262420654296875
18,17.991512,0.008487701416015625
18,18.0056,0.0055999755859375
18,18.05137,0.05137062072753906
18,18.086935,0.08693504333496094
18,18.118984,0.11898422241210938
18,18.193811,0.19381141662597656
18,18.226595,0.2265949249267578
18,18.310154,0.3101539611816406
18,18.213991,0.2139911651611328
18,18.155783,0.15578269958496094
18,18.077282,0.07728195190429688
18,18.114775,0.11477470397949219
18,18.210653,0.21065330505371094
18,17.944782,0.055217742919921875
18,17.626135,0.37386512756347656
18,17.321802,0.6781978607177734
18,17.156225,0.8437747955322266
18,17.018476,0.9815235137939453
18,16.95055,1.0494499206542969
18,16.68465,1.3153495788574219
18,16.616264,1.3837356567382812
18,16.566277,1.4337234497070312
18,16.849632,1.1503677368164062
18,16.943546,1.0564537048339844
18,17.124893,0.8751068115234375
18,17.127594,0.872406005859375
18,17.190369,0.80963134765625
18,17.16399,0.8360099792480469
18,17.229889,0.770111083984375
18,17.233799,0.7662010192871094
18,17.296852,0.7031478881835938
18,17.261889,0.7381114959716797
18,17.262287,0.7377128601074219
18,17.211405,0.7885951995849609
18,17.195858,0.8041419982910156
18,17.106602,0.8933982849121094
18,17.128094,0.8719062805175781
18,17.117683,0.8823165893554688
18,17.311575,0.6884250640869141
18,17.415775,0.5842247009277344
18,17.446308,0.5536918640136719
18,17.494719,0.5052814483642578
18,17.785522,0.2144775390625
18,18.010345,0.010345458984375
18,17.886654,0.11334609985351562
18,18.026417,0.026416778564453125
18,17.875404,0.12459564208984375
18,18.156971,0.15697097778320312
18,17.934904,0.06509590148925781
18,18.259233,0.2592334747314453
18,18.390732,0.3907318115234375
18,18.729347,0.7293472290039062
18,18.624092,0.6240921020507812
18,18.668625,0.6686248779296875
18,18.753502,0.7535018920898438
18,18.940157,0.9401569366455078
18,18.938286,0.9382858276367188
18,19.135185,1.1351852416992188
18,19.085278,1.0852775573730469
18,18.925953,0.9259529113769531
18,18.76487,0.7648696899414062
18,18.836998,0.8369979858398438
18,18.735367,0.7353668212890625
18,18.78277,0.7827701568603516
18,18.854902,0.8549022674560547
18,18.895472,0.8954715728759766
18,18.86819,0.8681907653808594
18,19.073338,1.0733375549316406
18,19.177458,1.1774578094482422
18,19.116898,1.1168975830078125
18,19.08514,1.0851402282714844
18,18.880703,0.8807029724121094
18,18.860771,0.8607711791992188
18,18.758448,0.7584476470947266
18,18.956375,0.9563751220703125
18,18.876255,0.8762550354003906
18,19.048464,1.0484638214111328
18,19.128235,1.12823486328125
18,18.925121,0.9251213073730469
18,18.913174,0.9131736755371094
18,18.813105,0.8131046295166016
18,18.795761,0.7957611083984375
18,18.701355,0.70135498046875
18,18.752893,0.7528934478759766
18,18.573648,0.5736484527587891
18,18.567429,0.5674285888671875
18,18.583431,0.5834312438964844
18,18.838116,0.8381156921386719
18,18.8368,0.8367996215820312
18,18.646255,0.6462554931640625
18,18.956343,0.9563426971435547
18,18.804844,0.8048439025878906
18,18.785976,0.7859764099121094
18,18.72025,0.7202491760253906
18,18.786457,0.7864570617675781
18,18.68109,0.6810894012451172
18,18.699598,0.6995983123779297
18,18.916138,0.9161376953125
18,18.844084,0.8440837860107422
18,18.675549,0.6755485534667969
18,18.525116,0.525115966796875
18,18.900913,0.9009132385253906
18,19.024506,1.024505615234375
18,19.276844,1.2768440246582031
18,19.562353,1.5623531341552734
18,19.674046,1.6740455627441406
18,19.80007,1.800069808959961
18,19.896576,1.896575927734375
18,19.537231,1.5372314453125
18,19.33654,1.3365402221679688
18,19.299564,1.2995643615722656
18,19.248993,1.248992919921875
18,19.098932,1.0989322662353516
18,19.134182,1.1341819763183594
18,19.144836,1.14483642578125
18,19.092293,1.0922927856445312
18,19.094772,1.0947723388671875
18,18.983212,0.9832115173339844
18,18.880737,0.8807373046875
18,18.931713,0.9317131042480469
18,18.835794,0.8357944488525391
18,18.794653,0.7946529388427734
18,18.801676,0.8016757965087891
18,18.927504,0.9275035858154297
18,18.647934,0.6479339599609375
18,18.668072,0.6680717468261719
18,18.26712,0.267120361328125
18,18.44957,0.4495697021484375
18,18.574306,0.5743064880371094
18,18.61782,0.6178207397460938
18,18.65648,0.6564807891845703
18,18.994444,0.9944438934326172
18,18.549501,0.5495014190673828
18,18.94811,0.9481105804443359
18,19.574173,1.5741729736328125
18,19.935104,1.9351043701171875
18,19.487673,1.4876728057861328
18,20.250423,2.2504234313964844
18,20.223976,2.2239761352539062
18,20.260418,2.260417938232422
18,19.38509,1.3850898742675781
18,18.721813,0.7218132019042969
18,18.009161,0.009160995483398438
18,17.587051,0.4129486083984375
18,17.356073,0.6439266204833984
18,17.56482,0.4351806640625
18,17.660875,0.3391246795654297
18,17.86317,0.13682937622070312
18,17.561104,0.43889617919921875
18,17.702677,0.29732322692871094
18,17.02162,0.9783802032470703
18,16.830809,1.1691913604736328
18,17.205643,0.7943572998046875
18,17.643751,0.3562488555908203
18,18.2794,0.2793998718261719
18,18.881788,0.8817882537841797
18,18.758377,0.7583770751953125
18,19.169827,1.1698265075683594
18,19.532341,1.5323410034179688
18,19.809347,1.809347152709961
18,20.218979,2.2189788818359375
18,20.779781,2.7797813415527344
18,20.961903,2.961902618408203
18,20.995922,2.995922088623047
18,21.016033,3.016033172607422
18,20.698254,2.698253631591797
18,20.467607,2.4676074981689453
18,19.952091,1.9520912170410156
18,20.522854,2.5228538513183594
18,20.89608,2.8960800170898438
18,21.371803,3.3718032836914062
18,21.168873,3.168872833251953
18,21.322594,3.3225936889648438
18,20.378183,2.378183364868164
18,20.628735,2.628734588623047
18,20.0649,2.064899444580078
18,20.317944,2.317943572998047
18,19.896862,1.8968620300292969
18,20.209938,2.2099380493164062
18,20.026976,2.026975631713867
18,20.552406,2.5524063110351562
18,20.635075,2.6350746154785156
18,21.45198,3.4519805908203125
18,21.383453,3.383453369140625
18,22.227615,4.2276153564453125
18,22.215088,4.215087890625
18,23.010122,5.010122299194336
18,23.09519,5.095190048217773
18,23.851345,5.851345062255859
18,24.288654,6.288654327392578
18,25.741062,7.741062164306641
18,25.290524,7.290523529052734
18,26.258034,8.258033752441406
17,25.806086,8.806085586547852
17,25.8209,8.820899963378906
17,25.297337,8.29733657836914
17,26.06791,9.067909240722656
17,23.333565,6.333564758300781
17,23.284672,6.284671783447266
17,20.015717,3.015716552734375
17,20.358562,3.358562469482422
17,18.597418,1.5974178314208984
17,19.15131,2.1513099670410156
17,18.243881,1.2438812255859375
17,18.652384,1.652383804321289
17,18.211716,1.2117156982421875
17,18.463888,1.463888168334961
17,18.118761,1.1187610626220703
17,18.286182,1.2861824035644531
17,17.999142,0.9991416931152344
17,18.009007,1.0090065002441406
17,17.694992,0.6949920654296875
17,17.705875,0.7058753967285156
17,17.485899,0.4858989715576172
17,17.500347,0.5003471374511719
17,17.386257,0.3862571716308594
17,17.366571,0.36657142639160156
17,17.282146,0.2821464538574219
17,17.2424,0.2423992156982422
17,17.19854,0.19853973388671875
17,17.19329,0.19329071044921875
17,17.217854,0.21785354614257812
17,17.200989,0.20098876953125
17,17.158115,0.15811538696289062
17,17.117151,0.11715126037597656
17,17.131119,0.1311187744140625
17,17.127659,0.12765884399414062
17,17.175186,0.1751861572265625
17,17.194956,0.19495582580566406
17,17.126293,0.12629318237304688
17,17.161282,0.16128158569335938
17,17.105965,0.10596466064453125
17,17.203789,0.20378875732421875
17,17.158195,0.15819549560546875
17,17.18916,0.18915939331054688
17,17.205576,0.20557594299316406
17,17.264156,0.2641563415527344
17,17.326565,0.3265647888183594
17,17.39421,0.3942108154296875
17,17.429401,0.4294013977050781
17,17.485077,0.485076904296875
17,17.502361,0.5023612976074219
17,17.546238,0.5462379455566406
17,17.552927,0.5529270172119141
17,17.584303,0.5843029022216797
17,17.612835,0.6128349304199219
17,17.637814,0.6378135681152344
17,17.646824,0.6468238830566406
17,17.668335,0.6683349609375
17,17.68071,0.6807098388671875
17,17.700764,0.7007637023925781
17,17.68801,0.6880092620849609
17,17.71378,0.7137794494628906
17,17.692497,0.6924972534179688
17,17.702015,0.7020149230957031
17,17.6716,0.671600341796875
17,17.664665,0.6646652221679688
17,17.650442,0.6504421234130859
17,17.660034,0.6600341796875
17,17.6396,0.6396007537841797
17,17.654062,0.6540622711181641
17,17.656258,0.6562576293945312
17,17.67831,0.6783103942871094
17,17.671734,0.6717338562011719
17,17.68107,0.6810703277587891
17,17.648554,0.6485538482666016
17,17.651827,0.6518268585205078
17,17.665253,0.665252685546875
17,17.694502,0.6945018768310547
17,17.720198,0.7201976776123047
17,17.73504,0.7350406646728516
17,17.751308,0.7513084411621094
17,17.749882,0.7498817443847656
17,17.746334,0.7463340759277344
17,17.74002,0.740020751953125
17,17.74694,0.7469406127929688
17,17.771843,0.7718429565429688
17,17.77754,0.7775402069091797
17,17.796453,0.7964534759521484
17,17.776632,0.7766323089599609
17,17.774765,0.7747650146484375
17,17.74635,0.7463493347167969
17,17.760918,0.7609176635742188
17,17.737411,0.7374114990234375
17,17.732323,0.7323226928710938
17,17.55346,0.5534591674804688
17,17.316391,0.3163909912109375
17,17.161392,0.1613922119140625
17,16.870907,0.12909317016601562
17,16.779198,0.22080230712890625
17,16.820412,0.17958831787109375
17,16.770113,0.2298870086669922
17,16.759535,0.2404651641845703
17,16.682465,0.317535400390625
17,16.705336,0.2946643829345703
17,16.613697,0.3863029479980469
17,16.738682,0.2613182067871094
17,16.705112,0.2948875427246094
17,16.772205,0.22779464721679688
17,16.71941,0.2805900573730469
17,16.711578,0.288421630859375
17,16.679483,0.32051658630371094
17,16.678974,0.3210258483886719
17,16.626476,0.3735237121582031
17,16.577461,0.42253875732421875
17,16.520607,0.47939300537109375
17,16.561228,0.43877220153808594
17,16.528328,0.47167205810546875
17,16.570642,0.42935752868652344
17,16.534086,0.4659137725830078
17,16.511929,0.4880714416503906
17,16.508446,0.49155426025390625
17,16.560919,0.43908119201660156
17,16.581974,0.4180259704589844
17,16.641958,0.35804176330566406
17,16.480618,0.5193824768066406
17,16.49002,0.509979248046875
17,16.441418,0.5585823059082031
17,16.51387,0.4861297607421875
17,16.483257,0.5167427062988281
17,16.597874,0.4021263122558594
17,16.441832,0.5581684112548828
17,16.53685,0.4631500244140625
17,16.34272,0.6572799682617188
17,16.476871,0.5231285095214844
17,16.479527,0.5204734802246094
17,16.45025,0.5497493743896484
17,16.417576,0.5824241638183594
17,16.385368,0.6146316528320312
17,16.40612,0.5938796997070312
17,16.47016,0.5298404693603516
17,16.468403,0.5315971374511719
17,16.537172,0.4628276824951172
17,16.601559,0.3984413146972656
17,16.68039,0.319610595703125
17,16.72571,0.2742900848388672
17,16.734436,0.26556396484375
17,16.705784,0.2942161560058594
17,16.694204,0.30579566955566406
17,16.606247,0.3937530517578125
17,16.652475,0.34752464294433594
17,16.666481,0.33351898193359375
17,16.67333,0.32666969299316406
17,16.622744,0.3772563934326172
17,16.588123,0.4118766784667969
17,16.530975,0.469024658203125
17,16.55497,0.44503021240234375
17,16.528858,0.4711418151855469
17,16.501934,0.4980659484863281
17,16.433949,0.5660514831542969
17,16.354164,0.6458358764648438
17,16.456543,0.54345703125
17,16.49075,0.5092506408691406
17,16.453957,0.5460433959960938
17,16.460714,0.5392856597900391
17,16.436,0.5639991760253906
17,17.781149,0.7811489105224609
17,17.708826,0.7088260650634766
17,17.941736,0.9417362213134766
17,18.01492,1.0149192810058594
17,18.839262,1.8392620086669922
17,18.801579,1.8015785217285156
17,18.919422,1.9194221496582031
17,18.74402,1.7440204620361328
17,18.85293,1.8529300689697266
17,18.866516,1.86651611328125
17,18.97335,1.9733505249023438
17,18.959835,1.9598350524902344
17,19.099987,2.099987030029297
17,18.923922,1.9239215850830078
17,19.186047,2.186046600341797
17,18.973316,1.9733161926269531
17,19.196377,2.1963768005371094
17,18.917755,1.917755126953125
17,19.165585,2.1655845642089844
17,19.178242,2.178241729736328
17,19.491945,2.491945266723633
17,19.323616,2.3236160278320312
17,19.783209,2.7832088470458984
17,20.100178,3.100177764892578
17,20.24411,3.244110107421875
17,20.250223,3.250223159790039
17,20.979881,3.9798812866210938
17,21.19562,4.195619583129883
17,21.200401,4.200401306152344
17,21.202526,4.202526092529297
17,20.790447,3.790447235107422
17,21.165142,4.165142059326172
17,20.969875,3.9698753356933594
17,21.29802,4.2980194091796875
17,21.470387,4.470386505126953
17,21.19738,4.197380065917969
17,19.97419,2.9741897583007812
17,19.63121,2.6312103271484375
17,19.751907,2.7519073486328125
17,19.919338,2.9193382263183594
17,19.697113,2.697113037109375
16,18.63926,2.6392593383789062
16,18.877728,2.877727508544922
16,18.705994,2.70599365234375
16,20.419601,4.4196014404296875
16,18.767857,2.7678565979003906
16,19.592352,3.5923519134521484
16,18.01915,2.0191497802734375
16,18.418787,2.4187870025634766
16,17.568394,1.5683937072753906
16,17.81509,1.8150901794433594
16,17.370186,1.3701858520507812
16,16.667389,0.667388916015625
16,15.802091,0.19790935516357422
16,14.629419,1.3705806732177734
16,14.653721,1.3462791442871094
16,15.149067,0.8509330749511719
16,15.236115,0.7638845443725586
16,15.410605,0.5893945693969727
16,15.495607,0.5043926239013672
16,15.639829,0.3601713180541992
16,15.755842,0.2441577911376953
16,15.2029505,0.7970495223999023
16,14.551311,1.4486894607543945
16,14.921194,1.078805923461914
16,14.937976,1.0620241165161133
16,15.845623,0.15437698364257812
16,16.71098,0.7109794616699219
16,16.373844,0.3738441467285156
16,16.12144,0.12144088745117188
16,16.527822,0.5278224945068359
16,15.615867,0.38413333892822266
16,15.6991415,0.3008584976196289
16,15.228983,0.7710170745849609
16,15.330712,0.6692876815795898
16,15.156212,0.8437881469726562
16,15.2081175,0.7918825149536133
16,15.220508,0.7794923782348633
16,15.283885,0.7161149978637695
16,15.341329,0.6586713790893555
16,15.459141,0.5408592224121094
16,15.600265,0.3997354507446289
16,15.662833,0.33716678619384766
16,15.752515,0.24748516082763672
16,15.541925,0.45807456970214844
16,15.256503,0.7434968948364258
16,15.314046,0.6859540939331055
16,15.282767,0.7172327041625977
16,15.533175,0.4668245315551758
16,15.460467,0.5395326614379883
16,15.740443,0.25955677032470703
16,15.763733,0.23626708984375
16,16.031637,0.03163719177246094
16,15.975642,0.02435779571533203
16,16.219084,0.2190837860107422
16,16.163996,0.16399574279785156
16,16.339203,0.339202880859375
16,16.269444,0.2694435119628906
16,16.426617,0.4266166687011719
16,16.370747,0.3707466125488281
16,16.494278,0.4942779541015625
16,16.452625,0.4526252746582031
16,16.568878,0.568878173828125
16,16.515194,0.5151939392089844
16,16.620342,0.6203422546386719
16,16.566227,0.5662269592285156
16,16.668932,0.6689319610595703
16,16.612907,0.6129074096679688
16,16.649094,0.6490936279296875
16,16.56874,0.5687408447265625
16,16.56549,0.56549072265625
16,16.431162,0.43116188049316406
16,16.473095,0.4730949401855469
16,16.438675,0.4386749267578125
16,16.372032,0.37203216552734375
16,16.277168,0.27716827392578125
16,16.273273,0.2732734680175781
16,16.227509,0.227508544921875
16,16.25353,0.25353050231933594
16,16.155064,0.15506362915039062
16,16.09916,0.09915924072265625
16,16.027119,0.027118682861328125
16,15.903739,0.09626102447509766
16,15.756016,0.24398422241210938
16,15.684082,0.31591796875
16,15.584567,0.4154329299926758
16,15.5134535,0.48654651641845703
16,15.354138,0.6458616256713867
16,15.321736,0.6782636642456055
16,15.21298,0.7870197296142578
16,15.1637335,0.8362665176391602
16,15.043614,0.956385612487793
16,15.020334,0.9796657562255859
16,14.940013,1.0599870681762695
16,14.92467,1.0753297805786133
16,14.922401,1.0775985717773438
16,14.954745,1.0452547073364258
16,14.932292,1.0677080154418945
16,14.910446,1.0895538330078125
16,14.900434,1.0995664596557617
16,14.916116,1.0838842391967773
16,14.95966,1.0403404235839844
16,15.056254,0.9437456130981445
16,15.135727,0.8642730712890625
16,15.228396,0.7716035842895508
16,15.295339,0.7046613693237305
16,15.390205,0.6097946166992188
16,15.491559,0.5084409713745117
16,15.620362,0.3796377182006836
16,15.774671,0.22532939910888672
16,15.901277,0.0987234115600586
16,15.947799,0.052201271057128906
16,15.912238,0.08776187896728516
16,15.984965,0.015034675598144531
16,15.938769,0.06123065948486328
16,16.013052,0.013051986694335938
16,16.19554,0.1955394744873047
16,16.46991,0.46990966796875
16,16.617548,0.6175479888916016
16,16.457106,0.4571056365966797
16,15.950013,0.049986839294433594
16,16.132835,0.13283538818359375
16,15.889567,0.11043262481689453
16,16.20149,0.2014904022216797
16,15.961897,0.03810310363769531
16,16.291292,0.2912921905517578
16,16.270878,0.2708778381347656
16,16.485676,0.4856758117675781
16,16.463688,0.4636878967285156
16,16.651222,0.6512222290039062
16,16.223658,0.22365760803222656
16,16.398079,0.39807891845703125
16,16.371906,0.3719062805175781
16,16.44954,0.4495391845703125
16,16.263714,0.2637138366699219
16,16.695984,0.69598388671875
16,16.5415,0.5415000915527344
16,16.793266,0.7932662963867188
16,16.589443,0.5894432067871094
16,16.768587,0.7685871124267578
16,16.468071,0.46807098388671875
16,16.503864,0.5038642883300781
16,16.384563,0.3845634460449219
16,16.594343,0.5943431854248047
16,16.393227,0.39322662353515625
16,16.570974,0.5709743499755859
16,16.550465,0.5504646301269531
16,16.780306,0.7803058624267578
16,16.701403,0.7014026641845703
16,17.05037,1.0503692626953125
16,16.703268,0.7032680511474609
16,16.947655,0.9476547241210938
16,16.662243,0.6622428894042969
16,16.910019,0.9100189208984375
16,16.649437,0.6494369506835938
16,16.98848,0.9884796142578125
16,16.761225,0.7612247467041016
16,16.714436,0.7144355773925781
16,16.760117,0.7601165771484375
16,16.632809,0.6328086853027344
16,16.654587,0.6545867919921875
16,16.63555,0.6355495452880859
16,16.574528,0.5745277404785156
16,16.66591,0.6659107208251953
16,16.500177,0.5001773834228516
16,16.395245,0.3952445983886719
16,16.696083,0.6960830688476562
16,16.59586,0.5958595275878906
16,16.866241,0.866241455078125
16,16.567743,0.5677433013916016
16,16.566639,0.5666389465332031
16,16.406029,0.40602874755859375
16,16.600283,0.6002826690673828
16,16.62424,0.6242408752441406
16,16.616257,0.6162567138671875
16,16.49242,0.4924201965332031
16,16.82414,0.8241405487060547
16,16.460012,0.46001243591308594
16,16.585669,0.5856685638427734
16,16.484865,0.4848651885986328
16,16.698593,0.6985931396484375
16,16.397354,0.3973541259765625
16,16.479668,0.47966766357421875
16,16.306168,0.3061676025390625
16,16.256172,0.25617218017578125
16,16.55272,0.5527191162109375
16,16.156834,0.15683364868164062
16,15.712189,0.287811279296875
16,16.779549,0.7795486450195312
16,16.856985,0.8569850921630859
16,16.527712,0.5277118682861328
16,16.365715,0.36571502685546875
16,16.105217,0.10521697998046875
16,16.294632,0.2946319580078125
16,16.668104,0.6681041717529297
16,16.880394,0.8803939819335938
16,17.010614,1.0106143951416016
16,15.8453045,0.1546955108642578
16,16.157782,0.15778160095214844
16,15.809292,0.19070816040039062
16,15.758685,0.24131488800048828
16,15.815027,0.18497276306152344
16,16.188772,0.18877220153808594
16,16.124754,0.12475395202636719
16,16.27412,0.2741203308105469
16,15.591102,0.40889835357666016
16,15.888233,0.11176681518554688
16,15.4758215,0.5241785049438477
16,15.273009,0.7269906997680664
16,15.212787,0.7872133255004883
16,15.324706,0.6752939224243164
16,15.181363,0.8186368942260742
16,15.595525,0.40447521209716797
16,15.731244,0.2687559127807617
16,16.097021,0.09702110290527344
16,16.40994,0.4099407196044922
16,14.630526,1.3694744110107422
16,15.045399,0.9546012878417969
16,14.819279,1.1807212829589844
16,14.913971,1.086029052734375
16,15.044334,0.9556655883789062
16,15.385649,0.6143512725830078
16,15.732188,0.26781177520751953
16,15.89364,0.10636043548583984
16,15.670091,0.3299093246459961
16,15.947881,0.05211925506591797
16,15.881626,0.11837387084960938
16,16.021042,0.0210418701171875
16,16.354454,0.35445404052734375
16,17.000256,1.0002555847167969
16,17.099697,1.0996971130371094
16,17.155556,1.1555557250976562
16,16.87127,0.8712692260742188
16,16.653301,0.6533012390136719
16,16.181297,0.18129730224609375
16,16.554499,0.5544986724853516
16,16.426844,0.42684364318847656
16,16.636017,0.636016845703125
16,16.303017,0.30301666259765625
16,16.634888,0.6348876953125
16,16.702917,0.7029170989990234
16,17.426432,1.426431655883789
16,17.183798,1.183797836303711
16,17.705553,1.7055530548095703
16,17.17086,1.1708602905273438
16,17.450731,1.4507312774658203
16,17.289791,1.2897911071777344
16,17.891294,1.8912944793701172
16,17.603157,1.6031570434570312
16,18.101582,2.101581573486328
16,18.180365,2.1803646087646484
16,17.778765,1.7787647247314453
16,19.126724,3.1267242431640625
16,19.270422,3.2704219818115234
15,19.407707,4.407707214355469
15,18.573154,3.5731544494628906
15,18.525326,3.5253257751464844
15,18.710842,3.7108421325683594
15,17.359589,2.359588623046875
15,18.262096,3.262096405029297
15,16.53574,1.5357398986816406
15,17.399464,2.399463653564453
15,16.322771,1.3227710723876953
15,17.07288,2.0728797912597656
15,16.434456,1.4344558715820312
15,16.90907,1.9090690612792969
15,16.43978,1.439779281616211
15,16.710287,1.710287094116211
15,16.397663,1.3976631164550781
15,16.549942,1.5499420166015625
15,16.287537,1.28753662109375
15,16.374989,1.3749885559082031
15,16.12488,1.1248798370361328
15,16.142603,1.1426029205322266
15,15.920684,0.9206838607788086
15,15.919107,0.9191074371337891
15,15.725788,0.7257881164550781
15,15.728585,0.7285852432250977
15,15.586732,0.5867319107055664
15,15.650794,0.6507940292358398
15,15.551954,0.5519542694091797
15,15.672893,0.6728925704956055
15,15.647425,0.6474246978759766
15,15.719253,0.7192525863647461
15,15.689119,0.6891193389892578
15,15.708407,0.7084074020385742
15,15.680384,0.6803836822509766
15,15.709371,0.7093706130981445
15,15.683818,0.6838178634643555
15,15.685118,0.6851177215576172
15,15.553868,0.553868293762207
15,15.372802,0.3728017807006836
15,15.261632,0.26163196563720703
15,14.943948,0.056052207946777344
15,14.78983,0.21016979217529297
15,14.749312,0.2506875991821289
15,14.7389145,0.26108551025390625
15,14.965514,0.034485816955566406
15,15.0334215,0.03342151641845703
15,15.252954,0.25295352935791016
15,15.27164,0.2716398239135742
15,15.355808,0.3558082580566406
15,15.312745,0.3127450942993164
15,15.374256,0.3742561340332031
15,15.321065,0.32106494903564453
15,15.37765,0.37765026092529297
15,15.321786,0.32178592681884766
15,15.372476,0.37247562408447266
15,15.319641,0.31964111328125
15,15.339236,0.3392362594604492
15,15.282098,0.28209781646728516
15,15.28563,0.2856302261352539
15,15.211018,0.21101760864257812
15,15.203721,0.2037210464477539
15,15.139651,0.13965129852294922
15,15.127712,0.12771224975585938
15,15.026802,0.02680206298828125
15,14.9562645,0.043735504150390625
15,14.840409,0.1595907211303711
15,14.767472,0.2325277328491211
15,14.639467,0.3605327606201172
15,14.510444,0.48955631256103516
15,14.480048,0.5199518203735352
15,14.478398,0.521601676940918
15,14.446197,0.5538034439086914
15,14.314892,0.6851081848144531
15,14.283342,0.7166576385498047
15,14.249571,0.7504291534423828
15,14.215544,0.7844562530517578
15,14.188857,0.8111429214477539
15,14.256108,0.743891716003418
15,14.2598505,0.7401494979858398
15,14.310617,0.6893825531005859
15,14.312399,0.6876010894775391
15,14.330733,0.6692667007446289
15,14.302284,0.6977157592773438
15,14.339628,0.6603717803955078
15,14.353131,0.6468687057495117
15,14.417983,0.5820169448852539
15,14.534207,0.4657926559448242
15,14.66512,0.33487987518310547
15,14.618985,0.3810148239135742
15,14.643107,0.35689258575439453
15,14.593931,0.4060688018798828
15,14.616459,0.3835411071777344
15,14.575861,0.42413902282714844
15,14.605831,0.3941688537597656
15,14.569134,0.4308662414550781
15,14.592843,0.40715694427490234
15,14.569386,0.4306144714355469
15,14.588739,0.41126060485839844
15,14.583028,0.41697216033935547
15,14.60081,0.39918994903564453
15,14.607738,0.39226245880126953
15,14.629096,0.37090396881103516
15,14.711528,0.28847217559814453
15,14.74811,0.2518901824951172
15,14.849404,0.15059566497802734
15,14.073428,0.9265718460083008
15,13.949155,1.0508451461791992
15,13.736051,1.2639493942260742
15,14.1253,0.874699592590332
15,13.613841,1.3861589431762695
15,14.510333,0.4896669387817383
15,14.050613,0.9493865966796875
15,14.439231,0.5607690811157227
15,14.2126665,0.7873334884643555
15,14.736878,0.2631216049194336
15,14.78177,0.2182302474975586
15,15.464243,0.46424293518066406
15,15.329036,0.32903575897216797
15,16.034294,1.0342941284179688
15,15.839578,0.8395776748657227
15,15.962575,0.9625749588012695
15,15.697289,0.6972894668579102
15,15.929713,0.929713249206543
15,15.6861105,0.6861104965209961
15,15.891951,0.8919506072998047
15,15.680737,0.6807365417480469
15,15.784858,0.7848577499389648
15,15.886007,0.8860073089599609
15,16.429186,1.4291858673095703
15,16.515545,1.5155448913574219
15,16.99651,1.9965095520019531
15,16.915241,1.9152412414550781
15,17.53029,2.5302906036376953
14,17.929901,3.929901123046875
14,17.506905,3.5069046020507812
14,17.843378,3.8433780670166016
14,17.686903,3.6869029998779297
14,16.691872,2.6918716430664062
14,17.233557,3.2335567474365234
14,15.920341,1.9203405380249023
14,16.415483,2.4154834747314453
14,15.47375,1.473750114440918
14,15.849532,1.849532127380371
14,15.167805,1.1678047180175781
14,15.419424,1.419424057006836
14,14.872151,0.8721513748168945
14,15.021602,1.021601676940918
14,14.65272,0.6527204513549805
14,14.755982,0.7559823989868164
14,14.400517,0.40051746368408203
14,14.510848,0.5108480453491211
14,14.201217,0.2012166976928711
14,14.290107,0.29010677337646484
14,14.05547,0.05547046661376953
14,14.068988,0.06898784637451172
14,13.894898,0.1051015853881836
14,13.881246,0.11875438690185547
14,13.720136,0.2798643112182617
14,13.708037,0.2919626235961914
14,13.426594,0.5734062194824219
14,13.5112,0.488800048828125
14,13.301037,0.6989631652832031
14,13.2570715,0.7429285049438477
14,12.840149,1.15985107421875
14,12.391633,1.6083669662475586
14,12.174703,1.8252973556518555
14,12.177579,1.8224210739135742
14,12.453019,1.546980857849121
14,12.829407,1.17059326171875
14,12.927716,1.0722837448120117
14,12.767549,1.2324514389038086
14,12.284766,1.7152338027954102
14,13.020583,0.9794168472290039
14,12.223926,1.7760744094848633
14,12.8047495,1.1952505111694336
14,12.354772,1.645228385925293
14,12.89126,1.1087398529052734
14,12.519189,1.4808111190795898
14,12.857461,1.1425390243530273
14,12.600062,1.399937629699707
14,12.907781,1.092219352722168
14,12.792592,1.2074079513549805
14,13.033663,0.9663372039794922
14,12.960298,1.0397024154663086
14,13.130955,0.8690452575683594
14,13.078887,0.9211130142211914
14,13.197797,0.8022031784057617
14,13.171518,0.8284816741943359
14,13.241348,0.7586517333984375
14,13.2133665,0.7866334915161133
14,13.251399,0.748600959777832
14,13.338283,0.661717414855957
14,13.478757,0.5212430953979492
14,13.5106,0.48939990997314453
14,13.597588,0.40241241455078125
14,13.540166,0.45983409881591797
14,13.622178,0.3778219223022461
14,13.583093,0.41690731048583984
14,13.602566,0.3974342346191406
14,13.571044,0.4289560317993164
14,13.622321,0.37767887115478516
14,13.619022,0.3809776306152344
14,13.626414,0.37358570098876953
14,13.55687,0.4431295394897461
14,13.516233,0.4837665557861328
14,13.435924,0.5640764236450195
14,13.341819,0.6581811904907227
14,13.288373,0.7116270065307617
14,13.21874,0.7812595367431641
14,13.17958,0.8204202651977539
14,13.13707,0.8629302978515625
14,13.112113,0.8878870010375977
14,13.0817175,0.9182825088500977
14,13.038718,0.9612817764282227
14,13.032064,0.9679355621337891
14,12.989484,1.0105161666870117
14,13.038312,0.9616880416870117
14,13.063163,0.9368371963500977
14,13.089398,0.9106016159057617
14,13.077378,0.9226217269897461
14,13.028794,0.9712057113647461
14,12.999124,1.0008764266967773
14,12.985151,1.0148487091064453
14,12.9790745,1.020925521850586
14,12.958506,1.041494369506836
14,12.964638,1.0353622436523438
14,12.945357,1.054642677307129
14,12.918239,1.081761360168457
14,12.883876,1.116124153137207
14,12.915321,1.0846786499023438
14,12.899966,1.1000337600708008
14,12.9157715,1.084228515625
14,12.863049,1.1369514465332031
14,12.914603,1.0853967666625977
14,12.960203,1.0397968292236328
14,13.0854025,0.9145975112915039
14,13.174354,0.8256464004516602
14,13.255459,0.7445411682128906
14,13.2290745,0.7709255218505859
14,13.083075,0.9169254302978516
14,12.961033,1.0389671325683594
14,12.796497,1.2035026550292969
14,12.677169,1.322831153869629
14,12.535999,1.4640007019042969
14,12.462846,1.537154197692871
14,12.342175,1.6578254699707031
14,12.335377,1.6646232604980469
14,12.254711,1.7452888488769531
14,12.271218,1.7287817001342773
14,12.238075,1.7619247436523438
14,12.318201,1.6817989349365234
14,12.372615,1.627385139465332
14,12.499293,1.500706672668457
14,12.509755,1.4902448654174805
14,12.499134,1.5008659362792969
14,12.559119,1.4408807754516602
14,12.613064,1.3869361877441406
14,12.747078,1.2529220581054688
14,12.82867,1.171330451965332
14,12.95881,1.0411901473999023
14,13.0709505,0.9290494918823242
14,13.199781,0.8002185821533203
14,13.255164,0.7448358535766602
14,13.138604,0.8613958358764648
14,13.1536665,0.8463335037231445
14,12.906321,1.093679428100586
14,12.92003,1.079970359802246
14,13.050897,0.9491033554077148
14,13.033874,0.9661264419555664
14,13.15536,0.844639778137207
14,13.205589,0.7944107055664062
14,13.299721,0.7002792358398438
14,13.207815,0.7921848297119141
14,13.275289,0.7247114181518555
14,13.17299,0.8270101547241211
14,13.264623,0.735377311706543
14,13.252725,0.7472753524780273
14,13.36971,0.6302900314331055
14,13.452477,0.5475225448608398
14,13.53826,0.46173954010009766
14,13.535241,0.46475887298583984
14,13.558624,0.441375732421875
14,13.5074415,0.49255847930908203
14,13.560332,0.4396677017211914
14,13.685341,0.31465911865234375
14,13.651914,0.3480863571166992
14,13.6057415,0.3942584991455078
14,13.501323,0.49867725372314453
14,13.528537,0.4714632034301758
14,13.487067,0.5129327774047852
14,13.51529,0.4847097396850586
14,13.520531,0.47946929931640625
14,13.5300455,0.4699544906616211
14,13.574461,0.4255390167236328
14,13.625711,0.37428855895996094
14,13.651203,0.3487968444824219
14,13.652565,0.34743499755859375
14,13.656611,0.34338855743408203
14,13.70356,0.29644012451171875
14,13.739223,0.26077747344970703
14,13.72038,0.2796201705932617
14,13.563424,0.43657588958740234
14,13.559129,0.4408712387084961
14,13.661068,0.3389320373535156
14,13.733514,0.26648616790771484
14,13.757621,0.24237918853759766
14,13.76651,0.233489990234375
14,13.791454,0.20854568481445312
14,13.578927,0.42107295989990234
14,13.759048,0.2409515380859375
14,14.710663,0.710662841796875
14,15.29608,1.2960796356201172
14,15.786384,1.7863836288452148
14,16.674198,2.6741981506347656
14,16.955166,2.9551658630371094
14,17.164785,3.164785385131836
14,17.024353,3.02435302734375
14,17.378113,3.37811279296875
14,17.631931,3.6319313049316406
14,17.744846,3.7448463439941406
14,17.744333,3.744333267211914
14,18.142305,4.142305374145508
14,18.308323,4.308322906494141
14,17.512917,3.5129165649414062
14,16.280083,2.2800827026367188
14,16.428757,2.4287567138671875
14,15.7781,1.7781000137329102
14,15.965398,1.965397834777832
14,15.606491,1.6064910888671875
14,15.900579,1.9005794525146484
14,15.514783,1.5147829055786133
14,15.6935425,1.69354248046875
14,15.334263,1.3342628479003906
14,15.4658785,1.4658784866333008
14,14.898442,0.898442268371582
14,15.082831,1.0828313827514648
14,15.166161,1.1661605834960938
14,15.826453,1.8264532089233398
14,15.57779,1.5777902603149414
14,15.232347,1.232346534729004
14,15.595504,1.595503807067871
14,15.153037,1.1530370712280273
14,14.852086,0.852086067199707
14,14.904827,0.9048271179199219
14,14.837116,0.8371162414550781
14,14.773382,0.7733821868896484
14,14.521729,0.5217294692993164
14,14.562873,0.5628728866577148
14,14.425573,0.42557334899902344
14,14.28812,0.2881202697753906
14,13.884156,0.1158437728881836
14,13.926509,0.07349109649658203
14,14.088455,0.0884552001953125
14,14.292926,0.2929258346557617
14,14.2606535,0.2606534957885742
14,14.195711,0.1957111358642578
14,14.077449,0.07744884490966797
14,14.357966,0.35796642303466797
14,14.326516,0.32651615142822266
14,14.169213,0.16921329498291016
14,14.861383,0.8613834381103516
14,13.76535,0.234649658203125
14,14.845884,0.8458843231201172
14,14.583866,0.5838661193847656
14,15.302659,1.302659034729004
14,14.724,0.7239999771118164
14,15.287095,1.287095069885254
14,15.030079,1.0300788879394531
14,15.26228,1.2622804641723633
14,14.85979,0.8597898483276367
14,15.026349,1.0263490676879883
14,14.840459,0.840458869934082
14,15.106385,1.1063852310180664
14,15.192287,1.1922874450683594
14,14.905097,0.9050970077514648
14,14.19897,0.19896984100341797
14,14.058044,0.05804443359375
14,14.349601,0.34960079193115234
14,14.324151,0.32415103912353516
14,15.0536175,1.0536174774169922
13,15.310128,2.3101282119750977
13,14.295655,1.2956552505493164
13,14.82909,1.8290901184082031
13,15.365589,2.365589141845703
13,14.454528,1.4545278549194336
13,15.526441,2.5264406204223633
13,14.390665,1.390665054321289
13,15.286837,2.286836624145508
13,14.647666,1.6476659774780273
13,15.313134,2.31313419342041
13,14.958023,1.9580230712890625
13,15.370863,2.3708629608154297
13,15.144581,2.144580841064453
13,15.359105,2.359105110168457
13,15.208923,2.20892333984375
13,15.177886,2.1778860092163086
13,15.048367,2.0483665466308594
13,14.975509,1.975508689880371
13,14.879949,1.879948616027832
13,14.853618,1.8536176681518555
13,14.722991,1.7229909896850586
13,14.638757,1.6387567520141602
13,14.519725,1.5197248458862305
13,14.450492,1.4504919052124023
13,14.3482065,1.3482065200805664
13,14.276139,1.276139259338379
13,14.183635,1.1836347579956055
13,14.188785,1.1887845993041992
13,14.084182,1.084181785583496
13,14.118499,1.1184988021850586
13,14.022189,1.0221891403198242
13,14.032653,1.0326528549194336
13,13.957538,0.9575376510620117
13,13.944767,0.9447669982910156
13,13.861053,0.861053466796875
13,13.871996,0.8719959259033203
13,13.816621,0.8166208267211914
13,13.820928,0.820927619934082
13,13.794045,0.7940454483032227
13,13.781433,0.78143310546875
13,13.764154,0.7641544342041016
13,13.774959,0.774958610534668
13,13.75442,0.754420280456543
13,13.729779,0.7297792434692383
13,13.74164,0.7416400909423828
13,13.735489,0.7354888916015625
13,13.724814,0.7248144149780273
13,13.750339,0.7503385543823242
13,13.769904,0.7699041366577148
13,13.828233,0.8282327651977539
13,13.840306,0.840306282043457
13,13.901874,0.9018735885620117
13,13.9036455,0.9036455154418945
13,13.931742,0.9317417144775391
13,13.93992,0.9399204254150391
13,13.9481535,0.9481534957885742
13,13.958594,0.9585943222045898
13,14.018012,1.0180120468139648
13,14.055982,1.0559816360473633
13,14.105085,1.1050853729248047
13,14.131862,1.131861686706543
13,14.134231,1.134230613708496
13,14.148488,1.1484880447387695
13,14.150908,1.1509084701538086
13,14.159251,1.1592512130737305
13,14.17044,1.1704397201538086
13,14.183673,1.1836729049682617
13,14.196039,1.1960391998291016
13,14.187585,1.1875848770141602
13,14.157907,1.1579065322875977
13,14.139993,1.1399927139282227
13,14.106169,1.1061687469482422
13,14.059758,1.059758186340332
13,13.98684,0.9868402481079102
13,13.895429,0.8954286575317383
13,13.798728,0.7987279891967773
13,13.724747,0.7247467041015625
13,13.611709,0.6117086410522461
13,13.525837,0.5258369445800781
13,13.394019,0.39401912689208984
13,13.254039,0.25403881072998047
13,13.124459,0.12445926666259766
13,12.981411,0.018589019775390625
13,13.038026,0.038025856018066406
13,12.895305,0.10469532012939453
13,12.945565,0.054434776306152344
13,12.704043,0.2959566116333008
13,12.781823,0.21817684173583984
13,12.636721,0.3632793426513672
13,12.69925,0.3007497787475586
13,12.616921,0.38307857513427734
13,12.65212,0.34788036346435547
13,12.592587,0.4074125289916992
13,12.631703,0.36829662322998047
13,12.55683,0.44316959381103516
13,12.553648,0.4463520050048828
13,12.515835,0.4841651916503906
13,12.583394,0.41660594940185547
13,12.593768,0.4062318801879883
13,12.5905695,0.40943050384521484
13,12.575271,0.4247293472290039
13,12.556042,0.4439582824707031
13,12.540487,0.45951271057128906
13,12.543987,0.4560127258300781
13,12.532139,0.4678611755371094
13,12.563659,0.4363412857055664
13,12.597415,0.4025850296020508
13,12.680701,0.31929874420166016
13,12.718757,0.28124332427978516
13,12.816536,0.18346405029296875
13,12.906483,0.09351730346679688
13,13.006234,0.006234169006347656
13,13.128112,0.1281118392944336
13,13.22433,0.22432994842529297
13,13.312561,0.31256103515625
13,13.38879,0.3887901306152344
13,13.486493,0.4864931106567383
13,13.603374,0.6033735275268555
13,13.69505,0.6950502395629883
13,13.808301,0.8083009719848633
13,13.892387,0.8923873901367188
13,13.992461,0.9924612045288086
13,14.061178,1.061178207397461
13,14.156397,1.1563968658447266
13,14.219512,1.2195119857788086
13,14.277339,1.277338981628418
13,14.300936,1.3009357452392578
13,14.322811,1.3228111267089844
13,14.354627,1.3546266555786133
13,14.385462,1.3854618072509766
13,14.405858,1.405858039855957
13,14.427839,1.4278392791748047
13,14.449076,1.449075698852539
13,14.511638,1.5116376876831055
13,14.515646,1.515645980834961
13,14.521794,1.521794319152832
13,14.529174,1.5291738510131836
13,14.55026,1.5502595901489258
13,14.562943,1.562943458557129
13,14.584644,1.5846443176269531
13,14.568562,1.5685615539550781
13,14.574092,1.574091911315918
13,14.556831,1.5568313598632812
13,14.578197,1.5781965255737305
13,14.602017,1.6020174026489258
13,14.619295,1.6192951202392578
13,14.636398,1.6363983154296875
13,14.651835,1.6518354415893555
13,14.665504,1.6655044555664062
13,14.682477,1.6824769973754883
13,14.68687,1.6868696212768555
13,14.673072,1.6730718612670898
13,14.644841,1.644841194152832
13,14.62735,1.627349853515625
13,14.643376,1.643376350402832
13,14.637201,1.6372013092041016
13,14.649457,1.6494569778442383
13,14.646872,1.646871566772461
13,14.637969,1.6379690170288086
13,14.65231,1.6523103713989258
13,14.644804,1.6448040008544922
13,14.659947,1.659947395324707
13,14.654731,1.6547307968139648
13,14.680579,1.6805791854858398
13,14.669757,1.6697568893432617
13,14.638077,1.6380767822265625
13,14.619135,1.6191349029541016
13,14.592597,1.5925970077514648
13,14.585408,1.5854082107543945
13,14.583268,1.583268165588379
13,14.607429,1.6074285507202148
13,14.7304735,1.730473518371582
13,14.756632,1.756631851196289
13,14.811521,1.8115205764770508
13,14.763778,1.763777732849121
13,14.688367,1.6883668899536133
13,14.644812,1.6448116302490234
13,14.607547,1.6075468063354492
13,14.57507,1.5750703811645508
13,14.537795,1.537795066833496
13,14.521781,1.5217809677124023
13,14.54628,1.5462799072265625
13,14.555456,1.5554561614990234
13,14.588548,1.588547706604004
13,14.5799,1.579899787902832
13,14.5972185,1.5972185134887695
13,14.573842,1.5738420486450195
13,14.530605,1.5306053161621094
13,14.529361,1.5293607711791992
13,14.601547,1.6015472412109375
13,14.671699,1.6716985702514648
13,14.699414,1.6994142532348633
13,14.719819,1.7198190689086914
13,14.672318,1.672318458557129
13,14.720028,1.7200279235839844
13,14.682867,1.6828670501708984
13,14.746673,1.7466726303100586
13,14.714436,1.7144355773925781
13,14.681179,1.6811790466308594
13,16.006262,3.0062618255615234
13,16.728254,3.7282543182373047
13,17.63452,4.634519577026367
13,17.464733,4.464733123779297
13,18.23656,5.236560821533203
13,18.606155,5.6061553955078125
13,18.392784,5.392784118652344
13,17.647247,4.647247314453125
13,17.319511,4.319511413574219
13,16.90032,3.900320053100586
13,16.818588,3.8185882568359375
13,16.778008,3.7780075073242188
13,16.839256,3.8392562866210938
13,16.947266,3.947265625
13,17.079521,4.079521179199219
13,17.295618,4.295618057250977
13,17.54366,4.543659210205078
13,17.772755,4.772754669189453
13,18.104776,5.104776382446289
13,18.432474,5.432474136352539
13,18.83995,5.8399505615234375
13,19.33665,6.336650848388672
13,19.960064,6.960063934326172
13,20.847702,7.8477020263671875
13,22.02908,9.02907943725586
13,23.981163,10.981163024902344
13,25.47778,12.477779388427734
13,27.168774,14.168773651123047
13,28.483059,15.48305892944336
13,28.491587,15.491586685180664
13,28.785679,15.78567886352539
13,27.270348,14.270347595214844
13,25.75387,12.753870010375977
13,23.32978,10.329780578613281
13,21.717777,8.717777252197266
13,20.101183,7.10118293762207
13,18.644852,5.6448516845703125
13,17.802036,4.802036285400391
13,17.078262,4.0782623291015625
13,16.300697,3.3006973266601562
13,16.036682,3.03668212890625
13,15.664733,2.6647329330444336
13,15.750021,2.750020980834961
13,15.580373,2.5803728103637695
13,15.589768,2.589768409729004
13,15.469053,2.469053268432617
13,15.4240265,2.4240264892578125
13,15.346428,2.3464279174804688
13,15.303479,2.3034791946411133
13,14.98033,1.980330467224121
13,15.063669,2.063669204711914
13,15.088185,2.0881853103637695
13,15.361947,2.3619470596313477
13,15.563994,2.5639944076538086
13,15.701249,2.701249122619629
13,15.632939,2.632939338684082
12,15.699443,3.6994428634643555
12,13.8937645,1.8937644958496094
12,13.171327,1.1713266372680664
12,14.47581,2.4758100509643555
12,12.845678,0.8456783294677734
12,14.087806,2.08780574798584
12,12.928752,0.9287519454956055
12,13.937255,1.9372549057006836
12,13.236682,1.2366819381713867
12,13.890199,1.8901987075805664
12,13.446719,1.4467191696166992
12,13.839532,1.8395318984985352
12,13.541368,1.541367530822754
12,13.714251,1.7142505645751953
12,13.441588,1.4415884017944336
12,13.456317,1.4563169479370117
12,13.185297,1.1852970123291016
12,13.120191,1.1201906204223633
12,12.9128065,0.912806510925293
12,12.849317,0.8493165969848633
12,12.720676,0.7206764221191406
12,12.679965,0.6799650192260742
12,12.526885,0.5268850326538086
12,12.518014,0.5180139541625977
12,12.401605,0.40160465240478516
12,12.422207,0.4222068786621094
12,12.291465,0.29146480560302734
12,12.305715,0.30571460723876953
12,12.190412,0.19041156768798828
12,12.241557,0.24155712127685547
12,12.16557,0.16557025909423828
12,12.175094,0.1750936508178711
12,12.1040125,0.10401248931884766
12,12.054749,0.05474853515625
12,12.035131,0.03513145446777344
12,12.009345,0.009345054626464844
12,12.007732,0.007732391357421875
12,11.97737,0.022629737854003906
12,11.96357,0.03643035888671875
12,11.954371,0.04562854766845703
12,11.952605,0.047394752502441406
12,11.958701,0.041298866271972656
12,11.959093,0.04090690612792969
12,11.995806,0.0041942596435546875
12,11.998921,0.0010786056518554688
12,12.034263,0.034262657165527344
12,12.030414,0.03041362762451172
12,12.04857,0.048569679260253906
12,12.051899,0.051898956298828125
12,12.057738,0.057738304138183594
12,12.047949,0.04794883728027344
12,12.037288,0.03728771209716797
12,12.026443,0.026442527770996094
12,11.99684,0.0031604766845703125
12,11.342438,0.657562255859375
12,11.449697,0.5503034591674805
12,10.574801,1.4251985549926758
12,10.996287,1.0037126541137695
12,10.693436,1.3065643310546875
12,10.574044,1.4259557723999023
12,10.141309,1.8586912155151367
12,10.382686,1.617314338684082
12,9.913575,2.0864248275756836
12,10.105742,1.8942575454711914
12,9.764106,2.235894203186035
12,10.4273,1.5726995468139648
12,9.986678,2.013321876525879
12,10.461913,1.5380868911743164
12,10.036984,1.9630155563354492
12,10.634319,1.3656806945800781
12,10.241826,1.758173942565918
12,10.987455,1.0125446319580078
12,10.60694,1.3930597305297852
12,11.045593,0.95440673828125
12,10.707073,1.2929267883300781
12,11.170085,0.8299150466918945
12,11.004134,0.9958658218383789
12,11.248808,0.7511920928955078
12,10.646685,1.3533153533935547
12,10.98644,1.0135602951049805
12,10.606399,1.393601417541504
12,11.222056,0.7779436111450195
12,11.303483,0.6965169906616211
12,11.657966,0.34203433990478516
12,11.604367,0.3956327438354492
12,11.927883,0.07211685180664062
12,11.877807,0.1221933364868164
12,12.226796,0.22679615020751953
12,12.18475,0.18474960327148438
12,12.502927,0.5029268264770508
12,12.360717,0.3607168197631836
12,12.484407,0.4844074249267578
12,12.343286,0.34328556060791016
12,12.404443,0.40444278717041016
12,12.235408,0.23540782928466797
12,12.346785,0.3467845916748047
12,12.257974,0.25797367095947266
12,12.477725,0.4777250289916992
12,12.391013,0.39101314544677734
12,12.469084,0.4690837860107422
12,11.993145,0.006855010986328125
12,12.555911,0.5559110641479492
12,11.843117,0.15688323974609375
12,12.1892395,0.189239501953125
12,12.006525,0.0065250396728515625
12,12.327783,0.32778263092041016
12,12.275054,0.2750539779663086
12,12.539534,0.5395336151123047
12,12.415848,0.4158477783203125
12,12.590586,0.5905857086181641
12,12.719129,0.7191286087036133
12,12.717181,0.7171812057495117
12,12.023702,0.02370166778564453
12,11.225619,0.7743806838989258
12,12.252752,0.25275230407714844
12,12.391633,0.3916330337524414
12,11.557494,0.4425058364868164
12,12.523026,0.5230264663696289
12,12.516606,0.516606330871582
12,13.086039,1.086038589477539
12,12.656499,0.656498908996582
12,13.258213,1.2582130432128906
12,13.004528,1.0045280456542969
12,13.439321,1.4393205642700195
12,13.229099,1.2290992736816406
12,13.272584,1.2725839614868164
12,13.045351,1.0453510284423828
12,13.725262,1.7252616882324219
12,13.31065,1.3106498718261719
12,13.276225,1.2762250900268555
12,12.908388,0.9083881378173828
12,13.193534,1.1935338973999023
12,12.729022,0.7290220260620117
12,13.339307,1.3393068313598633
12,13.336736,1.336735725402832
12,13.566756,1.566756248474121
12,13.430067,1.4300670623779297
12,14.307985,2.307985305786133
12,14.086048,2.086048126220703
12,14.26225,2.2622499465942383
12,14.772632,2.7726316452026367
12,15.756108,3.756108283996582
12,15.369806,3.3698062896728516
12,15.512405,3.5124053955078125
12,15.602115,3.602114677429199
12,15.735898,3.735898017883301
12,15.747669,3.747669219970703
12,16.148462,4.148462295532227
12,16.294188,4.294187545776367
12,16.562366,4.562366485595703
12,16.513515,4.513515472412109
12,16.672014,4.672014236450195
12,16.699883,4.699882507324219
12,17.053417,5.053417205810547
12,16.779467,4.77946662902832
12,16.910162,4.910161972045898
12,16.98351,4.983509063720703
12,17.482624,5.482624053955078
12,17.303745,5.303745269775391
12,17.464722,5.4647216796875
12,17.314966,5.314966201782227
12,17.582054,5.582054138183594
12,17.33993,5.339929580688477
12,17.482552,5.482551574707031
12,17.390362,5.390361785888672
12,17.342993,5.342992782592773
12,17.149126,5.149126052856445
12,17.184921,5.1849212646484375
12,17.147415,5.1474151611328125
12,17.157642,5.157642364501953
12,17.30199,5.301990509033203
12,17.227564,5.227563858032227
12,17.273834,5.273834228515625
12,17.214743,5.214742660522461
12,16.983994,4.9839935302734375
12,16.88291,4.882909774780273
12,16.617945,4.617944717407227
12,16.910513,4.910512924194336
12,16.704037,4.704036712646484
12,17.20775,5.20775032043457
12,16.966133,4.966133117675781
12,17.12119,5.121189117431641
12,16.988314,4.988313674926758
12,16.234308,4.234308242797852
12,15.903629,3.9036293029785156
12,15.671958,3.6719579696655273
12,15.793972,3.7939720153808594
12,15.301318,3.3013181686401367
12,15.836125,3.836125373840332
12,15.69814,3.6981401443481445
12,16.041197,4.041196823120117
12,15.9824095,3.9824094772338867
12,16.354015,4.354015350341797
12,15.787534,3.787533760070801
12,15.506841,3.506840705871582
12,15.300283,3.300283432006836
12,15.112615,3.112614631652832
12,15.180651,3.1806507110595703
12,14.954219,2.954218864440918
12,14.24138,2.241379737854004
12,13.7149725,1.7149724960327148
12,13.274306,1.274306297302246
12,13.288504,1.288503646850586
12,12.634835,0.6348352432250977
12,12.613562,0.6135616302490234
12,12.102843,0.1028432846069336
12,13.27638,1.2763795852661133
12,13.978304,1.9783039093017578
11,15.335419,4.335418701171875
11,14.456347,3.4563474655151367
11,15.131406,4.131405830383301
11,14.4360285,3.436028480529785
11,13.207964,2.2079639434814453
11,13.573445,2.5734453201293945
11,12.386321,1.3863210678100586
11,12.842292,1.8422918319702148
11,12.146094,1.1460943222045898
11,12.549781,1.5497808456420898
11,12.068507,1.068507194519043
11,12.390438,1.3904380798339844
11,12.035068,1.0350675582885742
11,12.238814,1.238814353942871
11,12.019367,1.0193672180175781
11,12.10882,1.1088199615478516
11,11.862277,0.8622770309448242
11,11.933338,0.9333381652832031
11,11.645145,0.6451454162597656
11,11.750657,0.7506570816040039
11,11.564939,0.5649385452270508
11,11.669133,0.669133186340332
11,11.471044,0.47104358673095703
11,11.539667,0.5396671295166016
11,11.417306,0.41730594635009766
11,11.493985,0.4939851760864258
11,11.427622,0.42762184143066406
11,11.496488,0.4964876174926758
11,11.47606,0.4760599136352539
11,11.483399,0.4833993911743164
11,11.477474,0.4774742126464844
11,11.40226,0.40225982666015625
11,11.395305,0.39530467987060547
11,11.337143,0.3371429443359375
11,11.34512,0.3451204299926758
11,10.8316,0.16839981079101562
11,10.598859,0.4011411666870117
11,10.245069,0.7549314498901367
11,10.492833,0.507166862487793
11,9.858718,1.141282081604004
11,10.254562,0.7454376220703125
11,10.12038,0.8796195983886719
11,10.204264,0.7957363128662109
11,9.919946,1.0800542831420898
11,10.210947,0.7890529632568359
11,10.030765,0.9692354202270508
11,10.3562565,0.6437435150146484
11,10.139918,0.860081672668457
11,10.49514,0.5048599243164062
11,10.309442,0.6905584335327148
11,10.655603,0.34439659118652344
11,10.487569,0.5124311447143555
11,10.826594,0.17340564727783203
11,10.666101,0.33389854431152344
11,10.961058,0.03894233703613281
11,10.799375,0.20062541961669922
11,11.042792,0.042792320251464844
11,10.884065,0.1159353256225586
11,11.082287,0.08228683471679688
11,10.932721,0.06727886199951172
11,11.065745,0.06574535369873047
11,10.9197035,0.08029651641845703
11,10.993246,0.0067539215087890625
11,10.997907,0.0020933151245117188
11,11.317234,0.3172340393066406
11,11.4593725,0.45937252044677734
11,11.54659,0.5465898513793945
11,11.566085,0.5660848617553711
11,11.522979,0.5229787826538086
11,11.456111,0.45611095428466797
11,11.395717,0.39571666717529297
11,11.288253,0.2882528305053711
11,11.196103,0.19610309600830078
11,11.096377,0.09637737274169922
11,11.032798,0.032797813415527344
11,10.949639,0.050360679626464844
11,10.8477,0.1522998809814453
11,10.7359915,0.2640085220336914
11,10.679528,0.32047176361083984
11,10.584516,0.4154844284057617
11,10.532844,0.46715641021728516
11,10.474366,0.5256338119506836
11,10.47106,0.5289402008056641
11,10.46178,0.5382204055786133
11,10.045044,0.9549560546875
11,9.545259,1.4547405242919922
11,9.332391,1.6676092147827148
11,9.369056,1.6309442520141602
11,9.423377,1.5766229629516602
11,9.361154,1.6388463973999023
11,9.422286,1.577713966369629
11,9.415931,1.5840692520141602
11,9.496144,1.5038557052612305
11,9.527099,1.4729013442993164
11,9.746952,1.2530479431152344
11,9.839045,1.1609554290771484
11,10.069079,0.9309206008911133
11,10.146329,0.8536710739135742
11,10.297205,0.7027950286865234
11,10.420579,0.5794210433959961
11,10.488455,0.5115451812744141
11,10.608983,0.39101696014404297
11,10.604503,0.39549732208251953
11,10.763595,0.2364053726196289
11,10.817059,0.18294143676757812
11,10.947414,0.052585601806640625
11,10.938537,0.061463356018066406
11,10.98326,0.016739845275878906
11,10.976355,0.023645401000976562
11,11.060062,0.060062408447265625
11,11.039078,0.0390777587890625
11,11.2177,0.21770000457763672
11,11.479432,0.4794321060180664
11,11.814054,0.8140535354614258
11,11.860325,0.8603248596191406
11,11.755825,0.7558250427246094
11,11.769548,0.7695484161376953
11,11.866978,0.8669776916503906
11,11.852637,0.8526372909545898
11,11.892436,0.8924360275268555
11,11.81766,0.8176603317260742
11,11.731275,0.7312746047973633
11,11.743145,0.7431449890136719
11,11.737624,0.7376241683959961
11,11.770569,0.77056884765625
11,11.726973,0.7269725799560547
11,11.725372,0.725372314453125
11,11.715552,0.7155523300170898
11,11.730037,0.730036735534668
11,11.693778,0.6937780380249023
11,11.756835,0.7568349838256836
11,11.659454,0.659454345703125
11,11.691386,0.6913862228393555
11,11.592927,0.5929269790649414
11,11.688418,0.6884183883666992
11,11.730565,0.730565071105957
11,11.817796,0.8177957534790039
11,11.781776,0.7817764282226562
11,11.789284,0.7892837524414062
11,11.698445,0.6984453201293945
11,11.66504,0.6650400161743164
11,11.595048,0.5950479507446289
11,11.554307,0.5543069839477539
11,11.590314,0.5903139114379883
11,11.566993,0.5669927597045898
11,11.531478,0.5314779281616211
11,11.598409,0.5984086990356445
11,11.6509695,0.6509695053100586
11,11.747784,0.7477836608886719
11,11.95497,0.9549703598022461
11,11.98788,0.987879753112793
11,12.015313,1.0153131484985352
11,11.960105,0.9601049423217773
11,11.847595,0.84759521484375
11,11.842496,0.8424959182739258
11,11.776393,0.776392936706543
11,11.79758,0.7975797653198242
11,11.729634,0.7296342849731445
11,11.75833,0.7583303451538086
11,11.722434,0.7224340438842773
11,11.7345295,0.7345294952392578
11,11.658832,0.6588315963745117
11,11.720529,0.7205286026000977
11,11.693412,0.6934118270874023
11,11.717145,0.7171449661254883
11,11.665218,0.6652183532714844
11,11.684791,0.6847906112670898
11,11.643359,0.6433591842651367
11,11.683578,0.6835775375366211
11,11.715087,0.7150869369506836
11,11.747851,0.7478513717651367
11,11.757356,0.7573556900024414
11,11.781014,0.7810144424438477
11,11.804526,0.8045263290405273
11,11.794044,0.7940435409545898
11,11.683935,0.6839351654052734
11,11.686332,0.6863317489624023
11,11.570139,0.5701389312744141
11,11.637621,0.6376209259033203
11,11.2804365,0.28043651580810547
11,11.608476,0.6084756851196289
11,12.25111,1.2511100769042969
11,12.766397,1.766397476196289
11,12.793138,1.793137550354004
11,13.471492,2.471491813659668
11,13.782989,2.7829885482788086
11,14.20737,3.207369804382324
11,14.286778,3.286778450012207
11,14.690911,3.690911293029785
11,14.7074375,3.707437515258789
11,14.845729,3.845728874206543
11,14.871004,3.871004104614258
11,14.940268,3.940267562866211
11,15.000188,4.000187873840332
11,15.285619,4.285618782043457
11,15.11846,4.118459701538086
11,15.226751,4.226751327514648
11,15.458435,4.45843505859375
11,15.241856,4.241855621337891
11,15.115482,4.115482330322266
11,14.951233,3.95123291015625
11,14.626124,3.626124382019043
11,14.568184,3.5681838989257812
11,14.592962,3.5929622650146484
11,14.644829,3.6448287963867188
11,14.831964,3.831963539123535
11,14.85288,3.852879524230957
11,15.001574,4.00157356262207
11,15.172162,4.172162055969238
11,15.053909,4.0539093017578125
11,14.991784,3.99178409576416
11,14.691136,3.691136360168457
11,14.040174,3.0401735305786133
11,13.3281145,2.3281145095825195
11,12.979012,1.9790115356445312
11,12.994412,1.9944124221801758
11,13.084141,2.0841407775878906
11,12.951222,1.9512224197387695
11,13.280828,2.2808284759521484
11,13.283564,2.2835636138916016
11,13.495692,2.495692253112793
11,13.704808,2.704808235168457
11,13.858651,2.8586511611938477
11,13.578298,2.5782976150512695
11,13.719426,2.719426155090332
11,13.618754,2.6187543869018555
11,13.736098,2.736098289489746
11,13.796498,2.7964982986450195
11,13.947737,2.9477367401123047
11,13.793774,2.793773651123047
11,13.7765,2.7764997482299805
11,13.676372,2.6763715744018555
11,13.602937,2.6029367446899414
11,13.901681,2.9016809463500977
11,13.8939295,2.8939294815063477
11,14.213674,3.2136735916137695
11,14.023445,3.0234451293945312
11,14.214004,3.214003562927246
11,13.465068,2.4650678634643555
11,13.546252,2.5462522506713867
11,13.349977,2.3499765396118164
11,13.57335,2.573349952697754
11,13.432706,2.432705879211426
11,13.510314,2.5103139877319336
11,13.232942,2.2329416275024414
11,12.253026,1.253026008605957
11,11.639014,0.6390142440795898
11,11.393679,0.3936786651611328
11,11.313827,0.3138265609741211
11,10.828778,0.17122173309326172
11,11.426814,0.42681407928466797
11,11.031749,0.03174877166748047
11,11.546017,0.5460166931152344
11,11.080443,0.0804433822631836
11,11.538109,0.5381088256835938
11,11.253222,0.2532224655151367
11,11.593293,0.5932931900024414
11,11.412862,0.41286182403564453
11,11.045838,0.045838356018066406
11,10.581422,0.4185781478881836
11,10.694759,0.3052406311035156
11,10.997322,0.00267791748046875
11,10.482604,0.5173959732055664
11,11.821101,0.821101188659668
10,12.305853,2.3058528900146484
10,11.805405,1.8054046630859375
10,11.749606,1.7496061325073242
10,12.096696,2.096695899963379
10,11.296695,1.2966947555541992
10,12.526816,2.5268163681030273
10,11.469489,1.4694890975952148
10,12.649661,2.649661064147949
10,11.760211,1.7602109909057617
10,12.428138,2.42813777923584
10,11.601098,1.6010980606079102
10,12.189637,2.1896371841430664
10,11.371095,1.3710947036743164
10,11.85398,1.8539800643920898
10,11.202511,1.2025108337402344
10,11.443948,1.4439477920532227
10,10.932269,0.9322690963745117
10,11.090771,1.0907707214355469
10,10.671869,0.6718692779541016
10,10.853707,0.8537073135375977
10,10.390987,0.3909873962402344
10,10.394969,0.39496898651123047
10,10.210784,0.2107839584350586
10,10.141593,0.14159297943115234
10,10.25089,0.25088977813720703
10,10.054892,0.05489158630371094
10,10.22109,0.22109031677246094
10,10.085664,0.0856637954711914
10,10.279302,0.27930164337158203
10,10.10349,0.10348987579345703
10,10.400189,0.4001893997192383
10,10.20964,0.2096395492553711
10,10.512182,0.5121822357177734
10,10.396607,0.3966073989868164
10,10.599992,0.5999917984008789
10,10.4824095,0.4824094772338867
10,10.673624,0.6736240386962891
10,10.610089,0.6100893020629883
10,10.792113,0.7921133041381836
10,10.746322,0.7463216781616211
10,10.847718,0.8477182388305664
10,10.813063,0.8130626678466797
10,10.901109,0.9011087417602539
10,10.870952,0.8709516525268555
10,10.926492,0.9264917373657227
10,10.856279,0.8562793731689453
10,10.905517,0.9055166244506836
10,10.834643,0.8346433639526367
10,10.9089,0.908900260925293
10,10.878383,0.878382682800293
10,10.892096,0.8920955657958984
10,10.8904295,0.8904294967651367
10,10.898583,0.8985834121704102
10,10.94071,0.9407100677490234
10,10.90282,0.9028196334838867
10,10.948052,0.9480524063110352
10,10.876203,0.8762025833129883
10,10.925909,0.9259090423583984
10,10.862069,0.8620691299438477
10,10.896829,0.8968286514282227
10,10.837468,0.837468147277832
10,10.862326,0.8623256683349609
10,10.829417,0.8294172286987305
10,10.843162,0.8431615829467773
10,10.790734,0.7907342910766602
10,10.800927,0.8009271621704102
10,10.751135,0.7511348724365234
10,10.688318,0.6883182525634766
10,10.666244,0.6662435531616211
10,10.530278,0.530278205871582
10,10.47437,0.47437000274658203
10,10.3729925,0.37299251556396484
10,10.324166,0.32416629791259766
10,10.254834,0.2548341751098633
10,10.225024,0.22502422332763672
10,10.11815,0.1181497573852539
10,10.073074,0.0730743408203125
10,10.096921,0.09692096710205078
10,10.172802,0.17280197143554688
10,9.929518,0.07048225402832031
10,10.023721,0.023720741271972656
10,9.702186,0.29781436920166016
10,9.843027,0.15697288513183594
10,9.958653,0.04134654998779297
10,9.909258,0.09074211120605469
10,9.758192,0.2418079376220703
10,9.796169,0.20383071899414062
10,9.682391,0.3176088333129883
10,9.639762,0.36023807525634766
10,9.448806,0.5511941909790039
10,9.41995,0.5800504684448242
10,9.519357,0.48064327239990234
10,9.613401,0.3865985870361328
10,9.768352,0.23164844512939453
10,9.666776,0.3332242965698242
10,9.835788,0.16421222686767578
10,9.733162,0.26683807373046875
10,9.66056,0.33944034576416016
10,9.593598,0.4064016342163086
10,9.575422,0.4245777130126953
10,9.367267,0.6327333450317383
10,9.180419,0.8195810317993164
10,9.183796,0.8162040710449219
10,8.972849,1.027151107788086
10,8.842124,1.1578760147094727
10,8.63327,1.366729736328125
10,8.723916,1.2760839462280273
10,8.689934,1.3100662231445312
10,8.668588,1.3314123153686523
10,8.771335,1.2286653518676758
10,8.874551,1.1254491806030273
10,9.081802,0.9181976318359375
10,9.384089,0.615910530090332
10,9.101808,0.8981924057006836
10,9.245469,0.7545309066772461
10,9.112532,0.8874683380126953
10,9.1785755,0.8214244842529297
10,9.217906,0.7820940017700195
10,9.376816,0.6231842041015625
10,9.20357,0.7964296340942383
10,9.283699,0.7163009643554688
10,9.036614,0.9633855819702148
10,9.081694,0.9183063507080078
10,9.069684,0.9303159713745117
10,9.12517,0.8748302459716797
10,9.056186,0.9438142776489258
10,9.296214,0.7037858963012695
10,9.146599,0.8534011840820312
10,9.350362,0.6496381759643555
10,9.452683,0.5473165512084961
10,9.452804,0.5471963882446289
10,9.51381,0.4861898422241211
10,9.667264,0.3327360153198242
10,9.701964,0.2980356216430664
10,9.6008005,0.3991994857788086
10,9.636222,0.36377811431884766
10,9.520763,0.4792366027832031
10,9.533768,0.4662322998046875
10,9.601626,0.3983736038208008
10,9.528428,0.4715719223022461
10,9.344446,0.6555538177490234
10,9.279819,0.7201814651489258
10,9.192191,0.8078088760375977
10,9.190378,0.8096218109130859
10,9.0394,0.9605998992919922
10,8.991714,1.008286476135254
10,8.899636,1.1003637313842773
10,9.090226,0.9097738265991211
10,8.927565,1.0724353790283203
10,9.001417,0.9985828399658203
10,8.958411,1.0415887832641602
10,9.149518,0.8504819869995117
10,9.070081,0.9299192428588867
10,9.198767,0.8012332916259766
10,8.974595,1.025404930114746
10,9.182679,0.8173208236694336
10,8.929581,1.0704193115234375
10,9.106435,0.8935651779174805
10,9.098628,0.901371955871582
10,9.282321,0.7176790237426758
10,9.717011,0.2829885482788086
10,10.164549,0.1645488739013672
10,10.218709,0.21870899200439453
10,10.473305,0.47330474853515625
10,11.062958,1.062957763671875
10,11.36823,1.368229866027832
10,11.705728,1.7057275772094727
10,11.939177,1.9391765594482422
10,12.197389,2.1973886489868164
10,12.47088,2.470879554748535
10,12.655261,2.6552610397338867
10,12.44567,2.4456701278686523
10,12.305097,2.3050966262817383
10,12.203824,2.203824043273926
10,11.795217,1.7952165603637695
10,11.9562845,1.956284523010254
10,11.861278,1.8612775802612305
10,11.773021,1.7730207443237305
10,11.710146,1.7101459503173828
10,11.691312,1.6913118362426758
10,11.618878,1.6188783645629883
10,11.527704,1.5277042388916016
10,11.451726,1.451725959777832
10,11.274514,1.2745141983032227
10,11.426781,1.4267807006835938
10,11.316282,1.3162822723388672
10,11.587699,1.5876989364624023
10,11.613367,1.6133670806884766
10,11.479527,1.479527473449707
10,11.242816,1.2428159713745117
10,11.215911,1.2159109115600586
10,10.992166,0.9921655654907227
10,11.073174,1.0731744766235352
10,11.551339,1.5513391494750977
10,11.585124,1.5851240158081055
10,11.428128,1.4281282424926758
10,11.225855,1.2258548736572266
10,11.564604,1.5646038055419922
10,11.143364,1.1433639526367188
10,11.57409,1.5740900039672852
10,11.484956,1.4849557876586914
10,12.044782,2.0447816848754883
10,11.85565,1.8556499481201172
10,12.18935,2.189350128173828
10,12.030818,2.030817985534668
10,12.474543,2.4745426177978516
10,12.313424,2.3134241104125977
10,12.351093,2.351093292236328
10,12.334403,2.3344030380249023
10,12.558515,2.5585145950317383
10,12.737388,2.7373876571655273
10,12.965861,2.9658613204956055
10,13.059224,3.0592241287231445
10,13.270133,3.2701330184936523
10,13.237601,3.2376012802124023
10,13.312944,3.3129444122314453
10,13.352407,3.352407455444336
10,13.330487,3.3304872512817383
10,13.397219,3.397218704223633
10,13.844202,3.8442020416259766
10,13.558848,3.5588483810424805
10,13.065585,3.065585136413574
10,12.960372,2.960371971130371
10,13.157811,3.157811164855957
10,13.001929,3.00192928314209
10,13.731021,3.731020927429199
10,13.289099,3.2890987396240234
10,13.278415,3.278414726257324
10,13.24697,3.2469701766967773
10,13.482931,3.482931137084961
10,13.080113,3.080113410949707
10,12.364377,2.364377021789551
10,11.929875,1.929875373840332
10,11.768183,1.7681827545166016
10,11.220971,1.2209711074829102
10,11.4622135,1.4622135162353516
10,11.142842,1.1428422927856445
10,11.247659,1.2476587295532227
10,11.188121,1.1881208419799805
10,11.256254,1.2562541961669922
10,11.111212,1.1112117767333984
10,10.482657,0.48265743255615234
10,9.856645,0.1433553695678711
9,10.940233,1.9402332305908203
9,9.922976,0.9229755401611328
9,9.977651,0.9776506423950195
9,9.788892,0.7888917922973633
9,9.114243,0.1142425537109375
9,9.821448,0.8214483261108398
9,8.911404,0.08859634399414062
9,9.760599,0.7605991363525391
9,9.018745,0.01874542236328125
9,9.787912,0.7879123687744141
9,9.075,0.07499980926513672
9,9.716194,0.7161941528320312
9,9.107811,0.10781097412109375
9,9.607938,0.6079378128051758
9,9.079356,0.07935619354248047
9,9.490346,0.49034595489501953
9,9.033906,0.033905982971191406
9,9.382109,0.3821086883544922
9,8.98645,0.0135498046875
9,9.308143,0.30814266204833984
9,8.973783,0.02621746063232422
9,9.202455,0.2024545669555664
9,8.924777,0.07522296905517578
9,9.105073,0.1050729751586914
9,8.873368,0.1266317367553711
9,9.021447,0.021447181701660156
9,8.929366,0.0706338882446289
9,9.20231,0.20230960845947266
9,9.053284,0.05328369140625
9,9.11373,0.11373043060302734
9,9.005965,0.005965232849121094
9,8.973121,0.026879310607910156
9,8.943545,0.05645465850830078
9,8.900736,0.09926414489746094
9,8.838115,0.16188526153564453
9,8.811792,0.18820762634277344
9,8.763402,0.23659801483154297
9,8.753352,0.24664783477783203
9,8.717996,0.28200435638427734
9,8.692662,0.30733776092529297
9,8.663722,0.33627796173095703
9,8.644103,0.3558969497680664
9,8.614641,0.3853588104248047
9,8.582849,0.41715145111083984
9,8.552917,0.4470834732055664
9,8.513877,0.48612308502197266
9,8.460976,0.5390243530273438
9,8.405045,0.5949554443359375
9,8.351929,0.6480712890625
9,8.315565,0.6844348907470703
9,8.274211,0.7257890701293945
9,8.22636,0.7736396789550781
9,8.189987,0.8100128173828125
9,8.1418,0.8582000732421875
9,8.075814,0.9241857528686523
9,7.9810038,1.018996238708496
9,7.8811765,1.118823528289795
9,7.8165,1.183499813079834
9,7.736022,1.2639780044555664
9,7.739547,1.260453224182129
9,7.7158623,1.2841377258300781
9,7.748657,1.2513427734375
9,7.7500196,1.2499804496765137
9,7.800877,1.1991229057312012
9,7.838452,1.161548137664795
9,8.04288,0.9571199417114258
9,8.108378,0.8916215896606445
9,7.860368,1.139632225036621
9,8.142089,0.8579111099243164
9,7.5575147,1.4424853324890137
9,7.664328,1.3356719017028809
9,7.346732,1.6532678604125977
9,7.5018487,1.4981513023376465
9,7.1924434,1.8075566291809082
9,7.459575,1.5404248237609863
9,7.452217,1.5477828979492188
9,7.73724,1.2627601623535156
9,7.667374,1.3326258659362793
9,8.070514,0.9294862747192383
9,7.9647856,1.0352144241333008
9,8.263959,0.7360410690307617
9,8.143602,0.8563976287841797
9,8.340167,0.6598329544067383
9,8.363858,0.6361417770385742
9,8.648315,0.3516845703125
9,8.686887,0.3131132125854492
9,8.961211,0.038788795471191406
9,8.989049,0.010951042175292969
9,9.258342,0.25834178924560547
9,9.23621,0.23620986938476562
9,9.399553,0.3995532989501953
9,9.371646,0.3716459274291992
9,9.442176,0.44217586517333984
9,9.371293,0.3712930679321289
9,9.608345,0.6083450317382812
9,9.795008,0.7950077056884766
9,9.703029,0.703028678894043
9,9.671746,0.6717462539672852
9,9.617925,0.617924690246582
9,9.647664,0.6476640701293945
9,9.548053,0.5480527877807617
9,9.662906,0.6629056930541992
9,9.676912,0.6769123077392578
9,9.584996,0.584996223449707
9,9.501546,0.5015459060668945
9,9.506505,0.506505012512207
9,9.421468,0.42146778106689453
9,9.519714,0.51971435546875
9,9.535096,0.5350961685180664
9,9.482102,0.4821023941040039
9,9.364751,0.36475086212158203
9,9.305676,0.3056764602661133
9,9.284686,0.2846860885620117
9,9.246448,0.24644756317138672
9,9.279649,0.2796487808227539
9,9.279852,0.27985191345214844
9,9.305745,0.30574512481689453
9,9.360516,0.3605155944824219
9,9.18957,0.18957042694091797
9,9.143888,0.1438884735107422
9,9.061801,0.06180095672607422
9,9.054156,0.05415630340576172
9,9.008912,0.008912086486816406
9,9.152758,0.1527576446533203
9,9.161699,0.1616992950439453
9,9.216626,0.21662616729736328
9,9.212254,0.21225357055664062
9,9.232472,0.23247241973876953
9,9.198547,0.19854736328125
9,9.258313,0.2583131790161133
9,9.09332,0.09331989288330078
9,9.109349,0.10934925079345703
9,8.967137,0.03286266326904297
9,8.970327,0.029672622680664062
9,8.91009,0.08990955352783203
9,8.89992,0.10007953643798828
9,8.887874,0.11212635040283203
9,8.88741,0.11258983612060547
9,8.927514,0.07248592376708984
9,8.994008,0.005991935729980469
9,8.975949,0.02405071258544922
9,9.0470295,0.04702949523925781
9,9.044196,0.044196128845214844
9,9.07001,0.07001018524169922
9,9.073306,0.07330608367919922
9,9.055091,0.055090904235839844
9,9.060384,0.06038379669189453
9,9.115888,0.11588764190673828
9,9.125309,0.12530899047851562
9,9.115029,0.11502933502197266
9,9.135684,0.13568401336669922
9,9.155536,0.15553569793701172
9,9.146764,0.14676380157470703
9,9.214658,0.21465778350830078
9,9.266204,0.2662038803100586
9,9.323949,0.32394886016845703
9,9.358321,0.3583211898803711
9,9.308867,0.3088674545288086
9,9.217999,0.21799945831298828
9,9.196475,0.19647502899169922
9,9.240525,0.2405252456665039
9,9.132123,0.13212299346923828
9,9.210348,0.21034812927246094
9,9.160628,0.1606283187866211
9,9.181215,0.1812152862548828
9,9.071764,0.07176399230957031
9,9.130461,0.1304607391357422
9,9.046687,0.04668712615966797
9,9.099232,0.09923171997070312
9,9.040134,0.040134429931640625
9,8.963342,0.036658287048339844
9,8.926099,0.07390117645263672
9,8.916835,0.08316516876220703
9,8.968137,0.03186321258544922
9,8.949584,0.050415992736816406
9,8.921905,0.0780954360961914
9,8.825853,0.1741466522216797
9,8.933259,0.0667409896850586
9,8.925759,0.07424068450927734
9,9.09278,0.09278011322021484
9,9.12516,0.12516021728515625
9,9.340772,0.3407716751098633
9,9.267227,0.2672271728515625
9,9.279616,0.2796163558959961
9,9.293807,0.2938070297241211
9,9.321423,0.3214225769042969
9,9.386369,0.3863687515258789
9,9.361263,0.3612632751464844
9,9.387767,0.38776683807373047
9,9.383264,0.38326358795166016
9,9.3778105,0.3778104782104492
9,9.47166,0.47165966033935547
9,9.326491,0.3264913558959961
9,9.113622,0.11362171173095703
9,9.695056,0.6950559616088867
9,9.857321,0.8573207855224609
9,10.0992155,1.0992155075073242
9,10.684349,1.6843490600585938
9,10.958974,1.9589738845825195
9,11.367343,2.367342948913574
9,11.3884735,2.3884735107421875
9,11.405469,2.4054689407348633
9,11.448094,2.448094367980957
9,11.409832,2.409832000732422
9,11.547519,2.547518730163574
9,11.465671,2.465670585632324
9,11.729603,2.729602813720703
9,11.6632595,2.663259506225586
9,11.769232,2.7692317962646484
9,11.668115,2.66811466217041
9,11.690572,2.6905717849731445
9,11.645633,2.645632743835449
9,11.628465,2.628464698791504
9,11.600537,2.6005373001098633
9,11.789482,2.7894821166992188
9,11.526152,2.526151657104492
9,11.648774,2.6487741470336914
9,11.586667,2.586667060852051
9,11.661183,2.6611833572387695
9,11.547469,2.547469139099121
9,11.87104,2.8710403442382812
9,12.234961,3.2349605560302734
9,12.024913,3.0249128341674805
9,12.174753,3.174753189086914
9,12.087907,3.087906837463379
9,12.16661,3.166609764099121
9,12.108336,3.1083364486694336
9,12.078353,3.078352928161621
9,11.887159,2.8871593475341797
9,11.952177,2.952177047729492
9,11.9004755,2.90047550201416
9,11.948318,2.948317527770996
9,12.025744,3.0257444381713867
9,12.255494,3.2554941177368164
9,12.070539,3.0705394744873047
9,12.266838,3.2668380737304688
9,12.350278,3.350277900695801
9,12.230748,3.230748176574707
9,12.230096,3.230095863342285
9,12.1022215,3.1022214889526367
9,12.324626,3.3246259689331055
9,12.223956,3.2239561080932617
9,12.181141,3.181140899658203
9,12.216479,3.2164793014526367
9,12.240788,3.240788459777832
9,12.174938,3.174938201904297
9,12.23819,3.238189697265625
9,12.194533,3.194533348083496
9,12.046121,3.0461206436157227
9,12.002812,3.002812385559082
9,11.852868,2.85286808013916
9,11.834327,2.83432674407959
9,11.698155,2.698155403137207
9,11.724062,2.724061965942383
9,11.768433,2.7684326171875
9,11.7716675,2.77166748046875
9,11.518463,2.518463134765625
9,11.247609,2.2476091384887695
9,10.830341,1.8303413391113281
9,11.003507,2.003506660461426
9,10.417606,1.4176063537597656
9,10.618673,1.618673324584961
9,10.2254925,1.2254924774169922
9,10.4630995,1.463099479675293
9,10.192571,1.192570686340332
9,10.472844,1.472844123840332
9,10.241098,1.241098403930664
9,10.368503,1.3685026168823242
9,10.169466,1.1694660186767578
9,10.312089,1.312088966369629
9,9.464404,0.4644041061401367
8,9.097863,1.0978631973266602
8,7.191734,0.8082661628723145
8,7.224733,0.7752671241760254
8,6.631087,1.368913173675537
8,6.8897805,1.1102194786071777
8,6.7887816,1.2112183570861816
8,6.8384013,1.1615986824035645
8,6.777612,1.2223877906799316
8,6.831991,1.168008804321289
8,6.753325,1.2466750144958496
8,6.808074,1.1919260025024414
8,6.709284,1.2907161712646484
8,6.808684,1.1913161277770996
8,6.6375785,1.3624215126037598
8,6.681121,1.3188791275024414
8,6.525065,1.4749350547790527
8,6.5289536,1.4710464477539062
8,6.419166,1.580833911895752
8,6.441841,1.5581588745117188
8,6.368751,1.631248950958252
8,6.4006534,1.59934663772583
8,6.375618,1.6243820190429688
8,6.4484553,1.5515446662902832
8,6.4998617,1.500138282775879
8,6.6394,1.3605999946594238
8,6.727665,1.2723350524902344
8,6.8416953,1.1583046913146973
8,7.177106,0.8228940963745117
8,7.480369,0.5196309089660645
8,7.6788726,0.32112741470336914
8,7.7354693,0.26453065872192383
8,7.8314686,0.1685314178466797
8,7.882836,0.11716413497924805
8,8.005564,0.0055637359619140625
8,8.059787,0.05978679656982422
8,8.165462,0.16546154022216797
8,8.189719,0.18971920013427734
8,8.301169,0.30116939544677734
8,8.312375,0.3123750686645508
8,8.378227,0.37822723388671875
8,8.367286,0.36728572845458984
8,8.42421,0.4242095947265625
8,8.42558,0.4255800247192383
8,8.463044,0.4630441665649414
8,8.466735,0.4667348861694336
8,8.495898,0.4958982467651367
8,8.486951,0.4869508743286133
8,8.507292,0.5072917938232422
8,8.502347,0.5023469924926758
8,8.501332,0.5013322830200195
8,8.482291,0.48229122161865234
8,8.46634,0.4663400650024414
8,8.434148,0.43414783477783203
8,8.377793,0.3777933120727539
8,8.309317,0.30931663513183594
8,8.236667,0.23666667938232422
8,8.160619,0.16061878204345703
8,8.084509,0.08450889587402344
8,8.002093,0.0020933151245117188
8,7.9440875,0.05591249465942383
8,7.8622518,0.13774824142456055
8,7.837361,0.16263914108276367
8,7.7880373,0.21196269989013672
8,7.7647605,0.23523950576782227
8,7.8267574,0.17324256896972656
8,7.872028,0.12797212600708008
8,7.8996468,0.10035324096679688
8,7.8804507,0.11954927444458008
8,7.944859,0.05514097213745117
8,7.9795074,0.0204925537109375
8,7.9963694,0.0036306381225585938
8,7.974059,0.025940895080566406
8,7.981069,0.018930912017822266
8,7.933171,0.06682920455932617
8,7.964953,0.035047054290771484
8,7.946463,0.05353689193725586
8,8.036742,0.036742210388183594
8,8.019965,0.019965171813964844
8,8.046238,0.046237945556640625
8,8.080243,0.08024311065673828
8,8.11229,0.1122903823852539
8,8.179231,0.1792306900024414
8,8.181431,0.18143081665039062
8,8.2289095,0.22890949249267578
8,8.2456455,0.24564552307128906
8,8.283285,0.28328514099121094
8,8.282011,0.2820110321044922
8,8.309289,0.30928897857666016
8,8.306577,0.3065767288208008
8,8.386955,0.38695526123046875
8,8.432755,0.4327554702758789
8,8.536344,0.5363435745239258
8,8.629512,0.629511833190918
8,8.676916,0.6769161224365234
8,8.739345,0.739344596862793
8,8.810894,0.8108940124511719
8,8.8638935,0.8638935089111328
8,8.778752,0.778752326965332
8,9.047657,1.0476570129394531
8,8.8903055,0.8903055191040039
8,9.448885,1.4488849639892578
8,9.625566,1.625565528869629
8,9.92814,1.9281396865844727
8,9.482804,1.482804298400879
8,9.845034,1.8450336456298828
8,9.597532,1.5975322723388672
8,9.860202,1.8602018356323242
8,9.473553,1.4735527038574219
8,9.851938,1.851938247680664
8,9.913389,1.9133892059326172
8,9.724822,1.7248220443725586
8,9.634454,1.6344537734985352
8,9.849818,1.849818229675293
8,9.838707,1.8387069702148438
8,9.861184,1.8611841201782227
8,9.989303,1.989302635192871
8,9.907632,1.9076318740844727
8,9.901261,1.901261329650879
8,9.924004,1.9240036010742188
8,9.93286,1.9328603744506836
8,9.9667635,1.9667634963989258
8,9.902156,1.902155876159668
8,10.005957,2.0059566497802734
8,9.828203,1.8282032012939453
8,10.124778,2.1247777938842773
8,10.123523,2.1235227584838867
8,10.079047,2.079047203063965
8,10.196075,2.196075439453125
8,10.034091,2.034090995788574
8,9.930698,1.9306983947753906
8,9.845138,1.845137596130371
8,9.833337,1.8333368301391602
8,10.090354,2.0903539657592773
8,9.983014,1.9830141067504883
8,9.930574,1.9305744171142578
8,9.74233,1.7423295974731445
8,9.738932,1.738931655883789
8,9.664915,1.6649150848388672
8,9.571588,1.5715875625610352
8,9.804743,1.8047428131103516
8,9.546443,1.546442985534668
8,9.603052,1.6030521392822266
8,9.569121,1.5691213607788086
8,9.539422,1.5394220352172852
8,9.249845,1.2498445510864258
8,9.64114,1.6411399841308594
8,9.667933,1.667933464050293
8,9.514956,1.5149564743041992
8,9.615258,1.6152582168579102
8,9.872521,1.8725214004516602
8,9.870039,1.8700389862060547
8,9.799463,1.7994632720947266
8,10.027268,2.027268409729004
8,10.164773,2.1647729873657227
8,10.490518,2.4905176162719727
8,10.261138,2.2611379623413086
8,10.363167,2.3631668090820312
8,10.548108,2.5481081008911133
8,10.593185,2.5931854248046875
8,10.187544,2.1875438690185547
8,10.296493,2.296492576599121
8,9.930173,1.9301729202270508
8,10.001312,2.001312255859375
8,9.885062,1.8850622177124023
8,10.04477,2.0447702407836914
8,10.062709,2.062708854675293
8,9.970854,1.9708538055419922
8,10.055371,2.0553712844848633
8,9.881627,1.881627082824707
8,9.823691,1.8236913681030273
8,9.577357,1.577357292175293
8,9.517762,1.5177621841430664
8,9.537799,1.5377988815307617
8,9.703725,1.7037248611450195
8,9.668427,1.6684274673461914
8,9.792997,1.7929973602294922
8,9.804191,1.8041906356811523
8,9.922112,1.9221124649047852
8,9.8997555,1.8997554779052734
8,10.036911,2.0369110107421875
8,9.971101,1.9711008071899414
8,9.832402,1.832402229309082
8,9.656461,1.6564607620239258
8,9.6097355,1.6097354888916016
8,9.6222315,1.6222314834594727
8,9.628458,1.628458023071289
8,10.180166,2.180166244506836
8,10.74752,2.7475204467773438
8,11.169138,3.169137954711914
8,11.685443,3.6854429244995117
8,12.029308,4.029308319091797
8,12.333288,4.333288192749023
8,12.257658,4.257658004760742
8,12.145943,4.145942687988281
8,12.314819,4.3148193359375
8,12.6390085,4.639008522033691
8,12.801699,4.801698684692383
8,13.025678,5.025677680969238
8,13.147122,5.147122383117676
8,13.009131,5.00913143157959
8,12.037192,4.037192344665527
8,12.100834,4.100833892822266
8,11.736037,3.736037254333496
8,11.729943,3.72994327545166
8,11.3585,3.358499526977539
8,11.663479,3.6634788513183594
8,11.275593,3.275592803955078
8,11.4449835,3.44498348236084
8,11.103076,3.1030759811401367
8,11.305209,3.305209159851074
8,10.988116,2.9881162643432617
8,11.159236,3.159235954284668
8,10.876648,2.87664794921875
8,11.363824,3.363823890686035
8,11.148612,3.1486120223999023
8,11.762098,3.7620983123779297
8,11.522218,3.5222177505493164
8,11.683232,3.683232307434082
8,11.562238,3.5622377395629883
8,11.767625,3.767624855041504
8,11.944371,3.944371223449707
8,12.311652,4.311652183532715
8,12.404626,4.40462589263916
8,12.373286,4.373286247253418
8,12.306634,4.306633949279785
8,12.359078,4.359078407287598
8,12.066192,4.066191673278809
8,12.033347,4.033347129821777
8,11.819638,3.819638252258301
8,11.119662,3.119662284851074
8,11.353615,3.3536148071289062
8,10.92697,2.926969528198242
8,10.862923,2.8629226684570312
8,10.363218,2.363218307495117
8,10.382119,2.3821191787719727
8,10.028361,2.0283613204956055
8,10.290753,2.2907533645629883
8,9.913919,1.913919448852539
8,10.041844,2.041844367980957
8,9.7736845,1.7736845016479492
8,9.794654,1.7946538925170898
8,9.733173,1.7331733703613281
8,10.592965,2.5929651260375977
8,10.511806,2.511805534362793
8,10.76024,2.760239601135254
8,10.632176,2.632176399230957
8,10.17468,2.174679756164551
8,10.17499,2.174989700317383
8,9.573272,1.5732717514038086
8,9.351695,1.3516950607299805
8,9.509954,1.5099544525146484
8,9.601657,1.6016569137573242
8,9.414994,1.414994239807129
8,9.518766,1.5187664031982422
8,9.613289,1.6132888793945312
8,8.596322,0.5963220596313477
8,8.244971,0.24497127532958984
8,8.412547,0.41254711151123047
8,8.534867,0.5348672866821289
8,8.707318,0.7073183059692383
8,9.187149,1.1871490478515625
8,9.439955,1.4399547576904297
8,9.630347,1.6303472518920898
8,9.793096,1.793095588684082
8,10.058269,2.0582685470581055
8,10.252365,2.2523651123046875
8,10.098893,2.098893165588379
8,10.454102,2.4541015625
8,10.826948,2.8269481658935547
8,11.364193,3.3641929626464844
8,10.820958,2.820958137512207
8,10.648904,2.6489038467407227
8,9.969464,1.9694643020629883
8,10.128645,2.1286449432373047
8,10.488023,2.488022804260254
8,10.932397,2.93239688873291
8,11.428702,3.4287023544311523
8,12.018651,4.018651008605957
8,11.966491,3.9664907455444336
8,12.146973,4.14697265625
8,12.237543,4.237543106079102
8,12.275056,4.275055885314941
8,12.282489,4.282488822937012
8,12.0996065,4.099606513977051
8,11.889951,3.889950752258301
8,12.131204,4.131203651428223
8,11.904872,3.904871940612793
8,11.950368,3.9503679275512695
8,11.219012,3.2190122604370117
8,11.060117,3.060116767883301
8,10.837706,2.837705612182617
8,10.630788,2.6307878494262695
8,10.550559,2.5505590438842773
8,10.351251,2.351250648498535
8,10.523437,2.5234365463256836
8,10.380244,2.380244255065918
8,10.405409,2.4054088592529297
8,10.3172655,2.317265510559082
8,10.465761,2.465761184692383
8,10.395237,2.3952369689941406
8,10.446294,2.446293830871582
8,10.399003,2.399003028869629
8,10.472504,2.472503662109375
8,10.377154,2.3771543502807617
8,10.4088125,2.4088125228881836
8,10.327,2.3269996643066406
8,10.379543,2.3795433044433594
8,10.388615,2.3886146545410156
8,10.409482,2.409482002258301
8,10.436656,2.4366559982299805
8,10.520869,2.520869255065918
8,10.499282,2.499281883239746
8,10.102665,2.1026649475097656
8,9.462356,1.462355613708496
8,10.106062,2.1060619354248047
7,11.055352,4.055352210998535
7,9.967799,2.967799186706543
7,8.770674,1.7706737518310547
7,9.062196,2.0621957778930664
7,7.8698597,0.8698596954345703
7,8.392979,1.3929786682128906
7,7.4775405,0.4775404930114746
7,8.089532,1.0895318984985352
7,7.433998,0.43399810791015625
7,7.9713874,0.9713873863220215
7,7.42386,0.4238600730895996
7,7.856912,0.8569121360778809
7,7.3949137,0.3949136734008789
7,7.7472687,0.7472686767578125
7,7.3297515,0.32975149154663086
7,7.6029606,0.6029605865478516
7,7.1531568,0.15315675735473633
7,7.401134,0.40113401412963867
7,6.990359,0.009641170501708984
7,7.1983223,0.19832229614257812
7,6.8000703,0.19992971420288086
7,7.0001307,0.00013065338134765625
7,6.6305885,0.3694114685058594
7,6.8015018,0.19849824905395508
7,6.4383655,0.5616345405578613
7,6.688959,0.31104087829589844
7,6.490173,0.5098271369934082
7,6.7577496,0.2422504425048828
7,6.451665,0.548335075378418
7,6.2441573,0.7558426856994629
7,5.684153,1.3158469200134277
7,5.5229297,1.4770703315734863
7,5.761681,1.238318920135498
7,5.732078,1.2679219245910645
7,6.17703,0.822969913482666
7,6.071613,0.9283871650695801
7,6.2516723,0.7483277320861816
7,5.647046,1.3529539108276367
7,5.864658,1.1353421211242676
7,5.6614127,1.3385872840881348
7,5.89934,1.1006598472595215
7,5.6471148,1.3528852462768555
7,5.966037,1.0339632034301758
7,5.755218,1.2447819709777832
7,6.081496,0.9185042381286621
7,5.815253,1.1847472190856934
7,6.1253123,0.874687671661377
7,5.7836337,1.2163662910461426
7,6.0820665,0.917933464050293
7,5.773109,1.226891040802002
7,6.062945,0.9370551109313965
7,5.7736506,1.2263493537902832
7,6.0121245,0.9878754615783691
7,5.7586055,1.2413945198059082
7,5.9479985,1.0520014762878418
7,5.6964498,1.3035502433776855
7,5.8372126,1.1627874374389648
7,5.712272,1.2877278327941895
7,6.1920247,0.8079752922058105
7,6.0623846,0.9376153945922852
7,6.225741,0.774259090423584
7,6.1292834,0.8707165718078613
7,6.300759,0.6992411613464355
7,6.2391334,0.760866641998291
7,6.364909,0.6350908279418945
7,6.2751193,0.7248806953430176
7,6.2954974,0.7045025825500488
7,6.1836762,0.8163237571716309
7,6.1564097,0.843590259552002
7,6.019812,0.9801878929138184
7,5.972987,1.027012825012207
7,5.832255,1.1677451133728027
7,5.8035574,1.1964426040649414
7,5.6927333,1.3072667121887207
7,5.661876,1.3381237983703613
7,5.5745335,1.425466537475586
7,5.5473514,1.452648639678955
7,5.4662433,1.5337567329406738
7,5.414949,1.5850510597229004
7,5.3352103,1.6647896766662598
7,5.298427,1.7015728950500488
7,5.2474074,1.7525925636291504
7,5.243185,1.756814956665039
7,5.1909447,1.8090553283691406
7,5.164698,1.8353018760681152
7,5.088142,1.911858081817627
7,5.060245,1.9397549629211426
7,5.040659,1.959341049194336
7,5.018539,1.9814610481262207
7,4.9928174,2.0071825981140137
7,4.9728103,2.0271897315979004
7,4.961223,2.0387768745422363
7,4.957377,2.0426230430603027
7,4.9466934,2.0533065795898438
7,4.9026957,2.097304344177246
7,4.8775096,2.122490406036377
7,4.8338532,2.166146755218506
7,4.828298,2.1717019081115723
7,4.7899556,2.2100443840026855
7,4.7883477,2.2116522789001465
7,4.732652,2.267347812652588
7,4.755522,2.244478225708008
7,4.7553744,2.2446255683898926
7,4.8442564,2.1557435989379883
7,4.8614087,2.1385912895202637
7,4.883708,2.1162919998168945
7,4.849296,2.1507039070129395
7,4.8856773,2.1143226623535156
7,4.819155,2.180844783782959
7,4.840193,2.1598072052001953
7,4.7623963,2.2376036643981934
7,4.763636,2.2363638877868652
7,4.698981,2.3010191917419434
7,4.6945515,2.305448532104492
7,4.64199,2.3580098152160645
7,4.6470976,2.352902412414551
7,4.618099,2.3819007873535156
7,4.64879,2.351210117340088
7,4.619516,2.380484104156494
7,4.667681,2.3323187828063965
7,4.6242094,2.375790596008301
7,4.6940684,2.305931568145752
7,4.7147026,2.285297393798828
7,4.794744,2.2052559852600098
7,4.828075,2.1719250679016113
7,4.920529,2.0794711112976074
7,4.9830346,2.016965389251709
7,5.0984187,1.9015812873840332
7,5.2524304,1.7475695610046387
7,5.4045544,1.5954456329345703
7,5.366011,1.633988857269287
7,5.5107665,1.4892334938049316
7,5.579318,1.4206819534301758
7,5.5336227,1.4663772583007812
7,5.6921105,1.307889461517334
7,5.5926137,1.407386302947998
7,5.707798,1.2922019958496094
7,5.5769935,1.423006534576416
7,5.630901,1.3690991401672363
7,5.556199,1.443800926208496
7,5.686272,1.313727855682373
7,5.6325583,1.3674416542053223
7,5.7919016,1.2080984115600586
7,5.6698494,1.3301506042480469
7,5.834615,1.1653847694396973
7,5.742318,1.2576818466186523
7,5.9657106,1.0342893600463867
7,5.8435407,1.1564593315124512
7,6.070699,0.9293007850646973
7,5.9639893,1.0360107421875
7,6.123677,0.8763232231140137
7,5.990888,1.0091118812561035
7,5.940662,1.059338092803955
7,5.7903075,1.2096924781799316
7,5.750539,1.2494611740112305
7,5.6235385,1.3764615058898926
7,5.5124664,1.4875335693359375
7,5.514501,1.4854989051818848
7,5.9163613,1.0836386680603027
7,5.8396025,1.1603975296020508
7,5.9017797,1.0982203483581543
7,5.9465013,1.0534987449645996
7,5.8822517,1.1177482604980469
7,5.734653,1.2653470039367676
7,5.683976,1.316023826599121
7,5.7863026,1.2136974334716797
7,6.0887017,0.9112982749938965
7,6.172809,0.8271908760070801
7,6.3317866,0.6682133674621582
7,6.3149185,0.6850814819335938
7,6.417338,0.5826621055603027
7,6.4241033,0.5758967399597168
7,6.3346896,0.6653103828430176
7,6.321754,0.678246021270752
7,6.2226825,0.7773175239562988
7,6.3830748,0.6169252395629883
7,6.5325484,0.4674515724182129
7,7.291787,0.29178714752197266
7,7.3982916,0.39829158782958984
7,7.922828,0.922828197479248
7,8.375863,1.3758630752563477
7,8.91505,1.9150495529174805
7,8.847408,1.8474082946777344
7,8.959848,1.959848403930664
7,8.948472,1.948472023010254
7,9.274127,2.2741270065307617
7,9.206195,2.2061948776245117
7,9.442538,2.442538261413574
7,9.547826,2.547825813293457
7,9.931596,2.931595802307129
7,9.249195,2.249195098876953
7,9.430167,2.4301671981811523
7,9.184691,2.1846914291381836
7,9.257566,2.257566452026367
7,9.036166,2.036166191101074
7,9.253699,2.25369930267334
7,9.123849,2.1238489151000977
7,9.227924,2.227924346923828
7,8.998157,1.9981565475463867
7,9.059382,2.059382438659668
7,8.796184,1.7961835861206055
7,8.376094,1.376093864440918
7,8.306985,1.3069849014282227
7,8.937362,1.937361717224121
7,9.567769,2.5677690505981445
7,9.301063,2.30106258392334
7,9.141024,2.141023635864258
7,9.241566,2.241565704345703
7,8.981944,1.9819440841674805
7,8.732084,1.7320842742919922
7,8.778166,1.7781658172607422
7,9.020801,2.0208005905151367
7,8.799817,1.7998170852661133
7,8.906801,1.9068012237548828
7,8.516057,1.516057014465332
7,8.660303,1.6603031158447266
7,7.0267253,0.026725292205810547
7,6.28493,0.7150697708129883
7,6.2238116,0.7761883735656738
7,6.4066625,0.5933375358581543
7,6.387975,0.6120247840881348
7,6.809068,0.1909317970275879
7,6.580174,0.41982603073120117
7,6.9635057,0.03649425506591797
7,6.5135207,0.4864792823791504
7,6.78883,0.21117019653320312
7,6.386564,0.613436222076416
7,6.9356046,0.06439542770385742
7,6.493426,0.5065741539001465
7,8.627616,1.6276159286499023
7,9.176245,2.1762447357177734
7,9.928312,2.928312301635742
7,8.78418,1.7841796875
7,9.439942,2.4399423599243164
7,8.945261,1.945261001586914
7,8.93731,1.9373102188110352
7,8.4185,1.4184999465942383
7,8.582084,1.5820837020874023
7,8.196616,1.1966161727905273
7,8.227333,1.2273330688476562
7,8.13165,1.1316499710083008
7,7.768316,0.7683157920837402
7,7.503234,0.5032339096069336
7,7.4574704,0.4574704170227051
7,8.185257,1.1852569580078125
7,7.776625,0.7766251564025879
7,9.552293,2.552292823791504
6,9.747355,3.7473554611206055
6,9.436637,3.4366369247436523
6,8.518058,2.5180578231811523
6,7.92135,1.9213500022888184
6,7.4059567,1.405956745147705
6,7.482529,1.4825291633605957
6,6.983053,0.9830532073974609
6,7.1172786,1.1172785758972168
6,6.755865,0.7558650970458984
6,7.001102,1.0011019706726074
6,6.703629,0.7036290168762207
6,6.947057,0.947056770324707
6,6.6700892,0.6700892448425293
6,6.8915377,0.8915376663208008
6,6.613901,0.6139011383056641
6,6.817784,0.8177838325500488
6,6.5844097,0.5844097137451172
6,6.723558,0.7235579490661621
6,6.3906465,0.39064645767211914
6,6.4959736,0.4959735870361328
6,6.14372,0.14372014999389648
6,6.283098,0.2830982208251953
6,6.094728,0.09472799301147461
6,6.3983617,0.3983616828918457
6,6.1589217,0.1589217185974121
6,6.3142514,0.3142514228820801
6,6.268104,0.26810407638549805
6,6.398513,0.3985128402709961
6,6.1454673,0.14546728134155273
6,6.20387,0.20386981964111328
6,6.121575,0.12157487869262695
6,6.0274043,0.027404308319091797
6,5.9413905,0.0586094856262207
6,5.886301,0.11369895935058594
6,5.918282,0.08171796798706055
6,5.8853264,0.11467361450195312
6,5.916837,0.08316278457641602
6,5.884442,0.11555814743041992
6,5.8632407,0.13675928115844727
6,5.82939,0.1706099510192871
6,5.767033,0.23296689987182617
6,5.7176642,0.2823357582092285
6,5.663825,0.33617496490478516
6,5.6389585,0.3610415458679199
6,5.5796547,0.4203453063964844
6,5.5613875,0.4386124610900879
6,5.512038,0.4879617691040039
6,5.550945,0.44905519485473633
6,5.492352,0.5076479911804199
6,5.4929404,0.5070595741271973
6,5.398085,0.6019148826599121
6,5.367132,0.6328678131103516
6,5.249486,0.750514030456543
6,5.2495694,0.7504305839538574
6,5.134003,0.8659968376159668
6,5.101541,0.8984589576721191
6,4.945333,1.0546669960021973
6,4.937664,1.0623359680175781
6,4.730952,1.2690482139587402
6,4.6295915,1.370408535003662
6,4.67866,1.3213400840759277
6,4.6592155,1.3407845497131348
6,4.6370716,1.3629283905029297
6,4.637341,1.362658977508545
6,4.6950517,1.304948329925537
6,4.6851535,1.3148465156555176
6,4.816525,1.1834750175476074
6,4.6849065,1.3150935173034668
6,4.757997,1.2420029640197754
6,4.6018434,1.3981566429138184
6,4.6765685,1.3234314918518066
6,4.5725718,1.4274282455444336
6,4.702945,1.2970547676086426
6,4.570277,1.429722785949707
6,4.7117467,1.2882533073425293
6,4.554282,1.4457178115844727
6,4.687453,1.312547206878662
6,4.555369,1.4446310997009277
6,4.727135,1.272864818572998
6,4.5929675,1.4070324897766113
6,4.7908506,1.2091493606567383
6,5.663746,0.3362541198730469
6,5.684132,0.31586790084838867
6,6.4072137,0.4072136878967285
6,6.9708314,0.9708313941955566
6,6.912971,0.912971019744873
6,6.899555,0.8995552062988281
6,7.3949747,1.394974708557129
6,7.144892,1.1448922157287598
6,7.577945,1.5779452323913574
6,7.186497,1.1864972114562988
6,7.7574906,1.757490634918213
6,7.4670963,1.4670963287353516
6,8.006917,2.0069169998168945
6,7.780666,1.7806658744812012
6,8.276087,2.2760868072509766
6,7.8854384,1.8854384422302246
6,8.526475,2.526474952697754
6,8.444831,2.444830894470215
6,8.992508,2.9925079345703125
6,8.861217,2.8612165451049805
6,9.1747055,3.1747055053710938
6,8.48811,2.488109588623047
6,9.208827,3.208827018737793
6,8.864807,2.86480712890625
6,9.364326,3.364325523376465
6,8.994624,2.994624137878418
6,8.767514,2.767514228820801
6,8.7153635,2.7153635025024414
6,8.336772,2.3367719650268555
6,8.712729,2.7127294540405273
6,8.443096,2.443096160888672
6,8.042329,2.0423288345336914
6,7.4805517,1.4805517196655273
6,7.5627093,1.5627093315124512
6,7.5340705,1.5340704917907715
6,7.6460605,1.6460604667663574
6,7.530862,1.5308618545532227
6,7.4959893,1.4959893226623535
6,7.292958,1.2929577827453613
6,7.3061833,1.3061833381652832
6,7.505203,1.5052027702331543
6,7.5690284,1.569028377532959
6,7.7093515,1.7093515396118164
6,8.191282,2.191282272338867
6,8.344988,2.3449878692626953
6,8.58297,2.5829696655273438
6,8.632878,2.632878303527832
6,8.579028,2.5790281295776367
6,8.656713,2.656712532043457
6,9.196538,3.196537971496582
6,9.032521,3.0325212478637695
6,9.151616,3.151616096496582
6,8.960735,2.960735321044922
6,9.098046,3.09804630279541
6,9.173099,3.173098564147949
6,9.305179,3.305178642272949
6,9.431659,3.4316587448120117
6,9.553893,3.5538930892944336
6,9.67909,3.6790895462036133
6,9.699829,3.6998291015625
6,9.776305,3.7763051986694336
6,9.786197,3.786196708679199
6,9.830728,3.8307275772094727
6,9.7866955,3.7866954803466797
6,9.780581,3.780581474304199
6,9.800037,3.800037384033203
6,9.929688,3.9296884536743164
6,10.063579,4.0635786056518555
6,10.125091,4.125090599060059
6,10.082736,4.082736015319824
6,10.105574,4.105573654174805
6,10.082398,4.082398414611816
6,10.1144905,4.114490509033203
6,10.116719,4.1167192459106445
6,10.145968,4.145968437194824
6,9.923518,3.923518180847168
6,9.8855505,3.8855504989624023
6,9.8245,3.82450008392334
6,9.897249,3.897249221801758
6,9.851445,3.851445198059082
6,9.937139,3.937138557434082
6,10.080472,4.080471992492676
6,10.132446,4.1324462890625
6,10.181631,4.181631088256836
6,10.2468195,4.246819496154785
6,10.134908,4.1349077224731445
6,10.025224,4.025223731994629
6,10.068587,4.068587303161621
6,10.05837,4.0583696365356445
6,10.060325,4.060324668884277
6,10.112426,4.112425804138184
6,10.1527605,4.1527605056762695
6,10.12985,4.129850387573242
6,10.112315,4.1123151779174805
6,10.101408,4.101408004760742
6,10.084848,4.084848403930664
6,9.941283,3.9412832260131836
6,10.089831,4.089831352233887
6,10.401556,4.401556015014648
6,10.753465,4.753464698791504
6,10.741246,4.741246223449707
6,11.159303,5.159302711486816
6,11.1142,5.114199638366699
6,11.419124,5.419123649597168
6,11.516757,5.516757011413574
6,11.553704,5.553704261779785
6,11.328341,5.328340530395508
6,10.791627,4.791626930236816
6,10.750632,4.750632286071777
6,10.589391,4.589390754699707
6,10.591493,4.591492652893066
6,10.459351,4.4593505859375
6,10.417388,4.417387962341309
6,10.157197,4.157196998596191
6,10.143565,4.1435651779174805
6,10.209885,4.2098846435546875
6,10.543515,4.543515205383301
6,10.698142,4.698142051696777
6,10.842355,4.842354774475098
6,11.068897,5.068897247314453
6,11.113269,5.113268852233887
6,11.256417,5.256417274475098
6,11.325134,5.32513427734375
6,11.557996,5.557995796203613
6,11.547151,5.547150611877441
6,11.0843115,5.084311485290527
6,11.062484,5.062483787536621
6,10.806796,4.806796073913574
6,10.839978,4.839978218078613
6,10.579234,4.5792341232299805
6,10.61023,4.610230445861816
6,10.228965,4.228964805603027
6,10.211049,4.2110490798950195
6,9.911321,3.911320686340332
6,9.790782,3.7907819747924805
6,9.7462435,3.746243476867676
6,9.812781,3.81278133392334
6,9.72742,3.727419853210449
6,9.757853,3.757852554321289
6,9.70214,3.7021398544311523
6,9.800121,3.800121307373047
6,9.924697,3.924696922302246
6,10.184536,4.184535980224609
6,10.057005,4.057004928588867
6,10.002551,4.002551078796387
6,9.737467,3.737466812133789
6,9.280344,3.280344009399414
6,8.738004,2.738003730773926
6,8.9992075,2.9992074966430664
6,8.735004,2.735004425048828
6,8.699289,2.699289321899414
6,8.594388,2.594388008117676
6,8.605068,2.6050682067871094
6,8.69361,2.693610191345215
6,8.925995,2.925994873046875
6,8.901934,2.9019336700439453
6,9.046166,3.04616641998291
6,8.925109,2.9251089096069336
6,9.093915,3.0939149856567383
6,9.067538,3.067538261413574
6,9.184743,3.1847429275512695
6,9.150239,3.1502389907836914
6,9.386409,3.386408805847168
6,8.348486,2.3484859466552734
6,8.032867,2.032867431640625
6,7.5786147,1.5786147117614746
6,7.719976,1.7199759483337402
6,7.159912,1.159912109375
6,7.392059,1.3920588493347168
6,7.141236,1.1412358283996582
6,7.2012143,1.20121431350708
6,7.154066,1.1540660858154297
6,7.278548,1.278547763824463
6,7.251909,1.251908779144287
6,8.361683,2.361682891845703
6,8.846109,2.846109390258789
6,9.084376,3.084376335144043
6,9.010833,3.0108327865600586
6,8.976557,2.9765567779541016
6,8.755,2.755000114440918
6,8.756111,2.7561111450195312
6,8.706334,2.706334114074707
6,8.713651,2.713650703430176
6,8.744398,2.7443981170654297
6,8.715445,2.715444564819336
6,8.834326,2.8343257904052734
6,8.696937,2.69693660736084
6,8.730625,2.7306251525878906
6,8.720859,2.720858573913574
6,7.9428654,1.9428653717041016
6,6.979386,0.9793858528137207
6,8.891068,2.891068458557129
6,9.548522,3.5485219955444336
6,9.675928,3.6759281158447266
6,9.592597,3.592597007751465
6,9.433546,3.4335460662841797
6,9.293377,3.293376922607422
6,8.494346,2.4943456649780273
6,8.5791445,2.5791444778442383
5,8.8637295,3.863729476928711
5,8.919465,3.9194650650024414
5,7.6176286,2.617628574371338
5,7.1949315,2.1949315071105957
5,6.433275,1.4332752227783203
5,6.645384,1.6453838348388672
5,5.758262,0.7582621574401855
5,6.2407436,1.240743637084961
5,5.5621405,0.5621404647827148
5,6.1052504,1.105250358581543
5,5.504974,0.5049738883972168
5,5.9669604,0.9669604301452637
5,5.430001,0.43000078201293945
5,5.738711,0.738710880279541
5,5.305916,0.30591583251953125
5,5.5378575,0.5378575325012207
5,5.015843,0.015842914581298828
5,5.1574464,0.15744638442993164
5,4.8238006,0.17619943618774414
5,4.984431,0.015569210052490234
5,4.6627812,0.3372187614440918
5,4.8536744,0.14632558822631836
5,4.5592427,0.44075727462768555
5,4.7304664,0.269533634185791
5,4.4264503,0.573549747467041
5,4.594271,0.405728816986084
5,4.476618,0.5233821868896484
5,4.7519917,0.24800825119018555
5,4.0230813,0.9769186973571777
5,4.1396785,0.8603215217590332
5,3.4765375,1.5234625339508057
5,3.8416224,1.1583776473999023
5,3.5484567,1.4515433311462402
5,4.0985208,0.9014792442321777
5,3.7893763,1.2106237411499023
5,3.927033,1.0729670524597168
5,3.4039426,1.596057415008545
5,3.7783103,1.2216897010803223
5,3.343123,1.656877040863037
5,3.867653,1.1323471069335938
5,3.527741,1.4722590446472168
5,4.0019193,0.9980807304382324
5,3.7085533,1.2914466857910156
5,4.12966,0.8703398704528809
5,3.8808093,1.1191906929016113
5,4.198351,0.8016490936279297
5,3.972161,1.027838945388794
5,4.224215,0.775784969329834
5,4.0189266,0.9810733795166016
5,4.169178,0.8308219909667969
5,3.914177,1.0858230590820312
5,3.9820158,1.01798415184021
5,3.8113794,1.1886205673217773
5,4.0050244,0.9949755668640137
5,3.8929434,1.1070566177368164
5,4.389027,0.6109728813171387
5,4.3778815,0.6221184730529785
5,4.4940734,0.5059266090393066
5,4.750423,0.24957704544067383
5,4.9874716,0.012528419494628906
5,4.9454393,0.05456066131591797
5,5.004309,0.004309177398681641
5,5.004418,0.004417896270751953
5,5.0892034,0.0892033576965332
5,5.0485845,0.0485844612121582
5,5.023171,0.023170948028564453
5,5.0135407,0.01354074478149414
5,5.0005875,0.00058746337890625
5,4.899178,0.10082197189331055
5,4.9123664,0.08763360977172852
5,4.75839,0.24161005020141602
5,4.7478347,0.2521653175354004
5,4.61663,0.38336992263793945
5,4.654102,0.3458981513977051
5,4.5849957,0.41500425338745117
5,4.5262847,0.47371530532836914
5,4.4768014,0.5231986045837402
5,4.62034,0.37966012954711914
5,4.5218945,0.4781055450439453
5,4.876852,0.12314796447753906
5,4.829148,0.1708521842956543
5,5.0493846,0.04938459396362305
5,4.9776726,0.022327423095703125
5,5.367734,0.3677339553833008
5,5.2459173,0.24591732025146484
5,5.7291255,0.7291254997253418
5,5.6227384,0.6227383613586426
5,6.149555,1.1495552062988281
5,5.873495,0.8734951019287109
5,6.4747868,1.4747867584228516
5,6.2880955,1.288095474243164
5,6.7684035,1.7684035301208496
5,6.5344253,1.5344252586364746
5,6.9608464,1.9608464241027832
5,6.915552,1.9155521392822266
5,7.439608,2.439608097076416
5,7.332419,2.332418918609619
5,7.55287,2.5528697967529297
5,7.432076,2.4320759773254395
5,7.4579744,2.457974433898926
5,7.1969094,2.1969094276428223
5,7.0781336,2.0781335830688477
5,6.649268,1.6492681503295898
5,7.1295395,2.1295394897460938
5,6.836763,1.8367629051208496
5,7.018855,2.018855094909668
5,6.532747,1.5327467918395996
5,6.505379,1.5053791999816895
5,6.0984054,1.098405361175537
5,6.423537,1.423536777496338
5,6.1047277,1.1047277450561523
5,6.0897756,1.089775562286377
5,5.7045913,0.7045912742614746
5,5.8935714,0.8935713768005371
5,5.423434,0.423433780670166
5,5.5395713,0.5395712852478027
5,5.684935,0.6849350929260254
5,6.2487984,1.2487983703613281
5,6.0298476,1.0298476219177246
5,7.15622,2.156219959259033
5,7.025993,2.0259928703308105
5,6.988437,1.9884371757507324
5,6.796195,1.7961950302124023
5,6.949955,1.9499549865722656
5,6.5128646,1.512864589691162
5,6.50475,1.5047497749328613
5,6.034105,1.034104824066162
5,6.0799837,1.0799837112426758
5,5.5243154,0.524315357208252
5,5.389585,0.389585018157959
5,5.07313,0.07313013076782227
5,5.390735,0.3907351493835449
5,5.368109,0.36810922622680664
5,5.2955785,0.2955784797668457
5,5.6206813,0.6206812858581543
5,5.875028,0.875028133392334
5,5.895152,0.8951520919799805
5,5.7134767,0.7134766578674316
5,5.8401465,0.840146541595459
5,5.6855636,0.6855635643005371
5,6.432403,1.4324030876159668
5,6.5983357,1.5983357429504395
5,7.552666,2.552666187286377
5,8.067597,3.0675973892211914
5,8.02875,3.028750419616699
5,7.4664474,2.466447353363037
5,7.330428,2.330428123474121
5,5.817823,0.8178229331970215
5,5.590859,0.5908589363098145
5,5.567304,0.5673041343688965
5,5.7278457,0.7278456687927246
5,5.626599,0.6265988349914551
5,5.7675033,0.7675032615661621
5,5.651568,0.6515679359436035
5,5.855777,0.8557767868041992
5,5.663695,0.6636948585510254
5,5.891212,0.891211986541748
5,5.919497,0.919497013092041
5,6.0181723,1.018172264099121
5,5.815104,0.8151040077209473
5,6.0911784,1.0911784172058105
5,5.9157133,0.9157133102416992
5,6.215647,1.2156472206115723
5,5.9388824,0.9388823509216309
5,6.1939616,1.1939616203308105
5,6.329439,1.3294391632080078
5,6.5538373,1.5538372993469238
5,6.4882407,1.4882407188415527
5,6.8174005,1.8174004554748535
5,6.7617335,1.7617335319519043
5,7.252792,2.2527918815612793
5,7.081968,2.081967830657959
5,6.8383374,1.8383374214172363
5,6.6923585,1.6923584938049316
5,6.3958974,1.395897388458252
5,6.576823,1.5768232345581055
5,6.6060314,1.6060314178466797
5,6.7979097,1.7979097366333008
5,6.7015862,1.7015862464904785
5,6.732923,1.7329230308532715
5,6.6058173,1.6058173179626465
5,6.645553,1.6455531120300293
5,6.4782586,1.4782586097717285
5,6.538937,1.5389370918273926
5,6.396825,1.396824836730957
5,6.2622104,1.2622103691101074
5,6.2567673,1.2567672729492188
5,6.2714734,1.2714734077453613
5,6.235605,1.2356047630310059
5,6.297422,1.297421932220459
5,6.065066,1.065065860748291
5,6.463261,1.4632611274719238
5,6.2573795,1.2573795318603516
5,6.276349,1.2763490676879883
5,6.153482,1.1534819602966309
5,6.2283254,1.228325366973877
5,6.100943,1.1009430885314941
5,6.26376,1.2637600898742676
5,6.190512,1.1905121803283691
5,6.530116,1.530116081237793
5,6.6876645,1.68766450881958
5,6.986235,1.9862351417541504
5,6.574104,1.574103832244873
5,6.5698457,1.5698456764221191
5,6.0532856,1.0532855987548828
5,6.039538,1.0395379066467285
5,5.683587,0.6835870742797852
5,5.9716763,0.9716763496398926
5,5.9432383,0.9432382583618164
5,6.032761,1.0327610969543457
5,6.11634,1.116340160369873
5,6.583007,1.5830068588256836
5,6.738169,1.7381691932678223
5,6.866736,1.8667359352111816
5,7.1734147,2.173414707183838
5,7.0497375,2.0497374534606934
5,7.0318084,2.031808376312256
5,7.1742377,2.1742377281188965
5,7.3445983,2.3445982933044434
5,7.0731826,2.0731825828552246
5,7.2447176,2.244717597961426
5,7.1837564,2.1837563514709473
5,7.3291793,2.329179286956787
5,7.178479,2.1784791946411133
5,7.257131,2.2571310997009277
5,7.4103785,2.4103784561157227
5,8.114994,3.1149940490722656
5,7.8795333,2.879533290863037
5,7.0956054,2.0956053733825684
5,6.7467284,1.7467284202575684
5,6.9585047,1.9585046768188477
5,6.673432,1.6734318733215332
5,7.497377,2.4973769187927246
5,7.691839,2.6918392181396484
5,8.305371,3.3053712844848633
5,8.4572935,3.4572935104370117
5,8.485198,3.4851980209350586
5,8.189711,3.1897106170654297
5,8.551737,3.551736831665039
5,8.228297,3.228297233581543
5,8.655902,3.6559019088745117
5,8.41599,3.415989875793457
5,8.601291,3.601290702819824
5,8.985557,3.9855566024780273
5,9.642012,4.642011642456055
5,9.425326,4.425326347351074
5,9.377486,4.377486228942871
5,9.547354,4.547353744506836
5,9.68417,4.684169769287109
5,9.663587,4.663586616516113
5,9.650823,4.650822639465332
5,9.372628,4.372628211975098
5,9.031678,4.031678199768066
5,8.739965,3.7399654388427734
5,8.3429575,3.3429574966430664
5,8.511128,3.5111284255981445
5,8.896565,3.8965654373168945
5,8.789128,3.789128303527832
5,8.669225,3.669224739074707
5,8.138128,3.1381282806396484
5,7.647705,2.647705078125
5,7.536998,2.5369977951049805
5,7.633361,2.6333608627319336
5,7.582783,2.5827832221984863
5,7.5789924,2.5789923667907715
5,7.4890966,2.4890966415405273
5,7.362219,2.3622188568115234
5,7.3707194,2.3707194328308105
5,7.2694497,2.2694497108459473
5,6.989106,1.9891061782836914
5,6.2858562,1.2858562469482422
5,7.033934,2.0339341163635254
5,7.711095,2.711094856262207
4,9.236293,5.236292839050293
4,7.784083,3.7840828895568848
4,7.4636784,3.4636783599853516
4,6.5225234,2.5225234031677246
4,5.8147664,1.8147664070129395
4,5.3294654,1.329465389251709
4,4.8160625,0.8160624504089355
4,4.6080365,0.6080365180969238
4,4.306248,0.30624818801879883
4,4.14986,0.14985990524291992
4,3.9262362,0.07376384735107422
4,3.8358717,0.16412830352783203
4,3.6936846,0.30631542205810547
4,3.7120035,0.2879965305328369
4,3.597443,0.4025568962097168
4,3.611607,0.38839292526245117
4,3.485473,0.5145270824432373
4,3.5209126,0.47908735275268555
4,3.3931246,0.6068754196166992
4,3.3981156,0.6018843650817871
4,3.316012,0.683988094329834
4,3.3025029,0.6974971294403076
4,3.208372,0.7916278839111328
4,3.1924934,0.8075065612792969
4,3.1987221,0.8012778759002686
4,3.3659072,0.6340928077697754
4,3.3296628,0.6703372001647949
4,3.3621626,0.6378374099731445
4,3.2059329,0.7940671443939209
4,3.2990594,0.7009406089782715
4,3.2381964,0.7618036270141602
4,3.2268367,0.7731633186340332
4,3.219861,0.7801389694213867
4,3.212814,0.7871859073638916
4,3.1999502,0.8000497817993164
4,3.193018,0.8069820404052734
4,3.1876743,0.8123257160186768
4,3.1800632,0.8199367523193359
4,3.188478,0.8115220069885254
4,3.17568,0.8243200778961182
4,3.176846,0.8231539726257324
4,3.1399722,0.8600277900695801
4,3.1283271,0.8716728687286377
4,3.0606334,0.9393665790557861
4,3.0367355,0.9632644653320312
4,2.972937,1.0270628929138184
4,2.9571142,1.0428857803344727
4,2.916678,1.0833220481872559
4,2.9076056,1.0923943519592285
4,2.8746686,1.1253314018249512
4,2.8716667,1.128333330154419
4,2.8502295,1.1497704982757568
4,2.8428247,1.1571753025054932
4,2.832536,1.167464017868042
4,2.8168926,1.1831073760986328
4,2.807676,1.192323923110962
4,2.786326,1.2136740684509277
4,2.777957,1.2220430374145508
4,2.7494378,1.2505621910095215
4,2.7330627,1.266937255859375
4,2.6812873,1.3187127113342285
4,2.65512,1.3448801040649414
4,2.6004636,1.399536371231079
4,2.565246,1.4347538948059082
4,2.5143027,1.4856972694396973
4,2.4790325,1.5209674835205078
4,2.42613,1.5738699436187744
4,2.3878403,1.6121597290039062
4,2.342358,1.657641887664795
4,2.310893,1.6891069412231445
4,2.288012,1.7119879722595215
4,2.2798676,1.7201323509216309
4,2.271802,1.7281980514526367
4,2.2857327,1.7142672538757324
4,2.2940454,1.7059545516967773
4,2.3139,1.6861000061035156
4,2.3240852,1.6759147644042969
4,2.3553226,1.6446774005889893
4,2.3678234,1.6321766376495361
4,2.384228,1.615772008895874
4,2.3858857,1.6141142845153809
4,2.3962913,1.6037087440490723
4,2.4090705,1.5909295082092285
4,2.4294193,1.5705807209014893
4,2.4535105,1.5464894771575928
4,2.4865901,1.5134098529815674
4,2.5309484,1.4690515995025635
4,2.5882268,1.4117732048034668
4,2.6580696,1.3419303894042969
4,2.742843,1.2571570873260498
4,2.8732271,1.1267728805541992
4,2.9332628,1.066737174987793
4,2.9771657,1.022834300994873
4,3.3035846,0.6964154243469238
4,3.497977,0.5020229816436768
4,3.5975602,0.40243983268737793
4,3.6505454,0.3494546413421631
4,3.8802738,0.11972618103027344
4,3.865406,0.13459396362304688
4,4.136548,0.13654804229736328
4,4.1463594,0.14635944366455078
4,4.395763,0.39576292037963867
4,4.2305474,0.23054742813110352
4,4.518688,0.5186882019042969
4,4.483645,0.483644962310791
4,4.8462334,0.8462333679199219
4,4.71549,0.7154898643493652
4,4.878052,0.8780522346496582
4,4.650347,0.6503472328186035
4,4.610681,0.6106810569763184
4,4.701975,0.7019748687744141
4,5.039413,1.0394129753112793
4,5.0053406,1.005340576171875
4,5.2507186,1.250718593597412
4,5.3380723,1.3380722999572754
4,5.2561884,1.2561883926391602
4,5.0939837,1.0939836502075195
4,5.023247,1.0232467651367188
4,4.911412,0.9114117622375488
4,5.5768747,1.5768747329711914
4,5.611672,1.6116719245910645
4,5.4455976,1.4455976486206055
4,4.6053233,0.605323314666748
4,4.969453,0.9694528579711914
4,4.9832325,0.9832324981689453
4,5.1376357,1.1376357078552246
4,4.941547,0.9415469169616699
4,4.7283964,0.7283964157104492
4,4.544094,0.5440940856933594
4,4.3046002,0.30460023880004883
4,4.59524,0.5952401161193848
4,4.3900485,0.3900485038757324
4,4.334327,0.33432722091674805
4,3.5090458,0.4909541606903076
4,3.5319564,0.46804356575012207
4,3.5903018,0.4096982479095459
4,4.6756377,0.6756377220153809
4,5.5906157,1.5906157493591309
4,5.7939878,1.79398775100708
4,5.8237176,1.8237175941467285
4,5.517715,1.5177149772644043
4,5.9225135,1.922513484954834
4,5.548968,1.5489678382873535
4,6.128607,2.1286067962646484
4,5.5827875,1.5827875137329102
4,5.9462934,1.9462933540344238
4,4.3356724,0.33567237854003906
4,3.3463578,0.6536421775817871
4,3.3482819,0.6517181396484375
4,3.3759713,0.6240286827087402
4,3.2196321,0.7803678512573242
4,3.1616313,0.8383686542510986
4,3.0995069,0.9004931449890137
4,3.0937002,0.9062998294830322
4,3.0473297,0.9526703357696533
4,3.1219993,0.8780007362365723
4,3.07663,0.9233698844909668
4,3.2258935,0.774106502532959
4,3.083509,0.9164910316467285
4,3.0746574,0.9253425598144531
4,2.9529655,1.047034502029419
4,3.0968266,0.9031734466552734
4,3.1350465,0.8649535179138184
4,3.1881552,0.8118448257446289
4,3.0817134,0.9182865619659424
4,3.0509465,0.9490535259246826
4,3.045945,0.9540550708770752
4,3.1081846,0.8918154239654541
4,3.0646346,0.9353654384613037
4,3.2088199,0.7911801338195801
4,3.126901,0.8730990886688232
4,3.0527735,0.9472265243530273
4,3.213636,0.7863640785217285
4,3.186781,0.8132190704345703
4,3.2382708,0.7617292404174805
4,3.046577,0.953423023223877
4,2.8588572,1.1411428451538086
4,2.8437102,1.15628981590271
4,2.897237,1.1027629375457764
4,3.0659752,0.9340248107910156
4,3.1146815,0.8853185176849365
4,3.2583096,0.7416903972625732
4,3.3187785,0.6812214851379395
4,3.4849417,0.5150582790374756
4,3.4818497,0.5181503295898438
4,3.455141,0.5448589324951172
4,3.3767898,0.6232101917266846
4,3.718669,0.28133106231689453
4,3.3687408,0.6312592029571533
4,3.367918,0.6320819854736328
4,3.1697347,0.8302652835845947
4,3.344849,0.6551508903503418
4,3.286431,0.713568925857544
4,3.5763085,0.4236915111541748
4,2.7726429,1.2273571491241455
4,2.7528186,1.2471814155578613
4,2.7370403,1.2629597187042236
4,3.1480556,0.8519444465637207
4,2.9591067,1.040893316268921
4,3.436027,0.5639729499816895
4,3.228019,0.7719810009002686
4,3.697322,0.30267810821533203
4,3.1218023,0.8781976699829102
4,3.6485019,0.3514981269836426
4,3.3537781,0.6462218761444092
4,3.7833662,0.21663379669189453
4,3.5719893,0.4280107021331787
4,4.7266326,0.7266325950622559
4,4.021211,0.02121114730834961
4,5.3226514,1.3226513862609863
4,4.6516604,0.6516604423522949
4,5.3121076,1.3121075630187988
4,4.051773,0.0517730712890625
4,4.3683305,0.3683304786682129
4,3.0112681,0.988731861114502
4,3.4929214,0.5070786476135254
4,2.6939557,1.306044340133667
4,3.1742373,0.8257627487182617
4,2.205723,1.7942769527435303
4,2.9988012,1.0011987686157227
4,2.4312036,1.5687963962554932
4,3.3452086,0.6547913551330566
4,3.7370148,0.2629852294921875
4,6.576648,2.576648235321045
4,5.727376,1.7273759841918945
4,6.5266337,2.5266337394714355
4,4.916779,0.9167790412902832
4,5.773711,1.7737112045288086
4,4.324989,0.32498884201049805
4,5.251608,1.251607894897461
4,4.3226476,0.3226475715637207
4,5.195215,1.1952152252197266
4,4.25604,0.256040096282959
4,5.2848935,1.28489351272583
4,3.9345284,0.06547164916992188
4,4.0119286,0.011928558349609375
4,3.7768273,0.22317266464233398
4,4.108219,0.10821914672851562
4,4.211997,0.21199703216552734
4,4.398441,0.3984408378601074
4,4.544717,0.5447168350219727
4,5.035167,1.0351672172546387
4,5.8381257,1.8381257057189941
4,7.0627294,3.0627293586730957
4,7.6921096,3.6921095848083496
4,9.237061,5.237060546875
4,9.603255,5.603255271911621
4,9.860515,5.8605146408081055
4,9.27646,5.276459693908691
4,9.060666,5.060666084289551
4,8.680151,4.680150985717773
4,8.500287,4.500287055969238
4,8.248122,4.248122215270996
4,8.164494,4.164493560791016
4,8.061266,4.06126594543457
4,8.055734,4.055733680725098
4,7.901452,3.90145206451416
4,7.766236,3.766235828399658
4,7.628808,3.62880802154541
4,7.507126,3.5071258544921875
4,7.42267,3.4226698875427246
4,7.243342,3.2433419227600098
4,6.741174,2.7411742210388184
4,6.454085,2.454084873199463
4,6.3994594,2.3994593620300293
4,6.1246934,2.1246933937072754
4,6.169373,2.169373035430908
4,6.0478377,2.047837734222412
4,6.0098567,2.009856700897217
4,5.748928,1.7489280700683594
4,5.887672,1.887671947479248
4,5.6362786,1.6362786293029785
4,5.7780347,1.7780346870422363
4,5.502337,1.5023369789123535
4,5.727772,1.7277722358703613
4,5.484126,1.484126091003418
4,5.5708423,1.5708422660827637
4,5.5763354,1.5763354301452637
4,5.652449,1.652449131011963
4,5.5605755,1.5605754852294922
4,5.2762065,1.2762064933776855
4,5.7876124,1.7876124382019043
4,6.4672756,2.467275619506836
4,7.403371,3.4033708572387695
4,7.9472365,3.9472365379333496
3,8.908299,5.908299446105957
3,7.9285197,4.9285197257995605
3,7.3002496,4.3002495765686035
3,6.9142027,3.9142026901245117
3,6.3198514,3.3198513984680176
3,6.403958,3.4039578437805176
3,5.839678,2.8396778106689453
3,5.904801,2.9048008918762207
3,5.418685,2.418684959411621
3,5.390948,2.3909478187561035
3,4.902112,1.9021120071411133
3,4.9370303,1.93703031539917
3,4.57398,1.5739798545837402
3,4.5433316,1.5433316230773926
3,4.1835904,1.1835904121398926
3,4.2102723,1.2102723121643066
3,3.932104,0.9321041107177734
3,4.0085173,1.0085172653198242
3,3.7431636,0.7431635856628418
3,3.8469152,0.8469152450561523
3,3.6186032,0.6186032295227051
3,3.7345462,0.7345461845397949
3,3.5525303,0.5525302886962891
3,3.7704806,0.7704806327819824
3,3.6090531,0.6090531349182129
3,3.792945,0.7929449081420898
3,3.6002316,0.6002316474914551
3,3.7412097,0.7412097454071045
3,3.5794933,0.5794932842254639
3,3.6755319,0.6755318641662598
3,3.533242,0.5332419872283936
3,3.498475,0.4984750747680664
3,3.3852735,0.38527345657348633
3,3.384043,0.38404297828674316
3,3.3236628,0.32366275787353516
3,3.330082,0.3300819396972656
3,3.2828908,0.28289079666137695
3,3.291963,0.2919631004333496
3,3.2560554,0.2560553550720215
3,3.270337,0.2703371047973633
3,3.2358885,0.23588848114013672
3,3.25596,0.25595998764038086
3,3.2230754,0.22307538986206055
3,3.2357006,0.2357006072998047
3,3.1863978,0.18639779090881348
3,3.1845374,0.18453741073608398
3,3.1268947,0.12689471244812012
3,3.0989103,0.09891033172607422
3,3.0165539,0.016553878784179688
3,2.9768023,0.023197650909423828
3,2.9167042,0.08329582214355469
3,2.889392,0.11060810089111328
3,2.833236,0.1667640209197998
3,2.7995076,0.20049238204956055
3,2.718787,0.28121304512023926
3,2.7023463,0.2976536750793457
3,2.6218126,0.3781874179840088
3,2.6102023,0.3897976875305176
3,2.5641851,0.43581485748291016
3,2.5597343,0.4402656555175781
3,2.5117931,0.4882068634033203
3,2.493369,0.5066308975219727
3,2.4592085,0.5407915115356445
3,2.4387584,0.561241626739502
3,2.4030087,0.5969913005828857
3,2.3765912,0.6234087944030762
3,2.3390503,0.66094970703125
3,2.295898,0.7041020393371582
3,2.2403684,0.7596316337585449
3,2.1924841,0.8075158596038818
3,2.1445224,0.8554775714874268
3,2.09753,0.9024701118469238
3,2.054235,0.9457650184631348
3,2.0031402,0.9968597888946533
3,1.97132,1.0286799669265747
3,1.9335256,1.066474437713623
3,1.9187746,1.0812253952026367
3,1.8882065,1.1117935180664062
3,1.869861,1.1301389932632446
3,1.8451712,1.1548287868499756
3,1.833702,1.1662980318069458
3,1.8388537,1.1611462831497192
3,1.8654652,1.1345348358154297
3,1.867573,1.1324269771575928
3,1.8947353,1.105264663696289
3,1.8859769,1.1140230894088745
3,1.8929608,1.107039213180542
3,1.8828508,1.1171492338180542
3,1.8752451,1.1247549057006836
3,1.8814154,1.1185846328735352
3,1.8592141,1.1407859325408936
3,1.8618662,1.1381337642669678
3,1.848428,1.1515719890594482
3,1.8525629,1.1474370956420898
3,1.8303924,1.1696076393127441
3,1.8481225,1.151877522468567
3,1.8476897,1.1523102521896362
3,1.8835611,1.116438865661621
3,1.8883495,1.1116504669189453
3,1.9490175,1.0509824752807617
3,1.9646032,1.0353968143463135
3,2.0504284,0.9495716094970703
3,2.0917552,0.9082448482513428
3,2.1842144,0.8157856464385986
3,2.201331,0.7986690998077393
3,2.2861052,0.7138948440551758
3,2.2721465,0.727853536605835
3,2.3578906,0.6421093940734863
3,2.3411741,0.6588258743286133
3,2.4293568,0.5706431865692139
3,2.4087589,0.5912411212921143
3,2.5031877,0.4968123435974121
3,2.4653962,0.5346038341522217
3,2.5987062,0.4012937545776367
3,2.7624032,0.23759675025939941
3,3.1391003,0.1391003131866455
3,3.3202705,0.3202705383300781
3,3.55248,0.5524799823760986
3,3.6141453,0.6141452789306641
3,3.525731,0.525731086730957
3,3.2179792,0.21797919273376465
3,3.547656,0.5476560592651367
3,3.4105542,0.4105541706085205
3,3.5357423,0.5357422828674316
3,3.5055285,0.505528450012207
3,3.6156452,0.615645170211792
3,3.6230936,0.6230936050415039
3,3.7076929,0.7076928615570068
3,3.6913943,0.6913943290710449
3,3.7128835,0.712883472442627
3,3.5446506,0.5446505546569824
3,3.455951,0.4559509754180908
3,3.3434107,0.3434107303619385
3,3.381299,0.3812990188598633
3,3.3674724,0.36747241020202637
3,3.3619099,0.3619098663330078
3,3.3235714,0.32357144355773926
3,3.359418,0.3594179153442383
3,3.2897868,0.28978681564331055
3,3.3629007,0.3629007339477539
3,3.720449,0.7204489707946777
3,4.3137307,1.3137307167053223
3,4.2506022,1.2506022453308105
3,3.3855088,0.38550877571105957
3,2.5049536,0.49504637718200684
3,1.7802203,1.2197797298431396
3,1.5501583,1.4498417377471924
3,1.4293264,1.5706735849380493
3,2.3930354,0.6069645881652832
3,1.8574535,1.142546534538269
3,1.6959515,1.3040485382080078
3,1.8704329,1.1295671463012695
3,1.8451576,1.1548423767089844
3,1.8707451,1.129254937171936
3,1.8959479,1.1040520668029785
3,1.8034952,1.196504831314087
3,1.8256178,1.174382209777832
3,1.7262304,1.2737696170806885
3,1.7704902,1.2295098304748535
3,1.7246332,1.2753667831420898
3,1.7702911,1.2297089099884033
3,1.6409717,1.3590283393859863
3,1.6190345,1.3809654712677002
3,1.6507933,1.3492066860198975
3,1.5627357,1.437264323234558
3,1.5487647,1.451235294342041
3,1.5080938,1.4919061660766602
3,1.5030928,1.4969072341918945
3,1.4518929,1.5481071472167969
3,1.475284,1.5247160196304321
3,1.4525762,1.5474238395690918
3,1.5362179,1.4637820720672607
3,1.4532753,1.5467246770858765
3,1.4391348,1.5608651638031006
3,1.368895,1.6311049461364746
3,1.385618,1.614382028579712
3,1.3767743,1.6232256889343262
3,1.3924595,1.607540488243103
3,1.3492423,1.6507576704025269
3,1.3189831,1.6810169219970703
3,1.4420397,1.5579602718353271
3,1.3869872,1.6130127906799316
3,1.4259896,1.5740103721618652
3,1.5008278,1.4991722106933594
3,1.5919791,1.4080208539962769
3,1.6655792,1.3344208002090454
3,1.6959769,1.3040231466293335
3,1.7750762,1.224923849105835
3,2.077949,0.922050952911377
3,2.24596,0.754040002822876
3,2.353441,0.6465590000152588
3,2.054326,0.945673942565918
3,2.4983873,0.501612663269043
3,2.1185274,0.8814725875854492
3,2.4593916,0.5406084060668945
3,2.1298494,0.8701505661010742
3,2.500645,0.4993550777435303
3,2.213261,0.7867391109466553
3,2.5912871,0.40871286392211914
3,2.2379794,0.7620205879211426
3,2.7567878,0.24321222305297852
3,2.2703688,0.7296311855316162
3,2.4537916,0.546208381652832
3,1.9450448,1.054955244064331
3,2.2530968,0.7469031810760498
3,1.9119745,1.088025450706482
3,2.33701,0.6629900932312012
3,1.8590841,1.140915870666504
3,3.576669,0.5766689777374268
3,3.7500715,0.7500715255737305
3,5.5632935,2.56329345703125
3,5.2778597,2.277859687805176
3,6.619622,3.619622230529785
3,5.074925,2.074924945831299
3,5.8663173,2.8663172721862793
3,3.00403,0.004029989242553711
3,2.4751756,0.5248243808746338
3,2.2440426,0.7559573650360107
3,2.7927191,0.20728087425231934
3,2.9693465,0.03065347671508789
3,3.2821088,0.28210878372192383
3,3.308671,0.3086709976196289
3,3.5972624,0.5972623825073242
3,3.5517488,0.5517487525939941
3,3.879283,0.8792829513549805
3,3.8629532,0.8629531860351562
3,3.9627147,0.962714672088623
3,3.941106,0.9411060810089111
3,4.099114,1.099113941192627
3,3.9793024,0.9793024063110352
3,4.128229,1.1282291412353516
3,4.102821,1.102820873260498
3,4.5663843,1.5663843154907227
3,4.470486,1.4704861640930176
3,4.6106086,1.6106085777282715
3,4.7339864,1.7339863777160645
3,5.023319,2.0233187675476074
3,5.2649727,2.264972686767578
2,5.545913,3.5459132194519043
2,5.0668793,3.0668792724609375
2,4.7914805,2.791480541229248
2,5.263425,3.263424873352051
2,4.5774226,2.577422618865967
2,5.0464225,3.0464224815368652
2,4.328242,2.3282418251037598
2,5.2270846,3.2270846366882324
2,5.128737,3.128736972808838
2,5.774201,3.774200916290283
2,5.121278,3.1212778091430664
2,5.248181,3.248180866241455
2,4.509245,2.509244918823242
2,4.6086287,2.608628749847412
2,4.0073094,2.0073094367980957
2,4.170881,2.1708807945251465
2,3.671906,1.6719059944152832
2,3.8177724,1.817772388458252
2,3.4007993,1.40079927444458
2,3.518602,1.518601894378662
2,3.146838,1.1468379497528076
2,3.2436135,1.2436134815216064
2,2.9247694,0.924769401550293
2,3.0110855,1.0110855102539062
2,2.744435,0.7444350719451904
2,2.8193774,0.8193774223327637
2,2.5742986,0.574298620223999
2,2.616064,0.6160640716552734
2,2.4016654,0.40166544914245605
2,2.4517388,0.4517388343811035
2,2.3816385,0.3816385269165039
2,2.356071,0.35607099533081055
2,2.31177,0.311769962310791
2,2.2875364,0.2875363826751709
2,2.2371135,0.23711347579956055
2,2.216536,0.2165360450744629
2,2.1681695,0.16816949844360352
2,2.1484635,0.14846348762512207
2,2.1079447,0.10794472694396973
2,2.0964985,0.09649848937988281
2,2.0775125,0.07751250267028809
2,2.0606873,0.06068730354309082
2,2.0375013,0.03750133514404297
2,2.0147212,0.014721155166625977
2,2.0012083,0.0012083053588867188
2,1.9785979,0.02140212059020996
2,1.9626259,0.037374138832092285
2,1.9412518,0.05874824523925781
2,1.9349451,0.06505489349365234
2,1.9246228,0.07537722587585449
2,1.9176638,0.0823361873626709
2,1.9022841,0.09771585464477539
2,1.8962979,0.10370206832885742
2,1.8791693,0.12083065509796143
2,1.8758943,0.12410569190979004
2,1.8602829,0.13971710205078125
2,1.8548055,0.14519453048706055
2,1.8505192,0.14948081970214844
2,1.8545191,0.14548087120056152
2,1.8321785,0.16782152652740479
2,1.8260092,0.17399084568023682
2,1.7969811,0.2030189037322998
2,1.7989626,0.20103740692138672
2,1.7548769,0.24512314796447754
2,1.7677791,0.23222088813781738
2,1.719646,0.28035402297973633
2,1.7295659,0.2704341411590576
2,1.692949,0.3070509433746338
2,1.6979806,0.3020193576812744
2,1.6780384,0.3219616413116455
2,1.7005825,0.29941749572753906
2,1.6724155,0.32758450508117676
2,1.6905456,0.30945444107055664
2,1.6702356,0.32976436614990234
2,1.6951406,0.3048593997955322
2,1.6900617,0.30993831157684326
2,1.7087849,0.29121506214141846
2,1.6861748,0.31382524967193604
2,1.7096936,0.2903064489364624
2,1.6879045,0.3120955228805542
2,1.731435,0.2685650587081909
2,1.7053465,0.2946535348892212
2,1.7323177,0.2676823139190674
2,1.696568,0.30343198776245117
2,1.7275233,0.2724766731262207
2,1.6955665,0.3044334650039673
2,1.7247425,0.2752574682235718
2,1.7275391,0.2724609375
2,1.7747356,0.22526443004608154
2,1.7635313,0.23646867275238037
2,1.8118831,0.1881169080734253
2,1.8427289,0.157271146774292
2,1.8774374,0.12256264686584473
2,1.9290339,0.07096612453460693
2,2.0086203,0.008620262145996094
2,2.093147,0.09314703941345215
2,2.1775947,0.17759466171264648
2,2.246403,0.24640297889709473
2,2.2918515,0.2918515205383301
2,2.3768516,0.37685155868530273
2,2.3642807,0.36428070068359375
2,2.3827178,0.3827178478240967
2,2.465566,0.46556591987609863
2,2.516717,0.5167169570922852
2,2.612801,0.6128010749816895
2,2.670758,0.6707580089569092
2,2.8100677,0.8100676536560059
2,2.9250634,0.9250633716583252
2,2.9935,0.9934999942779541
2,3.0789633,1.078963279724121
2,3.1623025,1.1623024940490723
2,3.189395,1.1893949508666992
2,3.2083886,1.2083885669708252
2,3.273481,1.2734808921813965
2,3.30797,1.3079700469970703
2,3.3166533,1.3166532516479492
2,3.3882005,1.3882005214691162
2,3.4002671,1.4002671241760254
2,3.4429893,1.4429893493652344
2,3.4559188,1.455918788909912
2,3.50874,1.508739948272705
2,3.548256,1.5482559204101562
2,3.5460446,1.5460445880889893
2,3.5422375,1.5422375202178955
2,3.5115395,1.5115394592285156
2,3.4086323,1.4086322784423828
2,3.4149091,1.4149091243743896
2,3.181481,1.181480884552002
2,3.4239538,1.4239537715911865
2,3.5269716,1.5269715785980225
2,3.6837692,1.6837692260742188
2,3.4307199,1.4307198524475098
2,3.620337,1.6203370094299316
2,3.6694746,1.6694746017456055
2,3.7969432,1.796943187713623
2,3.6184008,1.6184008121490479
2,3.5619717,1.561971664428711
2,3.5398912,1.539891242980957
2,3.5066326,1.5066325664520264
2,3.5949116,1.5949115753173828
2,3.681745,1.6817450523376465
2,3.7583942,1.7583942413330078
2,3.7445123,1.7445123195648193
2,3.7222362,1.722236156463623
2,3.718526,1.7185258865356445
2,3.7202501,1.720250129699707
2,3.7298405,1.7298405170440674
2,3.722447,1.7224469184875488
2,3.6879928,1.687992811203003
2,3.5831757,1.5831756591796875
2,3.621994,1.6219940185546875
2,3.4898973,1.4898972511291504
2,3.5504475,1.5504474639892578
2,3.502194,1.5021939277648926
2,3.5633712,1.563371181488037
2,3.5089276,1.508927583694458
2,3.5533853,1.5533852577209473
2,3.5321312,1.5321311950683594
2,3.6290555,1.6290555000305176
2,3.702536,1.7025361061096191
2,3.7999444,1.7999444007873535
2,3.7737713,1.7737712860107422
2,3.7210588,1.7210588455200195
2,3.6402774,1.64027738571167
2,3.6361237,1.6361236572265625
2,3.6175206,1.6175205707550049
2,3.6093464,1.6093463897705078
2,3.5977232,1.5977232456207275
2,3.637112,1.6371119022369385
2,3.5672064,1.5672063827514648
2,3.5564563,1.5564563274383545
2,3.5622435,1.5622434616088867
2,3.611631,1.611630916595459
2,3.583184,1.583184003829956
2,3.6594405,1.659440517425537
2,3.582689,1.5826890468597412
2,3.7450047,1.745004653930664
2,3.7463808,1.7463808059692383
2,3.7570357,1.757035732269287
2,3.6923401,1.6923401355743408
2,3.7459893,1.7459893226623535
2,3.7883399,1.7883398532867432
2,3.8286579,1.828657865524292
2,3.824862,1.824862003326416
2,3.8650756,1.8650755882263184
2,3.8488207,1.848820686340332
2,3.8869145,1.8869144916534424
2,3.915738,1.9157381057739258
2,3.8542745,1.8542745113372803
2,3.7052114,1.7052114009857178
2,3.797708,1.7977080345153809
2,3.832163,1.8321630954742432
2,3.8183162,1.8183162212371826
2,3.834047,1.8340470790863037
2,3.8267915,1.826791524887085
2,3.9414966,1.9414966106414795
2,3.8377333,1.837733268737793
2,3.8950186,1.8950185775756836
2,3.967877,1.96787691116333
2,3.9983835,1.9983835220336914
2,4.0081353,2.0081353187561035
2,3.9736943,1.9736943244934082
2,3.9232025,1.9232025146484375
2,3.9809856,1.9809856414794922
2,4.0268645,2.026864528656006
2,4.065745,2.0657448768615723
2,4.017044,2.0170440673828125
2,4.0520506,2.0520505905151367
2,4.01855,2.018549919128418
2,4.055105,2.055105209350586
2,4.065486,2.065485954284668
2,4.150003,2.150002956390381
2,4.1676736,2.1676735877990723
2,4.2894263,2.289426326751709
2,4.123939,2.123939037322998
2,4.257543,2.2575430870056152
2,4.104775,2.1047749519348145
2,4.348455,2.3484549522399902
2,4.0622067,2.062206745147705
2,4.161141,2.1611409187316895
2,4.119792,2.1197919845581055
2,4.26452,2.2645201683044434
2,4.1729226,2.1729226112365723
2,4.063691,2.0636911392211914
2,3.94728,1.947279930114746
2,4.1262407,2.1262407302856445
2,4.285543,2.2855429649353027
2,4.368213,2.368213176727295
2,4.662998,2.6629981994628906
2,4.626163,2.6261630058288574
2,4.449547,2.4495468139648438
2,4.5595155,2.5595154762268066
2,4.5213356,2.5213356018066406
2,4.535858,2.535858154296875
2,4.4748945,2.4748945236206055
2,4.6165624,2.6165623664855957
2,4.3707895,2.3707895278930664
2,4.5731974,2.573197364807129
2,4.333537,2.3335371017456055
2,4.5728736,2.572873592376709
2,4.2485557,2.2485556602478027
2,4.4411073,2.4411072731018066
2,4.666247,2.6662468910217285
2,4.2555366,2.2555365562438965
2,4.3378177,2.337817668914795
2,3.850424,1.85042405128479
2,4.0735955,2.0735955238342285
2,3.6889296,1.688929557800293
2,4.2850204,2.285020351409912
2,3.7373495,1.737349510192871
2,4.2388234,2.238823413848877
2,4.901566,2.9015660285949707
2,6.155762,4.155762195587158
2,5.9059043,3.9059042930603027
2,5.3955545,3.395554542541504
2,4.9766517,2.976651668548584
2,3.754356,1.7543559074401855
2,3.9032917,1.9032917022705078
2,4.373192,2.3731918334960938
2,4.4261184,2.4261183738708496
2,4.6059833,2.605983257293701
2,4.53874,2.5387401580810547
2,4.62532,2.6253199577331543
2,4.451463,2.451463222503662
2,5.4238777,3.423877716064453
2,5.024989,3.024989128112793
2,5.7986665,3.798666477203369
2,4.9876637,2.987663745880127
2,5.55759,3.5575900077819824
2,4.6310344,2.6310343742370605
2,5.4328904,3.4328904151916504
2,5.7400937,3.74009370803833
2,6.657054,4.6570539474487305
2,6.7409873,4.740987300872803
2,7.1882606,5.188260555267334
2,7.272184,5.272183895111084
2,7.521148,5.521148204803467
2,8.004307,6.004306793212891
2,8.411965,6.411965370178223
1,8.57686,7.576860427856445
1,6.916578,5.9165778160095215
1,5.5202403,4.520240306854248
1,5.2941136,4.294113636016846
1,4.255669,3.255669116973877
1,4.514351,3.5143508911132812
1,3.6707647,2.670764684677124
1,3.9246218,2.924621820449829
1,3.287631,2.287631034851074
1,3.4933887,2.4933886528015137
1,2.9320776,1.9320776462554932
1,3.0959945,2.095994472503662
1,2.679524,1.6795239448547363
1,2.8040993,1.8040993213653564
1,2.478644,1.4786438941955566
1,2.5616527,1.561652660369873
1,2.2825801,1.2825801372528076
1,2.32372,1.3237199783325195
1,2.1442213,1.144221305847168
1,2.1603663,1.1603662967681885
1,2.024926,1.024925947189331
1,2.0512726,1.0512726306915283
1,1.9240371,0.9240370988845825
1,1.9028265,0.9028265476226807
1,1.8057749,0.8057749271392822
1,1.8112679,0.8112678527832031
1,1.7387147,0.7387146949768066
1,1.7067561,0.7067561149597168
1,1.6600547,0.6600546836853027
1,1.6876838,0.6876838207244873
1,1.6578002,0.6578001976013184
1,1.6154561,0.6154561042785645
1,1.5978694,0.5978693962097168
1,1.5630383,0.5630383491516113
1,1.5469505,0.5469504594802856
1,1.5108776,0.5108776092529297
1,1.4968073,0.496807336807251
1,1.4673427,0.467342734336853
1,1.4568067,0.45680665969848633
1,1.4345014,0.43450140953063965
1,1.4199235,0.4199235439300537
1,1.4005036,0.40050363540649414
1,1.3844016,0.3844015598297119
1,1.3679206,0.3679206371307373
1,1.3560326,0.3560326099395752
1,1.3449533,0.3449532985687256
1,1.3322554,0.33225536346435547
1,1.3197621,0.31976211071014404
1,1.315276,0.31527602672576904
1,1.3065301,0.3065301179885864
1,1.3053284,0.305328369140625
1,1.3036771,0.3036770820617676
1,1.308464,0.30846405029296875
1,1.3114686,0.31146860122680664
1,1.3090934,0.3090933561325073
1,1.3113008,0.31130075454711914
1,1.3108579,0.310857892036438
1,1.3149842,0.31498420238494873
1,1.3162559,0.31625592708587646
1,1.3234557,0.32345569133758545
1,1.3253083,0.32530832290649414
1,1.3300183,0.3300182819366455
1,1.3367958,0.3367958068847656
1,1.346828,0.34682798385620117
1,1.3487345,0.3487344980239868
1,1.360817,0.36081695556640625
1,1.3653467,0.36534667015075684
1,1.3777866,0.37778663635253906
1,1.3849512,0.38495123386383057
1,1.4023371,0.40233707427978516
1,1.4138832,0.4138832092285156
1,1.4317362,0.4317362308502197
1,1.4404627,0.44046270847320557
1,1.4492798,0.44927978515625
1,1.451571,0.451570987701416
1,1.4575601,0.45756006240844727
1,1.4602025,0.4602024555206299
1,1.4673924,0.4673924446105957
1,1.4679332,0.46793317794799805
1,1.4688219,0.4688218832015991
1,1.4645393,0.4645392894744873
1,1.4614415,0.4614415168762207
1,1.4598341,0.45983409881591797
1,1.4530923,0.4530923366546631
1,1.4451373,0.44513726234436035
1,1.4415743,0.4415743350982666
1,1.4331965,0.4331965446472168
1,1.4248775,0.4248775243759155
1,1.4112935,0.41129350662231445
1,1.4044325,0.4044325351715088
1,1.391081,0.39108097553253174
1,1.3860539,0.3860539197921753
1,1.3771119,0.37711191177368164
1,1.3758748,0.37587475776672363
1,1.3689634,0.368963360786438
1,1.3758804,0.3758803606033325
1,1.3526071,0.3526071310043335
1,1.3447666,0.34476661682128906
1,1.3508563,0.35085630416870117
1,1.3430331,0.3430330753326416
1,1.3372661,0.33726608753204346
1,1.3296025,0.3296024799346924
1,1.3215059,0.32150590419769287
1,1.3154262,0.315426230430603
1,1.3086501,0.3086501359939575
1,1.3036463,0.3036463260650635
1,1.2813045,0.2813044786453247
1,1.2684698,0.26846981048583984
1,1.2319397,0.2319396734237671
1,1.2555777,0.2555776834487915
1,1.2472706,0.2472705841064453
1,1.2523031,0.2523031234741211
1,1.2348156,0.2348155975341797
1,1.2499642,0.24996423721313477
1,1.2516416,0.2516416311264038
1,1.249833,0.24983298778533936
1,1.2319579,0.23195791244506836
1,1.2244439,0.22444391250610352
1,1.2409904,0.24099040031433105
1,1.2377483,0.23774826526641846
1,1.2199507,0.21995067596435547
1,1.1909192,0.1909191608428955
1,1.2577541,0.2577540874481201
1,1.2471954,0.24719536304473877
1,1.2802482,0.28024816513061523
1,1.2068204,0.20682036876678467
1,1.1983318,0.1983318328857422
1,1.181635,0.1816350221633911
1,1.1771042,0.17710423469543457
1,1.1475252,0.14752519130706787
1,1.1363156,0.13631558418273926
1,1.1315033,0.13150334358215332
1,1.1138909,0.1138908863067627
1,1.0916605,0.0916604995727539
1,1.1127076,0.11270761489868164
1,1.1097938,0.1097937822341919
1,1.1094191,0.10941910743713379
1,1.0982306,0.09823060035705566
1,1.1059408,0.1059408187866211
1,1.0995641,0.0995640754699707
1,1.0784613,0.07846128940582275
1,1.095038,0.09503805637359619
1,1.1100785,0.11007845401763916
1,1.1058578,0.10585784912109375
1,1.1094917,0.10949170589447021
1,1.0832262,0.08322620391845703
1,1.0887309,0.08873093128204346
1,1.0883543,0.08835434913635254
1,1.1656594,0.16565942764282227
1,1.0824826,0.08248257637023926
1,1.0894991,0.08949911594390869
1,1.1566542,0.1566542387008667
1,1.153115,0.15311503410339355
1,1.136414,0.1364140510559082
1,1.0524937,0.05249369144439697
1,1.1167383,0.11673831939697266
1,1.1372956,0.13729560375213623
1,1.1588303,0.15883028507232666
1,1.1275122,0.12751221656799316
1,1.1072276,0.10722756385803223
1,1.1256392,0.1256392002105713
1,1.1446041,0.14460408687591553
1,1.1243163,0.12431633472442627
1,1.1389318,0.1389317512512207
1,1.0923355,0.09233546257019043
1,1.1036186,0.10361862182617188
1,1.1124611,0.11246109008789062
1,1.1137125,0.11371254920959473
1,1.1003222,0.10032224655151367
1,1.1037704,0.10377037525177002
1,1.105023,0.10502302646636963
1,1.1063188,0.10631883144378662
1,1.1054064,0.10540640354156494
1,1.1016988,0.10169875621795654
1,1.0898279,0.08982789516448975
1,1.0929267,0.0929267406463623
1,1.0923932,0.09239315986633301
1,1.080997,0.08099699020385742
1,1.1064905,0.10649049282073975
1,1.1378757,0.13787567615509033
1,1.2052038,0.20520377159118652
1,1.2006336,0.20063364505767822
1,1.2423469,0.2423468828201294
1,1.1800898,0.1800898313522339
1,1.2466891,0.2466890811920166
1,1.2360022,0.23600220680236816
1,1.3357673,0.3357672691345215
1,1.3007355,0.3007354736328125
1,1.3404284,0.34042835235595703
1,1.3589389,0.35893893241882324
1,1.392882,0.39288198947906494
1,1.3796375,0.3796374797821045
1,1.4077816,0.40778160095214844
1,1.3925036,0.39250361919403076
1,1.4100462,0.41004621982574463
1,1.4313385,0.4313385486602783
1,1.4408277,0.44082772731781006
1,1.5132203,0.5132203102111816
1,1.5799949,0.5799949169158936
1,1.6008599,0.6008598804473877
1,1.779794,0.7797939777374268
1,1.7290802,0.7290802001953125
1,1.8316504,0.8316503763198853
1,1.7535069,0.7535068988800049
1,1.8991141,0.8991141319274902
1,1.9335337,0.9335336685180664
1,2.3026772,1.3026771545410156
1,3.3210287,2.321028709411621
1,3.6522565,2.652256488800049
1,3.840388,2.840388059616089
1,3.0193815,2.019381523132324
1,3.0336008,2.0336008071899414
1,3.067836,2.067836046218872
1,2.9691281,1.969128131866455
1,2.7401032,1.7401032447814941
1,2.714275,1.7142748832702637
1,2.2925735,1.2925734519958496
1,2.4190733,1.4190733432769775
1,2.0319576,1.0319576263427734
1,2.2175314,1.217531442642212
1,2.2534919,1.2534918785095215
1,2.4965322,1.4965322017669678
1,2.456572,1.4565720558166504
1,2.6767209,1.6767208576202393
1,2.9845026,1.9845025539398193
1,2.9992623,1.9992623329162598
1,2.8559527,1.8559527397155762
1,2.8822496,1.8822495937347412
1,2.9174786,1.9174785614013672
1,3.0459664,2.045966386795044
1,3.0323205,2.032320499420166
1,3.420147,2.420146942138672
1,3.6578994,2.6578993797302246
1,4.018825,3.018825054168701
1,4.1626143,3.162614345550537
0,4.175599,4.175599098205566
0,3.9385905,3.9385905265808105
0,3.6846218,3.684621810913086
0,3.7604222,3.7604222297668457
0,3.346004,3.346004009246826
0,3.345461,3.345460891723633
0,2.9603868,2.9603867530822754
0,2.9677684,2.967768430709839
0,2.5445075,2.5445075035095215
0,2.638053,2.6380529403686523
0,2.2633116,2.2633116245269775
0,2.4578774,2.4578773975372314
0,2.2817001,2.2817001342773438
0,2.3158784,2.315878391265869
0,2.0416179,2.0416178703308105
0,2.0037036,2.0037035942077637
0,1.8521432,1.8521431684494019
0,1.8353846,1.8353846073150635
0,1.7038234,1.703823447227478
0,1.6844923,1.6844923496246338
0,1.5981123,1.5981123447418213
0,1.5774484,1.5774483680725098
0,1.4977021,1.4977021217346191
0,1.478142,1.4781420230865479
0,1.4134227,1.413422703742981
0,1.39628,1.39628005027771
0,1.3311467,1.3311467170715332
0,1.3164271,1.3164271116256714
0,1.301882,1.301882028579712
0,1.2943363,1.2943363189697266
0,1.2817786,1.2817785739898682
0,1.2618637,1.2618637084960938
0,1.2537279,1.253727912902832
0,1.2405125,1.240512490272522
0,1.2373159,1.2373158931732178
0,1.2336822,1.2336821556091309
0,1.2293115,1.229311466217041
0,1.2245598,1.2245597839355469
0,1.2211517,1.2211517095565796
0,1.2183883,1.218388319015503
0,1.2168161,1.2168160676956177
0,1.2182506,1.2182506322860718
0,1.2233688,1.223368763923645
0,1.2309132,1.2309131622314453
0,1.2399529,1.2399529218673706
0,1.2450856,1.245085597038269
0,1.2507546,1.2507545948028564
0,1.2555093,1.2555092573165894
0,1.2587852,1.2587852478027344
0,1.2608938,1.2608938217163086
0,1.2635169,1.263516902923584
0,1.2741675,1.274167537689209
0,1.2804754,1.280475378036499
0,1.2881916,1.288191556930542
0,1.2943649,1.2943649291992188
0,1.2923709,1.2923709154129028
0,1.2873977,1.2873977422714233
0,1.283979,1.283979058265686
0,1.2779087,1.2779086828231812
0,1.2747386,1.2747385501861572
0,1.2720822,1.2720822095870972
0,1.2714922,1.2714922428131104
0,1.2677674,1.2677674293518066
0,1.2628084,1.2628084421157837
0,1.2588954,1.2588953971862793
0,1.2563461,1.2563461065292358
0,1.2525333,1.2525333166122437
0,1.250396,1.2503960132598877
0,1.2478708,1.2478708028793335
0,1.2472558,1.247255802154541
0,1.2459477,1.2459477186203003
0,1.2432907,1.243290662765503
0,1.2409691,1.2409690618515015
0,1.2372289,1.2372288703918457
0,1.2355449,1.2355449199676514
0,1.231507,1.2315069437026978
0,1.2271807,1.2271807193756104
0,1.2214737,1.2214736938476562
0,1.2176067,1.2176066637039185
0,1.2129515,1.2129515409469604
0,1.209848,1.2098480463027954
0,1.205849,1.205849051475525
0,1.2048749,1.204874873161316
0,1.2019427,1.2019426822662354
0,1.2020233,1.2020232677459717
0,1.1994921,1.19949209690094
0,1.200295,1.2002949714660645
0,1.2001773,1.2001773118972778
0,1.1999217,1.199921727180481
0,1.2073169,1.2073168754577637
0,1.1990253,1.199025273323059
0,1.1827084,1.1827083826065063
0,1.149987,1.149986982345581
0,1.1465018,1.1465017795562744
0,1.1452465,1.1452465057373047
0,1.1568768,1.156876802444458
0,1.1450503,1.145050287246704
0,1.1408135,1.1408134698867798
0,1.1236682,1.1236681938171387
0,1.123717,1.123716950416565
0,1.1185161,1.1185160875320435
0,1.1318967,1.131896734237671
0,1.1262268,1.126226782798767
0,1.1289756,1.1289756298065186
0,1.109627,1.1096270084381104
0,1.1083848,1.1083848476409912
0,1.0955904,1.095590353012085
0,1.106359,1.1063590049743652
0,1.0898294,1.089829444885254
0,1.0941455,1.0941455364227295
0,1.0715455,1.0715454816818237
0,1.0858366,1.08583664894104
0,1.0649288,1.0649287700653076
0,1.0753541,1.0753540992736816
0,1.0566087,1.0566086769104004
0,1.0732892,1.073289155960083
0,1.03567,1.0356700420379639
0,1.0460624,1.0460623502731323
0,1.0176673,1.017667293548584
0,1.0536567,1.0536566972732544
0,1.0431224,1.043122410774231
0,1.0529869,1.0529868602752686
0,1.0323696,1.032369613647461
0,1.0397227,1.0397226810455322
0,1.032751,1.0327509641647339
0,1.0405518,1.040551781654358
0,1.0502602,1.0502601861953735
0,1.0753564,1.075356364250183
0,1.0696738,1.069673776626587
0,1.080455,1.08045494556427
0,1.0646391,1.0646390914916992
0,1.0607793,1.060779333114624
0,1.0317867,1.0317866802215576
0,1.0396203,1.039620280265808
0,1.0209473,1.0209473371505737
0,1.0230359,1.0230358839035034
0,1.0212718,1.021271824836731
0,1.0289947,1.0289946794509888
0,1.0166245,1.0166244506835938
0,1.0283266,1.0283266305923462
0,1.0203633,1.0203633308410645
0,1.0118163,1.0118162631988525
0,0.9985898,0.998589813709259
0,1.0295355,1.0295355319976807
0,1.0308303,1.0308302640914917
0,1.0468545,1.0468544960021973
0,1.0399604,1.0399603843688965
0,1.0411763,1.0411763191223145
0,1.0298783,1.0298782587051392
0,1.0210304,1.0210304260253906
0,1.0345674,1.0345673561096191
0,1.0327696,1.0327695608139038
0,1.0335503,1.0335502624511719
0,1.0782574,1.078257441520691
0,1.069262,1.0692620277404785
0,1.0600324,1.0600323677062988
0,1.0079952,1.0079952478408813
0,1.0097826,1.0097825527191162
0,1.0232401,1.023240089416504
0,1.0494634,1.0494633913040161
0,1.0402108,1.0402108430862427
0,1.0396711,1.0396710634231567
0,1.02246,1.0224599838256836
0,1.0233754,1.023375391960144
0,1.0239327,1.023932695388794
0,1.0319973,1.0319973230361938
0,1.027011,1.0270110368728638
0,1.0326295,1.0326294898986816
0,1.0299745,1.0299744606018066
0,1.0324997,1.0324996709823608
0,1.0181179,1.018117904663086
0,1.0398849,1.0398849248886108
0,1.0261561,1.0261560678482056
0,1.0362731,1.0362731218338013
0,1.0375743,1.037574291229248
0,1.0824591,1.0824590921401978
0,1.0667084,1.0667084455490112
0,1.0569327,1.0569326877593994
0,1.08623,1.0862300395965576
0,1.1320602,1.132060170173645
0,1.1006477,1.1006476879119873
0,1.1671228,1.1671228408813477
0,1.2038181,1.2038180828094482
0,1.2407333,1.24073326587677
0,1.252315,1.2523150444030762
0,1.248273,1.2482730150222778
0,1.2446134,1.2446134090423584
0,1.2638973,1.2638972997665405
0,1.2921267,1.2921266555786133
0,1.2952535,1.2952535152435303
0,1.2794391,1.279439091682434
0,1.2881647,1.288164734840393
0,1.2695373,1.269537329673767
0,1.3489945,1.348994493484497
0,1.4306638,1.430663824081421
0,1.6264457,1.6264456510543823
0,1.7830863,1.7830862998962402
0,2.06913,2.0691299438476562
0,2.1925216,2.192521572113037
0,2.3830192,2.383019208908081
0,2.5723195,2.572319507598877
0,2.7349792,2.7349791526794434
0,2.918678,2.918678045272827
0,3.1603775,3.1603775024414062
0,3.3938131,3.393813133239746
0,3.425007,3.4250071048736572
0,3.4195998,3.419599771499634
0,3.5287166,3.528716564178467
0,3.7412994,3.7412993907928467
0,3.9121783,3.9121782779693604
0,3.9867592,3.9867591857910156
0,3.8805327,3.880532741546631
0,4.0259986,4.025998592376709
0,4.019922,4.019921779632568
0,4.1538715,4.153871536254883
0,4.1703854,4.170385360717773
0,4.017698,4.017697811126709
0,4.534238,4.534237861633301
0,4.4339905,4.433990478515625
0,5.906319,5.9063191413879395
0,6.2432623,6.24326229095459
0,7.127633,7.127633094787598
0,7.0556154,7.055615425109863
0,7.5362782,7.536278247833252
0,7.2098384,7.209838390350342
0,7.2506347,7.250634670257568
0,6.6453567,6.64535665512085
0,6.5072875,6.507287502288818
0,6.0311203,6.031120300292969
0,5.9054894,5.905489444732666
0,5.5015435,5.5015435218811035
0,5.405458,5.405457973480225
0,5.065538,5.065537929534912
0,5.036427,5.036427021026611
0,4.8178544,4.817854404449463
0,4.725516,4.725515842437744
0,4.4312634,4.431263446807861
0,4.387216,4.387216091156006
0,4.106228,4.106227874755859
0,4.1348224,4.134822368621826
0,3.8622851,3.8622851371765137
0,3.3957238,3.395723819732666
0,2.8141115,2.8141114711761475
0,2.7491457,2.749145746231079
65,2.6647263,62.33527374267578
65,3.0900993,61.9099006652832
65,5.3516135,59.64838647842407
65,13.298947,51.70105266571045
65,15.556772,49.443227767944336
65,24.769257,40.230743408203125
65,26.501287,38.49871253967285
65,34.779556,30.220443725585938
65,35.52039,29.479610443115234
65,41.81431,23.185691833496094
65,41.797287,23.202713012695312
65,46.49035,18.50965118408203
65,46.30371,18.6962890625
65,50.140614,14.859386444091797
65,50.505547,14.494453430175781
65,53.29535,11.70465087890625
65,53.250534,11.749465942382812
65,55.252895,9.74710464477539
65,55.092678,9.90732192993164
65,56.747383,8.252616882324219
65,56.263615,8.736385345458984
65,57.77162,7.2283782958984375
65,57.366253,7.633747100830078
65,58.93486,6.0651397705078125
65,58.87424,6.125759124755859
65,60.76018,4.239818572998047
65,61.408554,3.5914459228515625
65,62.68925,2.310749053955078
65,63.021812,1.9781875610351562
65,63.78298,1.2170181274414062
65,63.824024,1.1759757995605469
65,63.59513,1.4048690795898438
65,63.706882,1.2931175231933594
65,63.498074,1.5019264221191406
65,63.65039,1.349609375
65,63.512543,1.487457275390625
65,63.66845,1.3315505981445312
65,63.4711,1.528900146484375
65,63.58948,1.4105186462402344
65,63.390003,1.6099967956542969
65,63.53999,1.4600105285644531
65,63.371048,1.6289520263671875
65,63.511223,1.4887771606445312
65,63.42402,1.5759811401367188
65,63.976585,1.0234146118164062
65,63.71002,1.2899818420410156
65,64.05963,0.94036865234375
65,63.71055,1.2894515991210938
65,64.00495,0.9950485229492188
65,63.674267,1.3257331848144531
65,63.81996,1.1800384521484375
65,63.535217,1.46478271484375
65,63.70862,1.2913818359375
65,63.48951,1.5104904174804688
65,63.630127,1.369873046875
65,63.51955,1.4804496765136719
65,63.670616,1.3293838500976562
65,63.54321,1.4567909240722656
65,63.61141,1.3885917663574219
65,63.557888,1.4421119689941406
65,63.4958,1.5041999816894531
65,63.307594,1.6924057006835938
65,63.212494,1.787506103515625
65,63.02289,1.97711181640625
65,62.9683,2.0317001342773438
65,62.83559,2.164409637451172
65,62.847958,2.1520423889160156
65,62.75531,2.24468994140625
65,62.698723,2.3012771606445312
65,62.611717,2.3882827758789062
65,62.519238,2.480762481689453
65,62.455246,2.5447540283203125
65,62.37159,2.6284103393554688
65,62.370293,2.6297073364257812
65,62.153065,2.846935272216797
65,62.11925,2.880748748779297
65,62.248833,2.7511672973632812
65,62.210136,2.7898635864257812
65,62.64771,2.3522911071777344
65,62.368813,2.6311874389648438
65,62.37609,2.6239089965820312
65,62.29036,2.7096405029296875
65,62.318768,2.681232452392578
65,62.12748,2.8725204467773438
65,62.3301,2.6698989868164062
65,62.168407,2.831592559814453
65,62.304943,2.695056915283203
65,61.83866,3.1613388061523438
65,62.152077,2.8479232788085938
65,62.03672,2.9632797241210938
65,62.320282,2.679718017578125
65,62.02298,2.977020263671875
65,62.20465,2.79534912109375
65,62.214966,2.7850341796875
65,62.596066,2.4039344787597656
65,62.808098,2.1919021606445312
65,62.997185,2.0028152465820312
65,63.027344,1.97265625
65,62.765415,2.2345848083496094
65,62.966003,2.03399658203125
65,62.998093,2.0019073486328125
65,63.23866,1.7613410949707031
65,62.844124,2.1558761596679688
65,63.25915,1.7408485412597656
65,62.995438,2.0045623779296875
65,63.24354,1.7564582824707031
65,62.884277,2.11572265625
65,63.143402,1.856597900390625
65,62.94639,2.0536117553710938
65,63.229794,1.7702064514160156
65,62.99946,2.0005416870117188
65,63.225513,1.7744865417480469
65,62.958134,2.0418663024902344
65,63.102234,1.89776611328125
65,62.39773,2.6022682189941406
65,62.48295,2.5170516967773438
65,62.668552,2.3314476013183594
65,63.37996,1.6200408935546875
65,62.667088,2.3329124450683594
65,63.220192,1.7798080444335938
65,62.68328,2.3167190551757812
65,63.08245,1.9175491333007812
65,62.767517,2.23248291015625
65,63.126698,1.8733024597167969
65,62.762913,2.2370872497558594
65,62.990585,2.0094146728515625
65,62.92244,2.0775604248046875
65,63.22439,1.7756118774414062
65,62.854576,2.1454238891601562
65,62.911903,2.0880966186523438
65,62.710144,2.28985595703125
65,62.8955,2.1044998168945312
65,62.633144,2.3668556213378906
65,62.854515,2.1454849243164062
65,62.553772,2.44622802734375
65,62.732574,2.267425537109375
65,62.277958,2.7220420837402344
65,62.595264,2.404735565185547
65,62.19606,2.8039398193359375
65,62.716698,2.2833023071289062
65,62.21515,2.78485107421875
65,62.52819,2.4718093872070312
65,62.88514,2.1148605346679688
65,62.940536,2.0594635009765625
65,62.790016,2.2099838256835938
65,62.64146,2.358539581298828
65,62.795868,2.204132080078125
65,62.653698,2.346302032470703
65,62.74417,2.255828857421875
65,62.816067,2.1839332580566406
65,62.961533,2.0384674072265625
65,62.91134,2.0886611938476562
65,62.913673,2.0863265991210938
65,63.048897,1.9511032104492188
65,62.97133,2.0286712646484375
65,62.937023,2.062976837158203
65,62.902428,2.0975723266601562
65,63.058147,1.9418525695800781
65,63.077312,1.9226875305175781
65,63.081646,1.9183540344238281
65,62.997044,2.0029563903808594
65,63.15655,1.8434486389160156
65,63.158318,1.8416824340820312
65,63.2572,1.7428016662597656
65,63.221462,1.7785377502441406
65,63.13945,1.8605499267578125
65,63.14048,1.8595199584960938
65,63.133442,1.8665580749511719
65,63.16271,1.8372917175292969
65,63.27799,1.7220115661621094
65,63.25698,1.7430191040039062
65,63.313072,1.6869277954101562
65,63.499264,1.5007362365722656
65,63.54803,1.4519691467285156
65,63.612545,1.3874549865722656
65,63.42003,1.5799713134765625
65,63.50954,1.4904594421386719
65,63.272438,1.7275619506835938
65,63.33041,1.6695899963378906
65,63.020454,1.9795455932617188
65,63.244995,1.7550048828125
65,62.88207,2.117931365966797
65,63.200027,1.7999725341796875
65,63.044544,1.9554557800292969
65,63.114647,1.8853530883789062
65,62.983894,2.0161056518554688
65,63.127666,1.8723335266113281
65,62.964046,2.0359535217285156
65,63.202454,1.79754638671875
65,62.9739,2.0261001586914062
65,63.178127,1.8218727111816406
65,62.966022,2.033977508544922
65,63.131447,1.8685531616210938
65,62.98482,2.015178680419922
65,63.15819,1.8418083190917969
65,63.01007,1.98992919921875
65,63.13232,1.8676795959472656
65,62.86202,2.137981414794922
65,62.889236,2.1107635498046875
65,62.691273,2.308727264404297
65,62.81691,2.1830902099609375
65,62.80072,2.19927978515625
65,62.892796,2.1072044372558594
65,62.93965,2.0603485107421875
65,62.956963,2.0430374145507812
65,63.035095,1.96490478515625
65,62.916042,2.0839576721191406
65,62.950394,2.0496063232421875
65,63.138817,1.8611831665039062
65,63.12195,1.8780517578125
65,63.626007,1.373992919921875
65,63.476456,1.5235443115234375
65,63.842308,1.1576919555664062
65,63.82729,1.1727104187011719
65,64.12956,0.8704376220703125
65,64.04788,0.952117919921875
65,64.34722,0.6527786254882812
65,64.14376,0.8562393188476562
65,64.35485,0.6451492309570312
65,64.25298,0.7470169067382812
65,64.42127,0.5787277221679688
65,64.242,0.7580032348632812
65,63.92153,1.0784683227539062
65,64.05465,0.9453506469726562
65,64.05912,0.9408798217773438
65,64.087524,0.9124755859375
65,64.16032,0.8396835327148438
65,64.18749,0.8125076293945312
65,64.252525,0.7474746704101562
65,64.16135,0.838653564453125
65,64.071396,0.9286041259765625
65,64.13644,0.8635635375976562
65,64.09412,0.9058837890625
65,64.31966,0.6803436279296875
65,64.493385,0.5066146850585938
65,64.422844,0.5771560668945312
65,64.11165,0.8883514404296875
65,64.20583,0.7941665649414062
65,64.01113,0.9888687133789062
65,64.28491,0.715087890625
65,64.05015,0.9498519897460938
65,64.02973,0.9702682495117188
65,63.643433,1.3565673828125
65,63.67175,1.3282508850097656
65,63.27439,1.7256088256835938
65,63.259113,1.7408866882324219
65,62.855507,2.1444931030273438
65,62.95339,2.046611785888672
65,62.570713,2.4292869567871094
65,62.723824,2.2761764526367188
65,62.51332,2.4866790771484375
65,63.263836,1.7361640930175781
65,63.396725,1.6032752990722656
65,63.542747,1.4572525024414062
65,63.332573,1.6674270629882812
65,63.385128,1.6148719787597656
65,63.441948,1.5580520629882812
65,63.594265,1.4057350158691406
65,63.590477,1.4095230102539062
65,63.43916,1.5608406066894531
65,63.31806,1.6819381713867188
65,63.26249,1.7375106811523438
65,63.321495,1.6785049438476562
65,63.360847,1.6391525268554688
65,63.326935,1.673065185546875
65,63.774017,1.225982666015625
65,64.01877,0.981231689453125
65,64.3124,0.6875991821289062
65,64.65032,0.34967803955078125
65,64.81193,0.18807220458984375
65,64.909546,0.0904541015625
64,65.01545,1.0154495239257812
64,65.03762,1.0376205444335938
64,65.30844,1.308441162109375
64,66.03623,2.0362319946289062
64,64.94564,0.9456405639648438
64,65.16808,1.1680831909179688
64,64.57454,0.5745391845703125
64,64.820366,0.8203659057617188
64,64.378,0.37799835205078125
64,64.61741,0.6174087524414062
64,64.27932,0.27931976318359375
64,64.45059,0.450592041015625
64,64.22269,0.222686767578125
64,64.35295,0.3529510498046875
64,64.13715,0.13715362548828125
64,64.19546,0.19545745849609375
64,64.0133,0.01329803466796875
64,64.07006,0.07006072998046875
64,63.990364,0.00963592529296875
64,64.20789,0.20789337158203125
64,64.29254,0.29254150390625
64,64.54601,0.5460128784179688
64,64.116615,0.11661529541015625
64,64.61176,0.6117630004882812
64,64.1858,0.18579864501953125
64,64.819016,0.8190155029296875
64,64.48995,0.48995208740234375
64,64.79381,0.7938079833984375
64,64.51389,0.5138931274414062
64,64.73443,0.7344284057617188
64,64.58712,0.5871200561523438
64,64.743904,0.7439041137695312
64,64.54483,0.544830322265625
64,64.653404,0.6534042358398438
64,64.48432,0.48432159423828125
64,64.466774,0.46677398681640625
64,64.26931,0.26930999755859375
64,64.449684,0.44968414306640625
64,64.197556,0.1975555419921875
64,64.30693,0.3069305419921875
64,64.24864,0.2486419677734375
64,64.41792,0.4179229736328125
64,64.29055,0.29055023193359375
64,64.35482,0.35482025146484375
64,64.73313,0.7331314086914062
64,64.45403,0.45403289794921875
64,64.422295,0.42229461669921875
64,64.2344,0.23439788818359375
64,64.14482,0.1448211669921875
64,64.12824,0.12824249267578125
64,64.16543,0.16542816162109375
64,64.02803,0.0280303955078125
64,64.1502,0.15019989013671875
64,64.10301,0.1030120849609375
64,64.183365,0.1833648681640625
64,64.02179,0.02178955078125
64,64.09703,0.0970306396484375
64,63.967133,0.032867431640625
64,64.03969,0.0396881103515625
64,63.88413,0.11587142944335938
64,63.93809,0.061908721923828125
64,63.68157,0.3184318542480469
64,63.818928,0.18107223510742188
64,63.69283,0.3071708679199219
64,63.83029,0.169708251953125
64,63.754875,0.24512481689453125
64,63.92499,0.07500839233398438
64,63.919884,0.08011627197265625
64,63.962612,0.037387847900390625
64,63.90731,0.09268951416015625
64,63.919952,0.080047607421875
64,63.981716,0.018283843994140625
64,64.01669,0.016693115234375
64,64.118935,0.11893463134765625
64,64.032104,0.0321044921875
64,63.953426,0.046573638916015625
64,63.97773,0.02227020263671875
64,63.954235,0.045764923095703125
64,63.882217,0.1177825927734375
64,63.84826,0.15174102783203125
64,63.802876,0.19712448120117188
64,63.82884,0.17116165161132812
64,63.86655,0.13344955444335938
64,63.92145,0.07854843139648438
64,63.831356,0.16864395141601562
64,63.87659,0.12340927124023438
64,63.84302,0.15697860717773438
64,63.992195,0.00780487060546875
64,64.05112,0.051116943359375
64,64.12253,0.122528076171875
64,64.05466,0.054656982421875
64,64.103714,0.1037139892578125
64,64.16954,0.1695404052734375
64,64.183304,0.1833038330078125
64,64.25155,0.25154876708984375
64,64.25186,0.251861572265625
64,64.29374,0.29373931884765625
64,64.15858,0.15857696533203125
64,64.228226,0.2282257080078125
64,64.172195,0.1721954345703125
64,64.15447,0.15447235107421875
64,64.1247,0.12470245361328125
64,64.05977,0.0597686767578125
64,64.04573,0.0457305908203125
64,64.0641,0.0641021728515625
64,64.02505,0.02504730224609375
64,64.03532,0.03531646728515625
64,63.99828,0.001720428466796875
64,64.12635,0.12635040283203125
64,64.143135,0.14313507080078125
64,64.13465,0.13465118408203125
64,64.013016,0.0130157470703125
64,64.10383,0.10382843017578125
64,64.01345,0.01345062255859375
64,64.11862,0.118621826171875
64,64.07278,0.07277679443359375
64,64.0871,0.08709716796875
64,64.059586,0.0595855712890625
64,64.119865,0.11986541748046875
64,64.14418,0.1441802978515625
64,64.13777,0.1377716064453125
64,64.23189,0.2318878173828125
64,64.293846,0.29384613037109375
64,64.3402,0.34020233154296875
64,64.382286,0.38228607177734375
64,64.371086,0.37108612060546875
64,64.36101,0.3610076904296875
64,64.30738,0.30738067626953125
64,64.26441,0.26441192626953125
64,64.19991,0.19991302490234375
64,64.28986,0.28986358642578125
64,64.222626,0.222625732421875
64,64.26949,0.26949310302734375
64,64.203285,0.20328521728515625
64,64.21781,0.21781158447265625
64,64.26234,0.26233673095703125
64,64.329124,0.32912445068359375
64,64.34645,0.3464508056640625
64,64.35483,0.354827880859375
64,64.51974,0.5197372436523438
64,64.45967,0.4596710205078125
64,64.44354,0.44354248046875
64,64.57078,0.5707778930664062
64,64.32055,0.32054901123046875
64,64.483826,0.48382568359375
64,64.2971,0.29709625244140625
64,64.5015,0.5015029907226562
64,64.44401,0.44400787353515625
64,64.59085,0.590850830078125
64,64.524605,0.5246047973632812
64,64.5581,0.5580978393554688
64,64.61914,0.619140625
64,64.45606,0.45606231689453125
64,64.46487,0.46486663818359375
64,64.293175,0.29317474365234375
64,64.15557,0.15557098388671875
64,64.143585,0.143585205078125
64,64.29171,0.29170989990234375
64,64.27816,0.27816009521484375
64,64.18106,0.181060791015625
64,64.39938,0.399383544921875
64,64.266014,0.26601409912109375
64,64.4363,0.43630218505859375
64,64.08178,0.08177947998046875
64,64.13637,0.1363677978515625
64,63.926163,0.0738372802734375
64,64.15328,0.15328216552734375
64,64.10579,0.1057891845703125
64,64.25356,0.25356292724609375
64,64.18449,0.18448638916015625
64,64.24159,0.2415924072265625
64,64.15183,0.15183258056640625
64,64.14504,0.14504241943359375
64,64.159744,0.1597442626953125
64,64.36964,0.36963653564453125
64,64.3773,0.37729644775390625
64,64.49604,0.49604034423828125
64,64.5203,0.5203018188476562
64,64.42477,0.42476654052734375
64,64.38938,0.38938140869140625
64,64.43615,0.43614959716796875
64,64.3375,0.33750152587890625
64,64.36448,0.36447906494140625
64,64.22144,0.22144317626953125
64,64.09637,0.09636688232421875
64,64.1165,0.1165008544921875
64,64.19832,0.1983184814453125
64,64.31944,0.3194427490234375
64,64.24183,0.24182891845703125
64,64.37035,0.37035369873046875
64,64.34745,0.34745025634765625
64,64.34516,0.34516143798828125
64,64.393776,0.39377593994140625
64,64.27144,0.2714385986328125
64,64.290306,0.29030609130859375
64,64.01665,0.0166473388671875
64,64.075554,0.07555389404296875
64,63.988922,0.011077880859375
64,64.095345,0.09534454345703125
64,64.13387,0.13387298583984375
64,64.32914,0.32913970947265625
64,64.27131,0.27130889892578125
64,64.22502,0.2250213623046875
64,64.42617,0.42617034912109375
64,64.33713,0.337127685546875
64,64.41635,0.416351318359375
64,64.46163,0.46163177490234375
64,64.460945,0.46094512939453125
64,64.37028,0.37027740478515625
64,64.34104,0.34104156494140625
64,64.27265,0.27265167236328125
64,64.31031,0.31031036376953125
64,64.26539,0.26538848876953125
64,64.347275,0.3472747802734375
64,64.60168,0.6016769409179688
64,64.5268,0.5268020629882812
64,64.60164,0.6016387939453125
64,64.68443,0.6844329833984375
64,64.64646,0.6464614868164062
64,64.79294,0.792938232421875
64,64.67824,0.6782379150390625
64,64.63698,0.6369781494140625
64,64.5953,0.5952987670898438
64,64.60314,0.6031417846679688
64,64.70089,0.7008895874023438
64,64.67272,0.6727218627929688
64,64.60467,0.6046676635742188
64,64.54293,0.5429306030273438
64,64.53695,0.5369491577148438
64,64.49389,0.49388885498046875
64,64.55184,0.5518417358398438
64,64.6011,0.6010971069335938
64,63.557808,0.44219207763671875
64,64.02472,0.02471923828125
64,64.39129,0.39128875732421875
64,64.5324,0.5324020385742188
64,64.18933,0.1893310546875
64,64.18992,0.18991851806640625
64,64.593666,0.5936660766601562
64,64.33234,0.33233642578125
64,64.43189,0.43189239501953125
64,64.37127,0.37126922607421875
64,64.3394,0.3394012451171875
64,63.4778,0.5222015380859375
64,63.68939,0.3106117248535156
64,63.48178,0.518218994140625
64,63.57279,0.4272117614746094
64,63.259045,0.7409553527832031
64,63.364,0.6360015869140625
64,63.153233,0.8467674255371094
64,63.18528,0.8147201538085938
64,62.864723,1.1352767944335938
64,62.86068,1.1393203735351562
64,62.369556,1.6304435729980469
64,62.29285,1.7071495056152344
64,61.606865,2.3931350708007812
64,61.639534,2.3604660034179688
64,61.415043,2.5849571228027344
64,62.159252,1.8407478332519531
64,61.932697,2.067302703857422
64,62.89397,1.1060295104980469
64,62.64692,1.3530807495117188
64,63.17245,0.8275489807128906
64,62.962555,1.037445068359375
64,63.427677,0.5723228454589844
64,63.259605,0.7403945922851562
64,63.488445,0.5115547180175781
64,63.38339,0.6166114807128906
64,63.55791,0.4420890808105469
64,63.5851,0.4149017333984375
64,63.842255,0.157745361328125
64,63.77591,0.224090576171875
64,63.750645,0.24935531616210938
64,63.824436,0.17556381225585938
64,63.909042,0.0909576416015625
64,63.953358,0.046642303466796875
64,63.979065,0.02093505859375
64,64.017555,0.01755523681640625
64,63.20066,0.7993392944335938
64,63.681274,0.3187255859375
64,64.346214,0.34621429443359375
64,64.36761,0.36760711669921875
64,64.08451,0.08451080322265625
64,63.829605,0.1703948974609375
64,63.98536,0.01464080810546875
64,63.90824,0.09175872802734375
64,63.89467,0.1053314208984375
64,63.381638,0.6183624267578125
63,63.28184,0.2818412780761719
63,63.00928,0.009281158447265625
63,63.485794,0.4857940673828125
63,64.72271,1.7227096557617188
63,64.161125,1.1611251831054688
63,64.40879,1.4087905883789062
63,64.14518,1.1451797485351562
63,64.41423,1.4142303466796875
63,64.10423,1.1042327880859375
63,64.31797,1.3179702758789062
63,64.07785,1.077850341796875
63,64.12704,1.1270370483398438
63,63.756466,0.7564659118652344
63,63.595818,0.5958175659179688
63,64.37698,1.376983642578125
63,63.781532,0.7815322875976562
63,64.21229,1.2122879028320312
63,64.064926,1.0649261474609375
63,64.39307,1.39306640625
63,64.30781,1.3078079223632812
63,64.60492,1.60491943359375
63,64.53412,1.53411865234375
63,64.99056,1.9905624389648438
63,64.90432,1.9043197631835938
63,64.81707,1.8170700073242188
63,64.832985,1.8329849243164062
63,64.8892,1.8891983032226562
63,64.83785,1.8378524780273438
63,64.96378,1.9637832641601562
63,65.11555,2.1155471801757812
63,64.90271,1.9027099609375
63,64.77581,1.7758102416992188
63,64.708824,1.7088241577148438
63,64.61487,1.6148681640625
63,64.58829,1.588287353515625
63,64.43403,1.4340286254882812
63,64.43444,1.4344406127929688
63,64.36607,1.3660736083984375
63,64.35084,1.3508377075195312
63,64.387474,1.3874740600585938
63,64.39102,1.391021728515625
63,64.381256,1.381256103515625
63,64.294136,1.2941360473632812
63,64.32989,1.3298873901367188
63,64.330635,1.3306350708007812
63,64.468056,1.4680557250976562
63,64.38973,1.3897323608398438
63,64.344666,1.34466552734375
63,64.22781,1.227813720703125
63,64.25861,1.2586135864257812
63,64.18085,1.18084716796875
63,64.16766,1.16766357421875
63,64.09199,1.0919876098632812
63,64.06201,1.06201171875
63,63.96843,0.9684295654296875
63,63.951202,0.951202392578125
63,63.879547,0.879547119140625
63,63.86126,0.8612594604492188
63,63.844578,0.8445777893066406
63,63.872902,0.8729019165039062
63,63.860226,0.8602256774902344
63,63.8608,0.8608016967773438
63,63.82235,0.8223495483398438
63,63.81659,0.81658935546875
63,63.79434,0.7943382263183594
63,63.803955,0.803955078125
63,63.75497,0.7549705505371094
63,63.71741,0.7174110412597656
63,63.6642,0.6641998291015625
63,63.65309,0.6530914306640625
63,63.60295,0.6029510498046875
63,63.46183,0.46183013916015625
63,63.346115,0.3461151123046875
63,63.293083,0.29308319091796875
63,63.323917,0.3239173889160156
63,63.262226,0.2622261047363281
63,63.28714,0.287139892578125
63,63.21864,0.21863937377929688
63,63.22246,0.22246170043945312
63,63.175316,0.17531585693359375
63,63.162678,0.16267776489257812
63,63.112164,0.11216354370117188
63,63.076008,0.07600784301757812
63,62.97708,0.022918701171875
63,62.94684,0.05316162109375
63,62.91796,0.08203887939453125
63,62.870552,0.12944793701171875
63,62.816986,0.183013916015625
63,62.845905,0.15409469604492188
63,62.78852,0.21147918701171875
63,62.73848,0.2615203857421875
63,62.49118,0.508819580078125
63,62.536316,0.46368408203125
63,62.510612,0.48938751220703125
63,62.556564,0.4434356689453125
63,62.471123,0.5288772583007812
63,62.57095,0.4290504455566406
63,62.585487,0.41451263427734375
63,62.711853,0.28814697265625
63,62.730278,0.26972198486328125
63,62.794857,0.20514297485351562
63,62.800404,0.19959640502929688
63,62.888252,0.11174774169921875
63,62.96618,0.03382110595703125
63,63.06067,0.0606689453125
63,63.10144,0.1014404296875
63,63.173176,0.17317581176757812
63,63.147858,0.147857666015625
63,63.245094,0.24509429931640625
63,63.33156,0.3315582275390625
63,63.47789,0.4778900146484375
63,63.52132,0.5213203430175781
63,63.57707,0.5770683288574219
63,63.439205,0.4392051696777344
63,63.595657,0.5956573486328125
63,63.49316,0.4931602478027344
63,63.648308,0.6483078002929688
63,63.701607,0.7016067504882812
63,63.856194,0.8561935424804688
63,63.7681,0.7681007385253906
63,64.014404,1.014404296875
63,63.97219,0.9721908569335938
63,64.11974,1.1197433471679688
63,63.981266,0.9812660217285156
63,64.15627,1.1562728881835938
63,64.06257,1.0625686645507812
63,64.14693,1.1469268798828125
63,64.109215,1.1092147827148438
63,64.22226,1.222259521484375
63,64.092285,1.09228515625
63,64.06207,1.06207275390625
63,63.89669,0.8966903686523438
63,64.08668,1.0866775512695312
63,63.90026,0.9002609252929688
63,63.966354,0.9663543701171875
63,63.832867,0.8328666687011719
63,63.91478,0.9147796630859375
63,63.57008,0.5700798034667969
63,63.735474,0.7354736328125
63,63.73919,0.7391891479492188
63,64.09636,1.0963592529296875
63,63.897392,0.8973922729492188
63,64.15359,1.1535873413085938
63,64.064514,1.06451416015625
63,64.09634,1.0963363647460938
63,64.06002,1.0600204467773438
63,64.11454,1.1145401000976562
63,64.29817,1.2981719970703125
63,64.394844,1.3948440551757812
63,64.35003,1.3500289916992188
63,64.115875,1.115875244140625
63,64.09801,1.0980072021484375
63,64.017654,1.0176544189453125
63,63.979103,0.9791030883789062
63,64.17766,1.1776580810546875
63,64.22513,1.225128173828125
63,64.31628,1.3162765502929688
63,64.35473,1.3547286987304688
63,64.39913,1.3991317749023438
63,64.24157,1.2415695190429688
63,64.208176,1.2081756591796875
63,64.12323,1.12322998046875
63,64.0984,1.0983963012695312
63,64.279106,1.2791061401367188
63,64.26137,1.2613677978515625
63,64.27307,1.2730712890625
63,64.24547,1.2454681396484375
63,64.34809,1.3480911254882812
63,64.26933,1.2693328857421875
63,64.56887,1.5688705444335938
63,64.473206,1.47320556640625
63,64.61705,1.6170501708984375
63,64.516045,1.5160446166992188
63,64.43885,1.4388504028320312
63,64.43601,1.4360122680664062
63,64.491974,1.491973876953125
63,64.411766,1.4117660522460938
63,64.46035,1.4603500366210938
63,64.4849,1.4849014282226562
63,64.60562,1.605621337890625
63,64.49193,1.4919281005859375
63,64.62937,1.6293716430664062
63,64.535164,1.5351638793945312
63,64.70356,1.7035598754882812
63,64.94511,1.9451065063476562
63,64.40834,1.4083404541015625
63,63.303883,0.3038825988769531
63,64.21298,1.212982177734375
63,64.4114,1.4113998413085938
63,64.787796,1.7877960205078125
63,64.341805,1.3418045043945312
63,64.66924,1.6692428588867188
63,64.47752,1.4775238037109375
63,63.800682,0.8006820678710938
63,63.690224,0.6902236938476562
63,64.168144,1.1681442260742188
63,63.82195,0.8219490051269531
63,63.855453,0.8554534912109375
63,63.61132,0.6113204956054688
63,63.66089,0.660888671875
63,63.577484,0.577484130859375
63,63.801594,0.8015937805175781
63,63.615993,0.6159934997558594
63,63.447464,0.4474639892578125
63,62.779392,0.22060775756835938
63,63.198654,0.1986541748046875
63,63.02031,0.0203094482421875
63,63.216904,0.2169036865234375
63,62.78414,0.21585845947265625
63,62.8883,0.11169815063476562
63,62.55621,0.4437904357910156
63,63.37003,0.3700294494628906
63,62.90338,0.09661865234375
63,64.44561,1.4456100463867188
63,64.24619,1.2461929321289062
63,63.653217,0.6532173156738281
63,62.872177,0.1278228759765625
63,62.707294,0.2927055358886719
63,61.901356,1.0986442565917969
63,62.666977,0.3330230712890625
63,62.656025,0.3439750671386719
63,63.370705,0.37070465087890625
63,63.356533,0.3565330505371094
63,63.70684,0.7068405151367188
63,63.697174,0.697174072265625
63,64.05335,1.0533523559570312
63,64.18638,1.1863784790039062
63,64.65194,1.6519393920898438
63,64.693306,1.6933059692382812
63,64.28326,1.2832565307617188
63,64.2513,1.2512969970703125
63,64.44074,1.4407424926757812
63,64.37839,1.378387451171875
63,64.40324,1.4032363891601562
63,64.44643,1.4464263916015625
63,64.49752,1.4975204467773438
63,64.52079,1.5207901000976562
63,64.44874,1.4487380981445312
63,64.76734,1.7673416137695312
63,64.728294,1.7282943725585938
63,65.10379,2.103790283203125
63,65.2806,2.2806015014648438
63,65.28927,2.2892684936523438
63,65.21859,2.2185897827148438
63,65.01351,2.0135116577148438
63,65.04211,2.0421066284179688
63,65.18298,2.1829833984375
63,65.14508,2.14508056640625
63,65.39953,2.3995285034179688
63,64.53809,1.5380935668945312
63,64.08473,1.0847320556640625
63,64.27153,1.2715301513671875
63,64.42351,1.4235076904296875
62,64.283195,2.2831954956054688
62,64.31699,2.3169937133789062
62,64.27224,2.2722396850585938
62,65.26341,3.2634124755859375
62,64.03003,2.030029296875
62,64.6235,2.6234970092773438
62,64.06566,2.0656585693359375
62,64.674706,2.6747055053710938
62,64.33242,2.3324203491210938
62,64.749,2.7490005493164062
62,64.54772,2.5477218627929688
62,64.72776,2.7277603149414062
62,64.60871,2.6087112426757812
62,64.784225,2.7842254638671875
62,64.63392,2.6339187622070312
62,64.82199,2.821990966796875
62,64.65196,2.6519622802734375
62,64.77204,2.7720413208007812
62,64.5613,2.5613021850585938
62,64.7259,2.7258987426757812
62,64.51195,2.5119476318359375
62,64.64425,2.6442489624023438
62,64.515175,2.5151748657226562
62,64.66653,2.6665267944335938
62,64.65464,2.6546401977539062
62,64.713005,2.7130050659179688
62,64.62838,2.6283798217773438
62,64.63708,2.6370773315429688
62,64.56239,2.5623931884765625
62,64.567375,2.5673751831054688
62,64.41182,2.4118194580078125
62,64.37705,2.3770523071289062
62,64.34319,2.3431930541992188
62,64.32708,2.3270797729492188
62,64.23934,2.2393417358398438
62,64.17764,2.177642822265625
62,64.11906,2.1190567016601562
62,64.10021,2.1002120971679688
62,64.04319,2.0431900024414062
62,64.04223,2.0422286987304688
62,63.96424,1.9642410278320312
62,63.942703,1.9427032470703125
62,63.88807,1.8880691528320312
62,63.864685,1.86468505859375
62,63.802692,1.8026924133300781
62,63.77269,1.7726898193359375
62,63.716106,1.7161064147949219
62,63.714214,1.7142143249511719
62,63.68311,1.6831092834472656
62,63.666367,1.6663665771484375
62,63.615883,1.6158828735351562
62,63.596638,1.5966377258300781
62,63.570755,1.5707550048828125
62,63.54952,1.5495185852050781
62,63.51413,1.514129638671875
62,63.465004,1.4650039672851562
62,63.47006,1.4700584411621094
62,63.429203,1.4292030334472656
62,63.43074,1.4307403564453125
62,63.35976,1.3597602844238281
62,63.337814,1.3378143310546875
62,63.268024,1.2680244445800781
62,63.252213,1.2522125244140625
62,63.191795,1.1917953491210938
62,63.15643,1.1564292907714844
62,63.10167,1.1016693115234375
62,63.0727,1.0727005004882812
62,63.002075,1.0020751953125
62,62.976078,0.9760780334472656
62,62.946144,0.9461441040039062
62,62.924553,0.9245529174804688
62,62.905132,0.9051322937011719
62,62.89166,0.8916587829589844
62,62.87081,0.8708114624023438
62,62.881584,0.8815841674804688
62,62.822514,0.8225135803222656
62,62.834652,0.8346519470214844
62,62.797928,0.7979278564453125
62,62.82561,0.8256111145019531
62,62.793587,0.7935867309570312
62,62.792263,0.7922630310058594
62,62.799522,0.7995223999023438
62,62.83432,0.834320068359375
62,62.90364,0.9036407470703125
62,63.023552,1.0235519409179688
62,63.132706,1.1327056884765625
62,63.33894,1.3389396667480469
62,63.411633,1.4116325378417969
62,63.615013,1.6150131225585938
62,63.57896,1.5789604187011719
62,63.626423,1.6264228820800781
62,63.631638,1.6316375732421875
62,63.657562,1.657562255859375
62,63.58736,1.5873603820800781
62,63.54824,1.5482406616210938
62,63.517616,1.5176162719726562
62,63.56131,1.561309814453125
62,63.543854,1.543853759765625
62,63.630394,1.6303939819335938
62,63.666824,1.6668243408203125
62,63.718826,1.7188262939453125
62,63.7103,1.7103004455566406
62,63.82648,1.8264808654785156
62,63.763645,1.7636451721191406
62,63.686634,1.6866340637207031
62,63.851097,1.8510971069335938
62,63.776077,1.7760772705078125
62,63.699726,1.6997261047363281
62,63.747925,1.7479248046875
62,63.682396,1.6823959350585938
62,63.53795,1.5379486083984375
62,63.55495,1.5549507141113281
62,63.65922,1.6592216491699219
62,63.507317,1.5073165893554688
62,63.26595,1.2659492492675781
62,63.377174,1.3771743774414062
62,63.321865,1.3218650817871094
62,62.66229,0.6622886657714844
62,63.092056,1.0920562744140625
62,63.34654,1.3465385437011719
62,63.477776,1.4777755737304688
62,63.397453,1.3974533081054688
62,63.74655,1.746551513671875
62,63.939316,1.9393157958984375
62,63.537407,1.5374069213867188
62,63.56033,1.5603294372558594
62,63.577545,1.577545166015625
62,63.453117,1.4531173706054688
62,63.383232,1.3832321166992188
62,63.333584,1.3335838317871094
62,63.33336,1.3333587646484375
62,63.29574,1.2957382202148438
62,63.44381,1.4438095092773438
62,63.480553,1.4805526733398438
62,63.74852,1.7485198974609375
62,63.633133,1.6331329345703125
62,63.638443,1.6384429931640625
62,63.67392,1.673919677734375
62,63.73272,1.7327194213867188
62,63.630768,1.630767822265625
62,63.66043,1.660430908203125
62,64.037796,2.0377960205078125
62,64.177734,2.177734375
62,63.903637,1.9036369323730469
62,64.092316,2.092315673828125
62,64.280266,2.2802658081054688
62,64.800804,2.8008041381835938
62,64.21385,2.2138519287109375
62,63.82569,1.8256912231445312
62,63.75267,1.7526702880859375
62,63.688957,1.6889572143554688
62,63.63343,1.6334304809570312
62,63.646854,1.6468544006347656
62,63.66759,1.6675910949707031
62,63.68525,1.6852493286132812
62,63.64708,1.6470794677734375
62,63.708942,1.7089424133300781
62,63.699554,1.699554443359375
62,63.752403,1.7524032592773438
62,63.83286,1.8328590393066406
62,63.736526,1.7365264892578125
62,63.575157,1.5751571655273438
62,63.431953,1.4319534301757812
62,63.6569,1.6568984985351562
62,63.417267,1.417266845703125
62,63.386723,1.3867225646972656
62,63.237198,1.2371978759765625
62,63.73437,1.7343711853027344
62,63.75473,1.754730224609375
62,63.783653,1.7836532592773438
62,64.05119,2.0511932373046875
62,64.20046,2.2004623413085938
62,63.882233,1.882232666015625
62,64.14243,2.1424331665039062
62,64.10816,2.1081619262695312
62,64.56451,2.5645065307617188
62,64.480675,2.4806747436523438
62,64.660034,2.6600341796875
62,64.51067,2.5106735229492188
62,64.54189,2.5418930053710938
62,64.5699,2.5699005126953125
62,64.72504,2.72503662109375
62,64.66215,2.6621475219726562
62,64.535515,2.5355148315429688
62,64.55727,2.5572662353515625
62,64.55855,2.5585479736328125
62,64.77624,2.7762374877929688
62,64.62182,2.6218185424804688
62,65.30027,3.3002700805664062
62,64.53372,2.533721923828125
62,63.85082,1.8508186340332031
62,63.678596,1.6785964965820312
62,63.9859,1.98590087890625
62,63.651474,1.6514739990234375
62,63.55333,1.5533294677734375
62,63.28836,1.288360595703125
62,63.417706,1.4177055358886719
62,63.2203,1.2202987670898438
62,63.451004,1.4510040283203125
62,63.354164,1.3541641235351562
62,63.47474,1.4747390747070312
62,63.87091,1.87091064453125
62,63.833164,1.8331642150878906
62,63.73164,1.7316398620605469
62,63.63322,1.6332206726074219
62,63.62095,1.6209487915039062
62,63.57579,1.5757904052734375
62,63.50181,1.5018081665039062
62,63.471527,1.471527099609375
62,63.396908,1.3969078063964844
62,63.340626,1.3406257629394531
62,63.35611,1.356109619140625
62,63.355515,1.3555145263671875
62,63.379993,1.3799934387207031
62,63.285126,1.285125732421875
62,63.399376,1.3993759155273438
62,62.52627,0.5262718200683594
62,63.596714,1.5967140197753906
62,63.978462,1.9784622192382812
62,64.660904,2.6609039306640625
61,64.595924,3.5959243774414062
61,64.432594,3.4325942993164062
61,64.57725,3.5772476196289062
61,65.46098,4.4609832763671875
61,64.385376,3.3853759765625
61,64.829636,3.8296356201171875
61,64.14252,3.14251708984375
61,64.53851,3.53851318359375
61,64.034676,3.0346755981445312
61,64.37247,3.372467041015625
61,64.00155,3.0015487670898438
61,64.341995,3.3419952392578125
61,64.12296,3.1229629516601562
61,64.3726,3.3725967407226562
61,64.27552,3.2755203247070312
61,64.59469,3.5946884155273438
61,64.50168,3.501678466796875
61,64.60735,3.6073532104492188
61,64.4289,3.4289016723632812
61,64.50942,3.5094223022460938
61,64.399086,3.3990859985351562
61,64.42106,3.4210586547851562
61,64.330185,3.3301849365234375
61,64.360405,3.3604049682617188
61,64.32999,3.329986572265625
61,64.35377,3.3537673950195312
61,64.3204,3.3203964233398438
61,64.358,3.358001708984375
61,64.34138,3.3413772583007812
61,64.32682,3.3268203735351562
61,64.27903,3.2790298461914062
61,64.189995,3.1899948120117188
61,64.2194,3.2193984985351562
61,64.15033,3.15032958984375
61,64.16457,3.1645736694335938
61,64.09388,3.0938796997070312
61,64.07866,3.0786590576171875
61,64.01637,3.0163726806640625
61,64.00702,3.00701904296875
61,63.94468,2.9446792602539062
61,63.891373,2.8913726806640625
61,63.792828,2.792827606201172
61,63.738056,2.738056182861328
61,63.649296,2.6492958068847656
61,63.6239,2.6239013671875
61,63.539043,2.539043426513672
61,63.75424,2.7542381286621094
61,64.12389,3.1238937377929688
61,64.0296,3.02960205078125
61,64.095695,3.0956954956054688
61,63.801605,2.801605224609375
61,63.877937,2.8779373168945312
61,64.09751,3.0975112915039062
61,64.066895,3.06689453125
61,64.17125,3.1712493896484375
61,63.734436,2.73443603515625
61,63.863205,2.8632049560546875
61,63.666904,2.6669044494628906
61,63.69892,2.6989212036132812
61,63.38895,2.3889503479003906
61,63.23019,2.2301902770996094
61,63.45748,2.4574813842773438
61,63.491768,2.4917678833007812
61,63.554253,2.5542526245117188
61,63.41935,2.4193496704101562
61,63.328697,2.3286972045898438
61,63.419468,2.4194679260253906
61,63.40713,2.4071311950683594
61,63.799606,2.7996063232421875
61,63.861004,2.861003875732422
61,63.601227,2.601226806640625
61,63.242744,2.2427444458007812
61,63.473312,2.4733123779296875
61,63.3491,2.3490982055664062
61,63.48409,2.484088897705078
61,63.35295,2.3529510498046875
61,63.429855,2.4298553466796875
61,63.23559,2.2355918884277344
61,63.36898,2.3689804077148438
61,63.030502,2.0305023193359375
61,63.003742,2.003742218017578
61,62.575565,1.5755653381347656
61,62.5679,1.567901611328125
61,62.069572,1.0695724487304688
61,62.14086,1.1408615112304688
61,61.370102,0.3701019287109375
61,61.935974,0.93597412109375
61,62.362175,1.3621749877929688
61,62.88335,1.8833503723144531
61,62.835476,1.8354759216308594
61,63.25782,2.2578201293945312
61,63.209606,2.209606170654297
61,63.38727,2.3872718811035156
61,62.844368,1.8443679809570312
61,62.792965,1.7929649353027344
61,62.303078,1.3030776977539062
61,62.115658,1.1156578063964844
61,61.536404,0.5364036560058594
61,61.64879,0.6487884521484375
61,62.194862,1.1948623657226562
61,62.398876,1.3988761901855469
61,62.707054,1.7070541381835938
61,62.363144,1.3631439208984375
61,61.901203,0.9012031555175781
61,60.656246,0.3437538146972656
61,61.2152,0.21519851684570312
61,61.828552,0.82855224609375
61,62.13015,1.1301498413085938
61,61.830162,0.8301620483398438
61,62.344913,1.3449134826660156
61,62.339638,1.3396377563476562
61,62.704586,1.7045860290527344
61,62.584972,1.5849723815917969
61,62.707893,1.7078933715820312
61,62.40007,1.4000701904296875
61,62.558224,1.5582237243652344
61,62.227077,1.2270774841308594
61,62.075974,1.0759735107421875
61,61.71532,0.7153205871582031
61,61.548107,0.5481071472167969
61,61.344444,0.34444427490234375
61,61.314423,0.314422607421875
61,61.299538,0.29953765869140625
61,61.357628,0.35762786865234375
61,61.429375,0.42937469482421875
61,61.632835,0.6328353881835938
61,61.740532,0.7405319213867188
61,61.388847,0.38884735107421875
61,61.14388,0.14387893676757812
61,61.169624,0.16962432861328125
61,61.480316,0.480316162109375
61,62.159573,1.1595726013183594
61,62.43559,1.4355888366699219
61,62.470394,1.4703941345214844
61,61.720104,0.7201042175292969
61,62.138084,1.1380844116210938
61,62.487774,1.4877738952636719
61,62.60795,1.6079483032226562
61,62.55263,1.5526313781738281
61,62.70813,1.7081298828125
61,62.615517,1.6155166625976562
61,62.815598,1.8155975341796875
61,62.8353,1.8353004455566406
61,62.944626,1.9446258544921875
61,62.946297,1.9462966918945312
61,63.280262,2.280261993408203
61,63.211147,2.2111473083496094
61,63.41536,2.4153594970703125
61,63.33725,2.337249755859375
61,63.35576,2.3557586669921875
61,63.28208,2.2820816040039062
61,63.329197,2.3291969299316406
61,63.32464,2.3246383666992188
61,63.400215,2.4002151489257812
61,63.080727,2.0807266235351562
61,63.062237,2.062236785888672
61,62.925163,1.9251632690429688
61,62.99504,1.9950408935546875
61,63.19877,2.1987686157226562
61,62.299553,1.2995529174804688
61,63.088764,2.088764190673828
61,63.021667,2.02166748046875
61,63.58589,2.5858917236328125
61,63.26928,2.2692794799804688
61,63.554794,2.5547943115234375
61,63.295525,2.2955245971679688
61,63.592186,2.5921859741210938
61,63.42881,2.4288101196289062
61,63.653603,2.6536026000976562
61,63.386955,2.3869552612304688
61,63.564205,2.5642051696777344
61,63.357513,2.357513427734375
61,63.584095,2.584095001220703
61,63.30114,2.3011398315429688
61,63.45211,2.4521102905273438
61,63.17909,2.179088592529297
61,63.483147,2.4831466674804688
61,62.958084,1.9580841064453125
61,63.32171,2.3217086791992188
61,62.574585,1.5745849609375
61,62.784607,1.78460693359375
61,62.487534,1.4875335693359375
61,63.4346,2.434600830078125
61,62.88699,1.8869895935058594
61,63.43049,2.4304885864257812
61,62.59058,1.5905799865722656
61,63.023323,2.0233230590820312
61,63.009243,2.0092430114746094
61,63.214054,2.2140541076660156
61,63.056206,2.0562057495117188
61,63.27111,2.2711105346679688
61,63.236107,2.2361068725585938
61,63.362114,2.3621139526367188
61,63.268963,2.268962860107422
61,63.526627,2.5266265869140625
61,63.40297,2.4029693603515625
61,63.611294,2.6112937927246094
61,63.50102,2.501018524169922
61,63.647396,2.6473960876464844
61,63.54017,2.5401687622070312
61,63.698166,2.6981658935546875
61,63.662556,2.662555694580078
61,63.835094,2.835094451904297
61,63.739403,2.7394027709960938
61,63.872665,2.8726654052734375
61,63.948914,2.94891357421875
61,63.142056,2.1420555114746094
61,63.499477,2.4994773864746094
61,64.79244,3.7924423217773438
61,64.9081,3.9080963134765625
61,65.248436,4.248435974121094
61,64.99969,3.9996871948242188
61,65.15985,4.15985107421875
61,65.26011,4.260108947753906
61,64.76838,3.7683792114257812
61,64.8786,3.87860107421875
61,64.38999,3.3899917602539062
60,64.11579,4.115791320800781
60,64.48794,4.487937927246094
60,64.356926,4.356925964355469
60,65.1907,5.190696716308594
60,63.715015,3.715015411376953
60,64.272194,4.272193908691406
60,63.469734,3.4697341918945312
60,63.87651,3.8765106201171875
60,63.33626,3.336261749267578
60,63.759167,3.759166717529297
60,63.10548,3.105480194091797
60,63.405167,3.4051666259765625
60,62.710766,2.710765838623047
60,63.028362,3.028362274169922
60,62.28763,2.287628173828125
60,62.590332,2.59033203125
60,62.24204,2.2420387268066406
60,62.5621,2.5620994567871094
60,62.26438,2.2643814086914062
60,62.49181,2.491809844970703
60,62.11287,2.1128692626953125
60,62.294586,2.294586181640625
60,61.956802,1.9568023681640625
60,62.180504,2.1805038452148438
60,61.643402,1.643402099609375
60,61.885292,1.8852920532226562
60,61.41974,1.41973876953125
60,61.65158,1.651580810546875
60,61.096874,1.0968742370605469
60,61.344185,1.3441848754882812
60,60.708073,0.7080726623535156
60,60.685326,0.6853256225585938
60,60.554016,0.55401611328125
60,60.517296,0.5172958374023438
60,60.39943,0.3994293212890625
60,60.317436,0.31743621826171875
60,60.143658,0.14365768432617188
60,59.98271,0.0172882080078125
60,59.866123,0.13387680053710938
60,59.70072,0.29927825927734375
60,59.489685,0.51031494140625
60,59.3069,0.6930999755859375
60,59.115013,0.8849868774414062
60,58.954582,1.0454177856445312
60,58.719448,1.2805519104003906
60,58.520527,1.4794731140136719
60,58.213985,1.7860145568847656
60,58.039547,1.9604530334472656
60,57.83373,2.166271209716797
60,57.732597,2.2674026489257812
60,57.56835,2.4316482543945312
60,57.546833,2.453166961669922
60,57.555542,2.4444580078125
60,57.585503,2.4144973754882812
60,57.692345,2.3076553344726562
60,57.812843,2.1871566772460938
60,58.00815,1.991851806640625
60,58.144806,1.855194091796875
60,58.34144,1.6585617065429688
60,58.52518,1.4748191833496094
60,58.608494,1.3915061950683594
60,58.661415,1.3385848999023438
60,59.212536,0.7874641418457031
60,59.110607,0.8893928527832031
60,59.57959,0.42041015625
60,59.128166,0.8718338012695312
60,59.43878,0.56121826171875
60,59.02008,0.97991943359375
60,59.476654,0.523345947265625
60,59.02846,0.9715385437011719
60,59.47416,0.5258407592773438
60,58.947777,1.0522232055664062
60,59.445587,0.554412841796875
60,59.020966,0.979034423828125
60,59.8211,0.17890167236328125
60,59.45954,0.5404586791992188
60,60.33156,0.3315582275390625
60,59.72177,0.278228759765625
60,60.357925,0.3579254150390625
60,59.607445,0.39255523681640625
60,60.19877,0.19876861572265625
60,59.4012,0.5988006591796875
60,59.841457,0.15854263305664062
60,59.035408,0.9645919799804688
60,59.423992,0.5760078430175781
60,58.786022,1.2139778137207031
60,59.156544,0.8434562683105469
60,58.867813,1.1321868896484375
60,59.656906,0.3430938720703125
60,59.694275,0.30572509765625
60,59.530106,0.4698944091796875
60,59.740696,0.2593040466308594
60,59.176834,0.8231658935546875
60,59.614334,0.3856658935546875
60,59.13074,0.8692588806152344
60,59.7469,0.2531013488769531
60,59.361954,0.6380462646484375
60,59.957348,0.042652130126953125
60,59.4322,0.5677986145019531
60,59.99253,0.00746917724609375
60,59.244335,0.7556648254394531
60,60.034706,0.03470611572265625
60,58.997833,1.002166748046875
60,59.75749,0.24251174926757812
60,58.723663,1.276336669921875
60,59.617275,0.3827247619628906
60,58.775387,1.2246131896972656
60,59.770515,0.22948455810546875
60,58.98239,1.017608642578125
60,59.82349,0.17650985717773438
60,59.002647,0.9973526000976562
60,60.00333,0.003330230712890625
60,59.13387,0.8661308288574219
60,60.000343,0.00034332275390625
60,59.372574,0.6274261474609375
60,60.338074,0.33807373046875
60,59.70808,0.2919197082519531
60,60.360123,0.3601226806640625
60,59.780804,0.21919631958007812
60,60.29689,0.2968902587890625
60,60.01153,0.011531829833984375
60,60.432446,0.4324455261230469
60,60.13652,0.1365203857421875
60,60.18701,0.18701171875
60,59.829975,0.17002487182617188
60,59.69156,0.308441162109375
60,59.937473,0.06252670288085938
60,60.083138,0.08313751220703125
60,60.475166,0.47516632080078125
60,60.132996,0.13299560546875
60,60.652454,0.6524543762207031
60,60.380894,0.3808937072753906
60,60.70126,0.7012596130371094
60,60.433662,0.43366241455078125
60,60.699177,0.6991767883300781
60,60.32018,0.3201789855957031
60,60.365005,0.3650054931640625
60,59.988068,0.011932373046875
60,60.146854,0.14685440063476562
60,59.84938,0.1506195068359375
60,60.197166,0.19716644287109375
60,60.096508,0.09650802612304688
60,60.130013,0.13001251220703125
60,59.933018,0.06698226928710938
60,60.1393,0.13930130004882812
60,59.92701,0.07299041748046875
60,60.31606,0.3160591125488281
60,60.14527,0.14527130126953125
60,60.50634,0.5063400268554688
60,60.197227,0.19722747802734375
60,60.67212,0.672119140625
60,60.262386,0.2623863220214844
60,60.567375,0.5673751831054688
60,60.195293,0.19529342651367188
60,60.493813,0.49381256103515625
60,60.049194,0.0491943359375
60,60.204212,0.20421218872070312
60,59.807938,0.1920623779296875
60,60.049755,0.049755096435546875
60,59.694267,0.30573272705078125
60,60.120327,0.12032699584960938
60,59.792015,0.20798492431640625
60,60.140564,0.14056396484375
60,59.853733,0.14626693725585938
60,60.233913,0.23391342163085938
60,59.920815,0.07918548583984375
60,60.255333,0.25533294677734375
60,59.835663,0.164337158203125
60,60.249184,0.24918365478515625
60,59.98694,0.0130615234375
60,60.618362,0.6183624267578125
60,60.32114,0.3211402893066406
60,60.27021,0.27021026611328125
60,59.976242,0.0237579345703125
60,60.001064,0.001064300537109375
60,60.065742,0.06574249267578125
60,60.111042,0.11104202270507812
60,60.15537,0.15536880493164062
60,60.1984,0.19839859008789062
60,60.496822,0.4968223571777344
60,60.5577,0.5577011108398438
60,60.014324,0.014324188232421875
60,60.632412,0.6324119567871094
60,59.98753,0.012470245361328125
60,59.669857,0.3301429748535156
60,60.084587,0.08458709716796875
60,60.305233,0.3052330017089844
60,60.525166,0.5251655578613281
60,59.86985,0.13014984130859375
60,60.177464,0.17746353149414062
60,60.09406,0.09405899047851562
60,61.77085,1.7708511352539062
60,60.04198,0.041980743408203125
60,61.548637,1.5486373901367188
60,60.0777,0.07770156860351562
60,61.673714,1.6737136840820312
60,60.52944,0.5294418334960938
60,61.954086,1.9540863037109375
60,60.80011,0.80010986328125
60,62.159588,2.159587860107422
60,60.450363,0.4503631591796875
60,61.790764,1.7907638549804688
60,59.206676,0.7933235168457031
60,61.067917,1.0679168701171875
60,58.56599,1.4340095520019531
60,60.980766,0.9807662963867188
60,59.107315,0.8926849365234375
60,61.59132,1.5913200378417969
60,60.37044,0.3704414367675781
60,61.833294,1.8332939147949219
60,60.45088,0.4508781433105469
60,62.207726,2.2077255249023438
60,61.956093,1.9560928344726562
60,62.812767,2.8127670288085938
60,61.7348,1.7347984313964844
60,62.70693,2.706928253173828
60,61.755608,1.7556076049804688
60,62.779007,2.7790069580078125
60,62.617413,2.617412567138672
60,62.875908,2.8759078979492188
60,62.934788,2.9347877502441406
60,63.026688,3.0266876220703125
60,63.03663,3.0366287231445312
60,62.94475,2.944751739501953
60,62.946224,2.9462242126464844
60,62.640476,2.6404762268066406
60,62.67765,2.6776504516601562
60,62.096684,2.0966835021972656
60,62.42283,2.4228286743164062
60,62.363605,2.363605499267578
60,62.758224,2.7582244873046875
60,62.40597,2.4059715270996094
60,62.33998,2.3399810791015625
60,61.456657,1.4566574096679688
60,61.155403,1.1554031372070312
60,60.18296,0.18296051025390625
60,60.224415,0.22441482543945312
60,61.330185,1.3301849365234375
60,61.099705,1.0997047424316406
60,61.622124,1.6221237182617188
60,61.082024,1.0820236206054688
60,61.68651,1.6865081787109375
60,61.317234,1.3172340393066406
60,61.80323,1.8032302856445312
60,61.5065,1.506500244140625
60,61.92101,1.9210090637207031
60,61.67415,1.6741485595703125
60,62.08695,2.0869483947753906
60,61.773193,1.773193359375
60,62.181084,2.1810836791992188
60,61.829163,1.82916259765625
60,62.144447,2.1444473266601562
60,61.885677,1.8856773376464844
60,62.294632,2.2946319580078125
60,62.064857,2.0648574829101562
60,62.413322,2.4133224487304688
60,62.18568,2.185680389404297
60,62.51912,2.5191192626953125
60,62.33897,2.338970184326172
60,62.591568,2.5915679931640625
60,62.343647,2.343647003173828
60,62.644203,2.6442031860351562
60,61.711155,1.7111549377441406
60,62.869915,2.869915008544922
59,63.07815,4.078151702880859
59,63.508667,4.5086669921875
59,63.668503,4.6685028076171875
59,64.83804,5.838043212890625
59,63.553757,4.5537567138671875
59,64.24942,5.249420166015625
59,63.509384,4.5093841552734375
59,64.12325,5.123252868652344
59,63.542477,4.542476654052734
59,63.98282,4.982818603515625
59,63.563118,4.563117980957031
59,63.972992,4.972991943359375
59,63.634605,4.634605407714844
59,64.00718,5.007179260253906
59,63.684864,4.684864044189453
59,64.06168,5.061683654785156
59,63.683517,4.6835174560546875
59,63.88521,4.8852081298828125
59,63.603172,4.603172302246094
59,63.836872,4.836872100830078
59,63.57629,4.576290130615234
59,63.75431,4.754310607910156
59,63.498333,4.498332977294922
59,63.65943,4.659431457519531
59,63.50346,4.503459930419922
59,63.627037,4.627037048339844
59,63.523087,4.5230865478515625
59,63.54477,4.544769287109375
59,63.293682,4.293682098388672
59,63.27755,4.277549743652344
59,62.904713,3.904712677001953
59,62.840454,3.8404541015625
59,62.755116,3.755115509033203
59,62.696503,3.696502685546875
59,62.628513,3.6285133361816406
59,62.583595,3.5835952758789062
59,62.51763,3.5176315307617188
59,62.491425,3.491424560546875
59,62.396946,3.3969459533691406
59,62.369232,3.369232177734375
59,62.27558,3.2755813598632812
59,62.259743,3.2597427368164062
59,62.11128,3.111278533935547
59,62.0628,3.0628013610839844
59,61.98008,2.9800796508789062
59,61.978863,2.978862762451172
59,61.88424,2.8842391967773438
59,61.88618,2.886180877685547
59,61.738216,2.7382164001464844
59,61.71392,2.7139205932617188
59,61.640438,2.6404380798339844
59,61.655922,2.6559219360351562
59,61.496952,2.4969520568847656
59,61.53302,2.53302001953125
59,61.38267,2.382671356201172
59,61.367603,2.367603302001953
59,61.229515,2.2295150756835938
59,61.237434,2.2374343872070312
59,61.06497,2.0649681091308594
59,61.070663,2.0706634521484375
59,60.85952,1.8595199584960938
59,60.86393,1.8639297485351562
59,60.65573,1.655731201171875
59,60.63544,1.6354408264160156
59,60.42424,1.4242401123046875
59,60.40817,1.4081687927246094
59,60.26017,1.2601699829101562
59,60.249382,1.2493820190429688
59,60.063744,1.0637435913085938
59,60.04608,1.04608154296875
59,59.882145,0.8821449279785156
59,59.830997,0.8309974670410156
59,59.71885,0.7188491821289062
59,59.743187,0.7431869506835938
59,59.73426,0.7342605590820312
59,59.722275,0.7222747802734375
59,59.763985,0.7639846801757812
59,59.786907,0.7869071960449219
59,59.82595,0.8259506225585938
59,59.863796,0.8637962341308594
59,59.986317,0.9863166809082031
59,59.916073,0.9160728454589844
59,60.053932,1.0539321899414062
59,59.984825,0.9848251342773438
59,60.04206,1.0420608520507812
59,60.010952,1.0109519958496094
59,60.074512,1.0745124816894531
59,60.025093,1.0250930786132812
59,60.09825,1.0982513427734375
59,59.998985,0.9989852905273438
59,60.124676,1.1246757507324219
59,60.142166,1.1421661376953125
59,60.33559,1.3355903625488281
59,60.350616,1.350616455078125
59,60.164135,1.1641349792480469
59,60.209587,1.2095870971679688
59,60.052177,1.0521774291992188
59,60.04014,1.0401382446289062
59,59.873238,0.8732376098632812
59,59.90515,0.9051513671875
59,59.672733,0.6727333068847656
59,59.664314,0.6643142700195312
59,59.39057,0.39057159423828125
59,59.41724,0.4172401428222656
59,59.136635,0.13663482666015625
59,59.16589,0.16588973999023438
59,58.833447,0.16655349731445312
59,58.864994,0.13500595092773438
59,58.47529,0.5247116088867188
59,58.672073,0.3279266357421875
59,58.41178,0.5882186889648438
59,58.771614,0.22838592529296875
59,58.677658,0.3223419189453125
59,58.893944,0.10605621337890625
59,58.806828,0.19317245483398438
59,59.1172,0.11719894409179688
59,59.2638,0.26380157470703125
59,59.58087,0.58087158203125
59,59.51358,0.513580322265625
59,59.341805,0.34180450439453125
59,58.96319,0.03681182861328125
59,58.891594,0.10840606689453125
59,58.74196,0.2580413818359375
59,58.32981,0.6701889038085938
59,58.37308,0.6269187927246094
59,58.476093,0.5239067077636719
59,58.668762,0.33123779296875
59,58.77019,0.22980880737304688
59,58.97673,0.0232696533203125
59,59.105137,0.10513687133789062
59,59.342224,0.34222412109375
59,59.483833,0.48383331298828125
59,59.675915,0.6759147644042969
59,59.803493,0.8034934997558594
59,59.938812,0.938812255859375
59,60.015446,1.0154457092285156
59,60.083984,1.083984375
59,60.15345,1.1534500122070312
59,60.127945,1.1279449462890625
59,60.27461,1.2746086120605469
59,60.257133,1.2571334838867188
59,60.483086,1.4830856323242188
59,60.40483,1.4048309326171875
59,60.498703,1.4987030029296875
59,60.223667,1.2236671447753906
59,60.164555,1.1645545959472656
59,59.984753,0.9847526550292969
59,60.018505,1.0185050964355469
59,59.880585,0.880584716796875
59,59.949303,0.9493026733398438
59,60.02494,1.0249404907226562
59,60.368206,1.3682060241699219
59,60.412357,1.4123573303222656
59,60.388775,1.3887748718261719
59,60.413017,1.4130172729492188
59,60.439598,1.4395980834960938
59,60.521187,1.5211868286132812
59,60.613815,1.6138153076171875
59,60.660667,1.6606674194335938
59,60.762844,1.7628440856933594
59,60.811993,1.8119926452636719
59,60.73816,1.7381591796875
59,60.759098,1.7590980529785156
59,60.873775,1.8737754821777344
59,60.90919,1.9091911315917969
59,60.969116,1.9691162109375
59,61.02949,2.029491424560547
59,61.05703,2.0570297241210938
59,61.10167,2.1016693115234375
59,60.981804,1.9818038940429688
59,61.05304,2.05303955078125
59,61.013474,2.0134735107421875
59,61.07424,2.0742416381835938
59,61.08179,2.0817909240722656
59,61.057922,2.05792236328125
59,61.2567,2.2566986083984375
59,61.50402,2.5040206909179688
59,61.671112,2.671112060546875
59,61.945015,2.9450149536132812
59,61.831383,2.8313827514648438
59,61.971535,2.9715347290039062
59,61.774147,2.7741470336914062
59,62.213913,3.2139129638671875
59,62.30302,3.303020477294922
59,62.63823,3.6382293701171875
59,62.185104,3.1851043701171875
59,63.094112,4.094112396240234
59,62.903473,3.903472900390625
59,63.37659,4.376590728759766
59,63.122482,4.1224822998046875
59,63.118896,4.118896484375
59,63.186916,4.186916351318359
59,63.577866,4.5778656005859375
59,63.31673,4.316730499267578
59,63.591316,4.591316223144531
59,63.53477,4.534770965576172
59,64.01992,5.019920349121094
59,63.210976,4.210975646972656
59,63.940807,4.940807342529297
59,63.43902,4.439018249511719
59,63.4486,4.448600769042969
59,62.910812,3.9108123779296875
59,63.74318,4.7431793212890625
59,63.330143,4.330142974853516
59,63.678978,4.678977966308594
59,63.25068,4.250679016113281
59,63.595314,4.595314025878906
59,63.253326,4.253326416015625
59,63.56624,4.5662384033203125
59,63.18326,4.183261871337891
59,63.621845,4.621845245361328
59,63.44126,4.441261291503906
59,63.79169,4.791690826416016
59,63.568302,4.568302154541016
59,63.874477,4.874477386474609
59,64.29481,5.294807434082031
59,64.683334,5.6833343505859375
59,63.729973,4.729972839355469
59,63.800053,4.800052642822266
59,63.29699,4.296989440917969
59,63.623215,4.6232147216796875
59,62.949913,3.9499130249023438
59,63.431805,4.431804656982422
59,62.315063,3.3150634765625
59,62.614388,3.6143875122070312
59,61.55027,2.5502700805664062
59,62.110985,3.1109848022460938
59,61.54304,2.543041229248047
59,62.06508,3.0650787353515625
59,61.758926,2.7589263916015625
59,62.47415,3.474151611328125
59,62.69138,3.6913795471191406
59,63.33522,4.3352203369140625
59,63.164066,4.164066314697266
59,63.610928,4.610927581787109
59,63.566994,4.566993713378906
59,63.723774,4.723773956298828
59,63.673904,4.6739044189453125
59,63.641785,4.64178466796875
59,63.472866,4.472866058349609
59,63.38165,4.381649017333984
59,62.9712,3.9711990356445312
59,62.92505,3.925048828125
59,62.83975,3.8397483825683594
59,62.837433,3.837432861328125
59,62.764786,3.7647857666015625
59,62.992126,3.99212646484375
59,63.058678,4.058677673339844
59,63.039993,4.0399932861328125
59,63.001175,4.0011749267578125
59,62.9794,3.979400634765625
59,63.03752,4.0375213623046875
59,62.943962,3.9439620971679688
59,63.100933,4.100933074951172
59,62.68053,3.680530548095703
59,62.51934,3.5193405151367188
59,61.774647,2.774646759033203
59,61.75917,2.7591705322265625
59,61.857643,2.8576431274414062
59,61.886993,2.886993408203125
59,61.61043,2.610431671142578
59,61.74324,2.7432403564453125
59,61.58669,2.586688995361328
59,61.494213,2.494213104248047
59,61.52792,2.5279197692871094
59,61.56377,2.563770294189453
59,61.74754,2.747539520263672
59,61.796066,2.7960662841796875
59,61.86373,2.8637313842773438
59,61.853767,2.8537673950195312
59,61.87124,2.8712387084960938
59,61.853218,2.8532180786132812
59,61.820896,2.8208961486816406
59,61.828644,2.828643798828125
59,61.803448,2.803447723388672
59,61.73532,2.735321044921875
59,61.751644,2.7516441345214844
59,61.825314,2.8253135681152344
59,61.93774,2.9377403259277344
59,61.988808,2.9888076782226562
59,62.116055,3.1160545349121094
59,62.168964,3.168964385986328
59,61.970284,2.9702835083007812
59,60.36779,1.3677902221679688
59,61.803963,2.8039627075195312
59,61.39936,2.3993606567382812
59,62.72499,3.7249908447265625
59,62.970203,3.970203399658203
58,63.827034,5.827033996582031
58,63.34041,5.3404083251953125
58,64.337585,6.33758544921875
58,64.42275,6.422752380371094
58,63.584015,5.584014892578125
58,63.62533,5.625331878662109
58,63.286755,5.286754608154297
58,63.355263,5.355262756347656
58,63.119934,5.11993408203125
58,63.21375,5.213748931884766
58,62.946304,4.9463043212890625
58,62.996437,4.996437072753906
58,62.855534,4.855533599853516
58,62.99376,4.9937591552734375
58,62.928436,4.928436279296875
58,63.1662,5.16619873046875
58,63.33412,5.3341217041015625
58,63.69515,5.695148468017578
58,63.317287,5.317287445068359
58,64.108536,6.1085357666015625
58,63.417854,5.417854309082031
58,63.97721,5.977210998535156
58,63.644592,5.64459228515625
58,64.112366,6.11236572265625
58,63.877422,5.877422332763672
58,64.29595,6.295951843261719
58,64.014854,6.014854431152344
58,64.22245,6.222450256347656
58,63.861397,5.861396789550781
58,64.16307,6.1630706787109375
58,63.785915,5.785915374755859
58,63.961365,5.96136474609375
58,63.70435,5.704349517822266
58,63.85998,5.859981536865234
58,63.648438,5.6484375
58,63.788635,5.78863525390625
58,63.564056,5.564056396484375
58,63.726036,5.726036071777344
58,63.544746,5.544746398925781
58,63.65497,5.65496826171875
58,63.45629,5.456291198730469
58,63.606575,5.606575012207031
58,63.48301,5.483009338378906
58,63.442398,5.4423980712890625
58,63.33027,5.330268859863281
58,63.540222,5.54022216796875
58,63.459625,5.459625244140625
58,63.427242,5.427242279052734
58,63.452713,5.4527130126953125
58,63.476776,5.476776123046875
58,63.412876,5.412876129150391
58,63.480133,5.480133056640625
58,63.36179,5.361789703369141
58,63.402805,5.402805328369141
58,63.4081,5.408100128173828
58,63.430035,5.430034637451172
58,63.408966,5.408966064453125
58,63.426903,5.426902770996094
58,63.269283,5.269283294677734
58,63.33028,5.330280303955078
58,63.34939,5.349388122558594
58,63.4492,5.449199676513672
58,63.354713,5.354713439941406
58,63.421104,5.421104431152344
58,63.30037,5.3003692626953125
58,63.368427,5.368427276611328
58,63.176228,5.176227569580078
58,63.35987,5.359870910644531
58,63.326973,5.326972961425781
58,63.441925,5.441925048828125
58,63.279602,5.27960205078125
58,63.33175,5.331748962402344
58,63.189457,5.189456939697266
58,63.261555,5.261554718017578
58,63.164955,5.164955139160156
58,63.235172,5.235172271728516
58,63.04115,5.041149139404297
58,63.17774,5.177738189697266
58,63.24333,5.243328094482422
58,63.36673,5.366729736328125
58,63.434074,5.434074401855469
58,63.401226,5.401226043701172
58,63.484756,5.4847564697265625
58,63.40024,5.400241851806641
58,63.38482,5.384819030761719
58,63.40002,5.400020599365234
58,63.45289,5.452888488769531
58,63.456856,5.456855773925781
58,63.457485,5.457485198974609
58,63.425365,5.425365447998047
58,63.58354,5.5835418701171875
58,63.578545,5.578544616699219
58,63.636192,5.636192321777344
58,64.471825,6.471824645996094
58,65.31302,7.313018798828125
58,63.882446,5.8824462890625
58,64.30309,6.303092956542969
58,64.669464,6.669464111328125
58,64.693825,6.693824768066406
58,64.65815,6.658149719238281
58,64.6757,6.675697326660156
58,64.70469,6.704689025878906
58,64.709564,6.709564208984375
58,64.614876,6.614875793457031
58,64.62053,6.6205291748046875
58,64.54838,6.548377990722656
58,64.592964,6.592964172363281
58,64.521645,6.521644592285156
58,64.53011,6.530113220214844
58,64.414154,6.414154052734375
58,64.420494,6.420494079589844
58,64.42018,6.4201812744140625
58,64.415405,6.4154052734375
58,64.7713,6.77130126953125
58,64.29539,6.295387268066406
58,64.833145,6.8331451416015625
58,64.20284,6.202842712402344
58,64.179634,6.179634094238281
58,64.28347,6.283470153808594
58,63.994766,5.9947662353515625
58,63.895943,5.895942687988281
58,63.6996,5.6996002197265625
58,63.729965,5.7299652099609375
58,63.864067,5.864067077636719
58,63.846405,5.846405029296875
58,63.872677,5.872676849365234
58,63.63032,5.630321502685547
58,63.686028,5.686027526855469
58,63.705738,5.705738067626953
58,63.963093,5.963092803955078
58,63.989357,5.989356994628906
58,64.17959,6.179588317871094
58,64.02685,6.026847839355469
58,64.0215,6.0214996337890625
58,63.800274,5.800273895263672
58,63.810184,5.810184478759766
58,63.645447,5.64544677734375
58,63.732925,5.7329254150390625
58,63.663807,5.663806915283203
58,63.720768,5.720767974853516
58,63.544056,5.544055938720703
58,63.438206,5.438205718994141
58,63.278137,5.27813720703125
58,63.230675,5.230674743652344
58,63.292404,5.2924041748046875
58,63.240524,5.2405242919921875
58,63.16364,5.163639068603516
58,63.256508,5.256507873535156
58,63.46553,5.4655303955078125
58,63.503136,5.503135681152344
58,63.605854,5.605854034423828
58,63.538754,5.538753509521484
58,63.68878,5.68878173828125
58,63.621487,5.621486663818359
58,63.697163,5.697162628173828
58,63.121292,5.1212921142578125
58,63.48024,5.4802398681640625
58,63.460358,5.460357666015625
58,63.46147,5.4614715576171875
58,63.4075,5.407501220703125
58,63.599876,5.599876403808594
58,63.304565,5.3045654296875
58,63.398308,5.398307800292969
58,63.153378,5.153377532958984
58,63.240967,5.240966796875
58,63.009235,5.009235382080078
58,63.08315,5.083148956298828
58,62.78517,4.7851715087890625
58,62.707394,4.707393646240234
58,62.360962,4.3609619140625
58,62.710182,4.710182189941406
58,62.947777,4.947776794433594
58,62.859123,4.859123229980469
58,62.58069,4.5806884765625
58,62.38711,4.387111663818359
58,62.507843,4.507843017578125
58,62.449898,4.449897766113281
58,62.34509,4.345088958740234
58,62.048866,4.048866271972656
58,62.067406,4.067405700683594
58,61.979656,3.979656219482422
58,62.23683,4.2368316650390625
58,61.199806,3.1998062133789062
58,61.849323,3.849323272705078
58,62.743202,4.743202209472656
58,62.91934,4.919338226318359
58,63.097683,5.097682952880859
58,62.938255,4.938255310058594
58,62.867065,4.8670654296875
58,62.80445,4.804450988769531
58,62.58056,4.580558776855469
58,62.527336,4.527336120605469
58,62.153847,4.153846740722656
58,62.126514,4.126514434814453
58,61.672867,3.6728668212890625
57,61.657284,4.657283782958984
57,62.572624,5.572624206542969
57,62.792805,5.792804718017578
57,64.14624,7.146240234375
57,62.726593,5.726593017578125
57,63.982986,6.9829864501953125
57,63.19848,6.198478698730469
57,64.170364,7.1703643798828125
57,63.381042,6.38104248046875
57,64.15856,7.158561706542969
57,63.23725,6.237251281738281
57,64.04011,7.040107727050781
57,63.07576,6.0757598876953125
57,63.968513,6.968513488769531
57,63.454063,6.454063415527344
57,64.240654,7.240653991699219
57,63.903915,6.9039154052734375
57,64.3946,7.394599914550781
57,64.15496,7.154960632324219
57,64.53451,7.534507751464844
57,64.36799,7.367988586425781
57,64.62318,7.623176574707031
57,64.53714,7.537139892578125
57,64.72877,7.728767395019531
57,64.62595,7.625953674316406
57,64.7421,7.742103576660156
57,64.639305,7.639305114746094
57,64.71624,7.716239929199219
57,64.598335,7.598335266113281
57,64.54634,7.5463409423828125
57,64.406906,7.4069061279296875
57,64.25848,7.258476257324219
57,64.2001,7.200103759765625
57,63.92508,6.925079345703125
57,64.019196,7.019195556640625
57,63.841637,6.841636657714844
57,64.06895,7.068946838378906
57,63.841076,6.841075897216797
57,63.948784,6.948783874511719
57,63.76992,6.769920349121094
57,63.87381,6.873809814453125
57,63.74061,6.740608215332031
57,63.84214,6.842140197753906
57,63.585754,6.58575439453125
57,63.716106,6.716106414794922
57,63.557655,6.557655334472656
57,63.71362,6.713619232177734
57,63.47566,6.475658416748047
57,63.646996,6.646995544433594
57,63.453983,6.453983306884766
57,63.595882,6.595882415771484
57,63.442894,6.442893981933594
57,63.54195,6.541950225830078
57,63.309685,6.309684753417969
57,63.46149,6.461490631103516
57,63.26999,6.269989013671875
57,63.429718,6.429718017578125
57,63.247864,6.24786376953125
57,63.298225,6.298225402832031
57,63.172028,6.172027587890625
57,63.344444,6.344444274902344
57,63.324444,6.324443817138672
57,63.444366,6.444366455078125
57,63.353672,6.353672027587891
57,63.28357,6.2835693359375
57,63.145172,6.145172119140625
57,63.10797,6.10797119140625
57,63.05426,6.05426025390625
57,63.02394,6.0239410400390625
57,62.97929,5.979290008544922
57,62.93563,5.935630798339844
57,62.811382,5.811382293701172
57,62.667107,5.667106628417969
57,62.651245,5.6512451171875
57,62.53717,5.53717041015625
57,62.526382,5.5263824462890625
57,62.406147,5.406147003173828
57,62.280846,5.280845642089844
57,62.090702,5.090702056884766
57,61.939903,4.939903259277344
57,61.75546,4.755458831787109
57,61.66828,4.668281555175781
57,61.524452,4.524452209472656
57,61.466145,4.466144561767578
57,61.157402,4.157402038574219
57,61.074593,4.074592590332031
57,60.857204,3.8572044372558594
57,60.829243,3.829242706298828
57,60.751053,3.7510528564453125
57,60.629433,3.6294326782226562
57,60.40059,3.4005889892578125
57,60.140568,3.1405677795410156
57,59.964653,2.9646530151367188
57,59.98834,2.9883384704589844
57,59.86668,2.866680145263672
57,59.871452,2.8714523315429688
57,59.631283,2.6312828063964844
57,59.495506,2.4955062866210938
57,59.305435,2.3054351806640625
57,59.448357,2.4483566284179688
57,59.422695,2.4226951599121094
57,59.45923,2.459228515625
57,59.402367,2.4023666381835938
57,59.29834,2.29833984375
57,59.32826,2.328258514404297
57,59.246346,2.2463455200195312
57,59.072414,2.0724143981933594
57,59.20765,2.2076492309570312
57,59.58266,2.582660675048828
57,59.857864,2.8578643798828125
57,59.705757,2.7057571411132812
57,59.683167,2.68316650390625
57,59.658386,2.65838623046875
57,59.572464,2.5724639892578125
57,59.560944,2.560943603515625
57,59.387882,2.3878822326660156
57,59.15163,2.151630401611328
57,59.22917,2.2291717529296875
57,59.114635,2.114635467529297
57,59.244038,2.244037628173828
57,58.99624,1.9962387084960938
57,58.927776,1.9277763366699219
57,58.729168,1.7291679382324219
57,58.60446,1.604461669921875
57,58.387062,1.3870620727539062
57,58.415688,1.4156875610351562
57,58.338776,1.338775634765625
57,58.243515,1.2435150146484375
57,58.047394,1.047393798828125
57,57.93239,0.9323883056640625
57,57.691654,0.6916542053222656
57,57.686646,0.6866455078125
57,57.79693,0.7969284057617188
57,58.021797,1.0217971801757812
57,58.31783,1.3178291320800781
57,58.30664,1.306640625
57,57.81482,0.8148193359375
57,57.59539,0.5953903198242188
57,57.292667,0.2926673889160156
57,57.2964,0.2963981628417969
57,57.08704,0.08703994750976562
57,57.04386,0.04386138916015625
57,57.035843,0.0358428955078125
57,57.22325,0.2232513427734375
57,57.230057,0.2300567626953125
57,57.236553,0.23655319213867188
57,57.08632,0.0863189697265625
57,57.057777,0.05777740478515625
57,57.026176,0.02617645263671875
57,57.00847,0.0084686279296875
57,56.983482,0.01651763916015625
57,57.004555,0.00455474853515625
57,57.128906,0.12890625
57,57.10904,0.109039306640625
57,57.183094,0.18309402465820312
57,57.247025,0.2470245361328125
57,57.383705,0.38370513916015625
57,57.411194,0.41119384765625
57,57.46031,0.4603118896484375
57,57.47181,0.47180938720703125
57,57.407696,0.4076957702636719
57,57.427948,0.427947998046875
57,57.272102,0.27210235595703125
57,57.309494,0.3094940185546875
57,57.329422,0.3294219970703125
57,57.39656,0.3965606689453125
57,57.406006,0.406005859375
57,57.442677,0.4426765441894531
57,57.50689,0.5068893432617188
57,57.44779,0.4477882385253906
57,57.70923,0.709228515625
57,57.43165,0.43164825439453125
57,57.115826,0.11582565307617188
57,57.75974,0.7597389221191406
57,58.513706,1.5137062072753906
57,58.95924,1.9592399597167969
57,59.4088,2.4087982177734375
57,59.2872,2.287200927734375
57,58.549774,1.549774169921875
57,58.42655,1.4265518188476562
57,58.971382,1.9713821411132812
57,59.132072,2.1320724487304688
57,59.286026,2.2860260009765625
57,59.285336,2.2853355407714844
57,59.40809,2.4080886840820312
57,59.205906,2.2059059143066406
57,59.10453,2.1045303344726562
57,58.58477,1.5847702026367188
57,57.924725,0.9247245788574219
57,56.787758,0.21224212646484375
57,55.088333,1.9116668701171875
57,53.11099,3.8890113830566406
57,51.51634,5.483661651611328
57,50.51442,6.4855804443359375
57,49.52185,7.4781494140625
57,49.071632,7.928367614746094
57,49.920815,7.079185485839844
57,49.475685,7.524314880371094
57,49.02303,7.976970672607422
57,49.76908,7.230918884277344
57,50.749733,6.250267028808594
57,51.06514,5.9348602294921875
57,51.94367,5.056331634521484
57,52.468895,4.531105041503906
57,53.388145,3.6118545532226562
57,53.763092,3.236907958984375
57,54.98789,2.0121116638183594
57,55.805744,1.1942558288574219
57,57.732273,0.7322731018066406
57,56.92589,0.07410812377929688
57,58.76112,1.7611198425292969
56,58.559017,2.5590171813964844
56,60.813496,4.813495635986328
56,61.28752,5.2875213623046875
56,63.434116,7.434116363525391
56,62.264576,6.264575958251953
56,63.551807,7.551807403564453
56,62.718903,6.718902587890625
56,63.60202,7.602020263671875
56,62.76454,6.7645416259765625
56,63.517143,7.517143249511719
56,62.721863,6.72186279296875
56,63.44526,7.445259094238281
56,62.844833,6.8448333740234375
56,63.43536,7.435359954833984
56,63.206505,7.206504821777344
56,63.697372,7.6973724365234375
56,63.411377,7.411376953125
56,63.786278,7.786277770996094
56,63.528206,7.528205871582031
56,63.797775,7.7977752685546875
56,63.436577,7.436576843261719
56,63.71976,7.719760894775391
56,63.345142,7.345142364501953
56,63.700348,7.700347900390625
56,63.38002,7.3800201416015625
56,63.35978,7.359779357910156
56,63.18439,7.184391021728516
56,63.13581,7.135810852050781
56,62.90539,6.905391693115234
56,62.83882,6.8388214111328125
56,62.353493,6.353492736816406
56,62.204628,6.204627990722656
56,62.116467,6.116466522216797
56,61.963394,5.9633941650390625
56,61.934933,5.934932708740234
56,61.87755,5.8775482177734375
56,61.870224,5.8702239990234375
56,61.759834,5.759834289550781
56,61.690453,5.690452575683594
56,61.584045,5.58404541015625
56,61.568985,5.5689849853515625
56,61.430153,5.430152893066406
56,61.376534,5.376533508300781
56,61.236248,5.236248016357422
56,61.13811,5.138111114501953
56,61.107254,5.1072540283203125
56,61.5426,5.542598724365234
56,61.154312,5.1543121337890625
56,61.582443,5.5824432373046875
56,61.216167,5.216167449951172
56,61.62462,5.6246185302734375
56,61.151573,5.151573181152344
56,61.523697,5.5236968994140625
56,61.002014,5.00201416015625
56,61.25305,5.2530517578125
56,60.556538,4.556537628173828
56,61.057487,5.057487487792969
56,60.510654,4.510654449462891
56,61.02464,5.024639129638672
56,60.438263,4.438262939453125
56,60.96341,4.963409423828125
56,60.35238,4.352378845214844
56,60.86681,4.866809844970703
56,60.32261,4.322608947753906
56,60.73524,4.735240936279297
56,60.2286,4.228599548339844
56,60.700577,4.7005767822265625
56,60.2804,4.280399322509766
56,60.682953,4.682952880859375
56,60.433098,4.433097839355469
56,60.85551,4.855510711669922
56,60.891922,4.8919219970703125
56,61.630775,5.630775451660156
56,61.648117,5.6481170654296875
56,61.8752,5.8751983642578125
56,61.777336,5.777336120605469
56,61.959755,5.959754943847656
56,61.966087,5.966087341308594
56,62.040485,6.040485382080078
56,61.921772,5.921772003173828
56,61.967144,5.967144012451172
56,61.942223,5.942222595214844
56,61.920185,5.920185089111328
56,61.897354,5.8973541259765625
56,62.042477,6.042476654052734
56,61.97432,5.9743194580078125
56,62.173195,6.173194885253906
56,62.10811,6.1081085205078125
56,62.254715,6.2547149658203125
56,62.16319,6.163188934326172
56,62.194168,6.1941680908203125
56,62.142685,6.1426849365234375
56,62.219154,6.219154357910156
56,62.186104,6.186103820800781
56,62.24156,6.2415618896484375
56,62.14592,6.1459197998046875
56,62.214066,6.2140655517578125
56,62.165535,6.165534973144531
56,62.052338,6.052337646484375
56,62.00068,6.000679016113281
56,62.291958,6.291957855224609
56,62.16065,6.160648345947266
56,62.298016,6.298015594482422
56,62.146744,6.1467437744140625
56,62.2269,6.226898193359375
56,62.33017,6.330169677734375
56,62.573677,6.573677062988281
56,62.59993,6.5999298095703125
56,62.76989,6.769889831542969
56,62.712738,6.712738037109375
56,62.720596,6.7205963134765625
56,62.589645,6.5896453857421875
56,62.656578,6.656578063964844
56,62.551487,6.551486968994141
56,62.640846,6.640846252441406
56,62.4371,6.437099456787109
56,63.22132,7.221321105957031
56,62.996044,6.996044158935547
56,62.24086,6.2408599853515625
56,62.5969,6.596900939941406
56,62.86011,6.860111236572266
56,63.030903,7.030902862548828
56,63.262177,7.262176513671875
56,63.304047,7.304046630859375
56,63.41729,7.417289733886719
56,63.501755,7.5017547607421875
56,63.512802,7.5128021240234375
56,63.65834,7.6583404541015625
56,63.602005,7.6020050048828125
56,63.752995,7.752994537353516
56,63.895794,7.895793914794922
56,63.95264,7.952640533447266
56,64.070786,8.070785522460938
56,64.16768,8.167678833007812
56,64.122696,8.122695922851562
56,64.24704,8.247039794921875
56,64.3709,8.370903015136719
56,64.49532,8.495323181152344
56,64.42482,8.424819946289062
56,64.38938,8.389381408691406
56,63.96016,7.9601593017578125
56,63.495502,7.495502471923828
56,63.066517,7.066516876220703
56,62.23813,6.238128662109375
56,61.870255,5.8702545166015625
56,62.298065,6.298065185546875
56,62.571598,6.571598052978516
56,62.714924,6.714923858642578
56,62.65548,6.655479431152344
56,62.559593,6.559593200683594
56,62.39802,6.398021697998047
56,62.50368,6.503681182861328
56,61.737347,5.737346649169922
56,61.74354,5.743541717529297
56,61.410515,5.410514831542969
56,61.484013,5.484012603759766
56,61.118404,5.118404388427734
56,61.211205,5.211204528808594
56,61.355682,5.355682373046875
56,61.049442,5.049442291259766
56,60.98114,4.98114013671875
56,60.97494,4.974941253662109
56,61.094406,5.0944061279296875
56,60.933853,4.9338531494140625
56,60.61021,4.610210418701172
56,60.48619,4.4861907958984375
56,60.08514,4.085140228271484
56,60.34558,4.3455810546875
56,59.890633,3.8906326293945312
56,60.43304,4.433040618896484
56,61.56109,5.561088562011719
56,61.479794,5.479793548583984
56,61.884888,5.8848876953125
56,61.197277,5.197277069091797
55,61.388042,6.388042449951172
55,61.113792,6.113792419433594
55,62.221207,7.2212066650390625
55,63.00677,8.006771087646484
55,62.43078,7.430778503417969
55,63.119823,8.119823455810547
55,62.9559,7.955898284912109
55,63.33451,8.334510803222656
55,63.12706,8.127059936523438
55,63.38729,8.387290954589844
55,63.24079,8.240791320800781
55,63.486614,8.486614227294922
55,63.32459,8.324588775634766
55,63.58568,8.585678100585938
55,63.476463,8.476463317871094
55,63.64292,8.642921447753906
55,63.52558,8.525581359863281
55,63.56588,8.565879821777344
55,63.532715,8.53271484375
55,63.58296,8.582958221435547
55,63.570297,8.570297241210938
55,63.74009,8.740089416503906
55,63.74302,8.743019104003906
55,63.89937,8.899368286132812
55,63.83323,8.833229064941406
55,64.02399,9.02398681640625
55,63.888493,8.888492584228516
55,63.90468,8.904678344726562
55,63.72793,8.727928161621094
55,63.664165,8.664165496826172
55,63.44079,8.440788269042969
55,63.31333,8.313331604003906
55,63.205635,8.205635070800781
55,63.080544,8.080543518066406
55,62.995872,7.995872497558594
55,62.920612,7.920612335205078
55,62.8517,7.8516998291015625
55,62.799885,7.799884796142578
55,62.72307,7.7230682373046875
55,62.72409,7.724090576171875
55,62.604424,7.604423522949219
55,62.56002,7.560020446777344
55,62.47183,7.471828460693359
55,62.43833,7.438331604003906
55,62.309074,7.309074401855469
55,62.290657,7.290657043457031
55,62.193665,7.19366455078125
55,62.206444,7.206443786621094
55,62.13909,7.139091491699219
55,62.056152,7.05615234375
55,61.997993,6.997993469238281
55,61.92205,6.922050476074219
55,61.82368,6.823680877685547
55,61.755737,6.7557373046875
55,61.676598,6.676597595214844
55,61.59087,6.590869903564453
55,61.47428,6.474281311035156
55,61.43702,6.437019348144531
55,61.299232,6.299232482910156
55,61.44769,6.447689056396484
55,61.391575,6.391574859619141
55,61.464867,6.464866638183594
55,61.355225,6.355224609375
55,61.309013,6.309013366699219
55,61.17375,6.1737518310546875
55,61.110115,6.110115051269531
55,60.84025,5.840248107910156
55,60.71748,5.717479705810547
55,60.695137,5.695137023925781
55,60.66002,5.6600189208984375
55,60.600464,5.6004638671875
55,60.404007,5.4040069580078125
55,60.275517,5.275516510009766
55,60.14593,5.145931243896484
55,59.989395,4.9893951416015625
55,59.899517,4.899517059326172
55,59.73007,4.730068206787109
55,59.62113,4.621131896972656
55,59.50321,4.503208160400391
55,59.468502,4.468502044677734
55,59.39188,4.391880035400391
55,59.22174,4.22174072265625
55,59.134586,4.134586334228516
55,59.00606,4.006061553955078
55,58.941025,3.9410247802734375
55,58.713085,3.713085174560547
55,58.605137,3.6051368713378906
55,58.31803,3.3180313110351562
55,58.297516,3.297515869140625
55,58.052517,3.0525169372558594
55,57.8936,2.8936004638671875
55,57.51671,2.5167083740234375
55,57.4541,2.4541015625
55,57.14042,2.1404190063476562
55,57.298782,2.2987823486328125
55,56.995132,1.9951324462890625
55,56.907898,1.90789794921875
55,56.48494,1.4849395751953125
55,56.484833,1.484832763671875
55,56.23465,1.234649658203125
55,56.27605,1.2760505676269531
55,55.928116,0.9281158447265625
55,56.097366,1.0973663330078125
55,55.7912,0.79119873046875
55,56.13221,1.1322097778320312
55,55.803093,0.8030929565429688
55,56.129395,1.12939453125
55,55.698753,0.6987533569335938
55,55.927746,0.9277458190917969
55,55.78324,0.7832412719726562
55,56.092796,1.0927963256835938
55,55.973984,0.9739837646484375
55,56.495514,1.495513916015625
55,56.68107,1.6810684204101562
55,57.328003,2.3280029296875
55,57.45916,2.4591598510742188
55,58.2728,3.2728004455566406
55,59.279495,4.2794952392578125
55,59.935024,4.935024261474609
55,60.54882,5.548820495605469
55,60.942574,5.942573547363281
55,61.285446,6.2854461669921875
55,61.172592,6.1725921630859375
55,61.712894,6.712894439697266
55,61.551903,6.551902770996094
55,61.954716,6.954715728759766
55,61.987915,6.9879150390625
55,62.432404,7.432403564453125
55,62.499886,7.499885559082031
55,62.638718,7.6387176513671875
55,62.420464,7.420463562011719
55,62.640102,7.640102386474609
55,62.546875,7.546875
55,62.79563,7.795631408691406
55,62.69709,7.697090148925781
55,62.966957,7.966957092285156
55,62.941387,7.941387176513672
55,63.288803,8.288803100585938
55,63.100513,8.100513458251953
55,63.24152,8.241519927978516
55,63.19942,8.199420928955078
55,63.332226,8.332225799560547
55,63.19214,8.192138671875
55,63.247128,8.247127532958984
55,63.001884,8.001884460449219
55,62.898888,7.898887634277344
55,62.809998,7.80999755859375
55,62.83466,7.834659576416016
55,62.613064,7.613063812255859
55,62.412086,7.412086486816406
55,62.33657,7.336570739746094
55,62.34635,7.346351623535156
55,62.410664,7.410663604736328
55,62.392548,7.392547607421875
55,62.33038,7.330379486083984
55,62.228657,7.228656768798828
55,62.17825,7.178249359130859
55,62.13965,7.1396484375
55,62.153137,7.15313720703125
55,62.07497,7.074970245361328
55,62.022514,7.022514343261719
55,61.974876,6.974876403808594
55,62.13861,7.13861083984375
55,62.115086,7.115085601806641
55,62.410065,7.410064697265625
55,62.734566,7.734565734863281
55,63.023594,8.02359390258789
55,63.006886,8.006885528564453
55,63.036587,8.03658676147461
55,62.92712,7.927120208740234
55,62.793835,7.793834686279297
55,61.52082,6.520820617675781
55,63.015408,8.01540756225586
55,63.233936,8.233936309814453
55,63.656506,8.656505584716797
55,63.490543,8.490543365478516
55,63.767963,8.767963409423828
55,63.6681,8.668098449707031
55,63.801678,8.801677703857422
55,63.624496,8.624496459960938
55,63.850994,8.850994110107422
55,63.80155,8.801551818847656
55,64.05961,9.059608459472656
55,64.365814,9.365814208984375
55,64.054855,9.054855346679688
55,63.60854,8.608539581298828
55,63.71218,8.712181091308594
55,63.57501,8.575008392333984
55,63.641747,8.641746520996094
55,63.624435,8.624435424804688
55,64.24979,9.249786376953125
55,63.185707,8.185707092285156
55,63.409122,8.409122467041016
55,64.01158,9.011581420898438
55,63.79702,8.797019958496094
55,63.626396,8.626396179199219
55,63.6118,8.611801147460938
55,63.55165,8.551651000976562
55,63.51963,8.519630432128906
55,63.643345,8.64334487915039
55,64.0479,9.047897338867188
55,64.127655,9.127655029296875
55,64.20096,9.200958251953125
55,64.15896,9.158958435058594
55,63.98284,8.982841491699219
55,63.853302,8.853302001953125
55,63.94063,8.940631866455078
55,64.00083,9.000831604003906
55,64.01683,9.016830444335938
55,63.85412,8.854118347167969
55,63.866714,8.866714477539062
55,63.647484,8.647483825683594
55,63.483727,8.483726501464844
55,62.836357,7.836357116699219
55,60.97572,5.975719451904297
55,60.853836,5.8538360595703125
55,60.63418,5.634178161621094
55,62.132973,7.132972717285156
55,62.212765,7.212764739990234
55,62.247932,7.247932434082031
55,61.876595,6.876594543457031
55,61.95157,6.951568603515625
55,61.43135,6.4313507080078125
55,61.311466,6.311466217041016
55,60.849617,5.849617004394531
55,61.285477,6.2854766845703125
55,61.224693,6.224693298339844
55,61.903446,6.903446197509766
55,61.18335,6.183349609375
55,61.963436,6.963436126708984
55,61.628864,6.628864288330078
55,62.16847,7.168468475341797
55,61.892166,6.8921661376953125
55,62.292145,7.292144775390625
55,61.700012,6.70001220703125
55,61.86513,6.865131378173828
55,61.18981,6.189811706542969
55,61.11728,6.117279052734375
55,60.405846,5.405845642089844
55,60.129105,5.1291046142578125
55,59.817776,4.817775726318359
55,60.490765,5.490764617919922
55,61.574104,6.574104309082031
55,62.602535,7.602535247802734
55,61.868267,6.868267059326172
55,61.07748,6.077480316162109
55,60.821445,5.821445465087891
55,60.75597,5.755970001220703
55,60.63674,5.636741638183594
55,60.305103,5.305103302001953
55,60.561153,5.561153411865234
55,60.440598,5.4405975341796875
55,60.768703,5.768703460693359
55,60.497086,5.4970855712890625
55,60.65238,5.652381896972656
55,60.501007,5.501007080078125
55,60.977745,5.977745056152344
54,60.46245,6.4624481201171875
54,61.604954,7.604953765869141
54,61.290276,7.290275573730469
54,63.093033,9.093032836914062
54,61.079403,7.079402923583984
54,62.76274,8.762741088867188
54,61.442375,7.442375183105469
54,62.7753,8.775299072265625
54,61.781513,7.781513214111328
54,62.81888,8.818878173828125
54,61.996548,7.996547698974609
54,62.71165,8.711650848388672
54,62.000793,8.00079345703125
54,62.527016,8.527015686035156
54,61.63143,7.631431579589844
54,62.33343,8.333431243896484
54,61.755886,7.755886077880859
54,62.461166,8.461166381835938
54,61.82891,7.828910827636719
54,62.313694,8.31369400024414
54,61.55639,7.556388854980469
54,61.990097,7.9900970458984375
54,61.333145,7.3331451416015625
54,61.82189,7.821891784667969
54,61.43154,7.431541442871094
54,61.797905,7.797904968261719
54,61.43194,7.431938171386719
54,61.651115,7.651115417480469
54,60.941563,6.941562652587891
54,61.062656,7.062656402587891
54,60.16652,6.1665191650390625
54,59.97109,5.971088409423828
54,59.797897,5.7978973388671875
54,59.56607,5.566070556640625
54,59.388634,5.388633728027344
54,59.193302,5.193302154541016
54,59.001404,5.00140380859375
54,58.967503,4.967502593994141
54,58.867195,4.867195129394531
54,58.851357,4.851356506347656
54,58.675316,4.675315856933594
54,58.5809,4.580898284912109
54,58.437824,4.437824249267578
54,58.4154,4.415401458740234
54,58.320076,4.320075988769531
54,58.37592,4.375919342041016
54,58.311684,4.311683654785156
54,58.31922,4.319221496582031
54,57.91696,3.916961669921875
54,57.96533,3.9653282165527344
54,57.75197,3.7519683837890625
54,57.84562,3.8456192016601562
54,57.580276,3.5802764892578125
54,57.657227,3.6572265625
54,57.410706,3.41070556640625
54,57.472305,3.4723052978515625
54,57.27069,3.27069091796875
54,57.310932,3.310932159423828
54,57.137196,3.137195587158203
54,57.147,3.1469993591308594
54,57.023323,3.0233230590820312
54,57.00531,3.00531005859375
54,56.909847,2.9098472595214844
54,56.815502,2.815502166748047
54,56.7092,2.7092018127441406
54,56.54093,2.5409317016601562
54,56.47886,2.4788589477539062
54,56.359997,2.359996795654297
54,56.35004,2.3500404357910156
54,56.216106,2.216106414794922
54,56.123547,2.123546600341797
54,55.90058,1.9005813598632812
54,55.801743,1.8017425537109375
54,55.605206,1.6052055358886719
54,55.527035,1.5270347595214844
54,55.41617,1.416168212890625
54,55.57331,1.5733108520507812
54,55.690598,1.6905975341796875
54,55.73201,1.7320098876953125
54,55.506313,1.5063133239746094
54,54.83153,0.8315315246582031
54,55.08525,1.0852508544921875
54,55.006615,1.0066146850585938
54,55.34572,1.3457183837890625
54,55.104523,1.104522705078125
54,55.43316,1.4331588745117188
54,55.47799,1.4779891967773438
54,55.224323,1.2243232727050781
54,54.54682,0.5468215942382812
54,54.46368,0.4636802673339844
54,54.395947,0.3959465026855469
54,54.402916,0.40291595458984375
54,54.484055,0.4840545654296875
54,53.880356,0.1196441650390625
54,53.9125,0.08750152587890625
54,53.652122,0.34787750244140625
54,54.210495,0.2104949951171875
54,53.713905,0.28609466552734375
54,53.579132,0.420867919921875
54,54.00488,0.004878997802734375
54,54.026886,0.026885986328125
54,54.384575,0.38457489013671875
54,53.792114,0.2078857421875
54,53.972183,0.0278167724609375
54,53.654343,0.3456573486328125
54,54.535698,0.5356979370117188
54,54.628128,0.6281280517578125
54,55.018013,1.0180130004882812
54,56.190647,2.1906471252441406
54,56.036987,2.0369873046875
54,56.152435,2.152435302734375
54,55.63618,1.6361808776855469
54,55.479065,1.47906494140625
54,54.981323,0.9813232421875
54,54.977203,0.977203369140625
54,55.434902,1.4349021911621094
54,56.11413,2.1141281127929688
54,56.35782,2.357818603515625
54,56.495914,2.4959144592285156
54,56.393467,2.3934669494628906
54,56.43769,2.4376907348632812
54,56.429974,2.429973602294922
54,56.222923,2.2229232788085938
54,56.20733,2.2073287963867188
54,56.15347,2.1534690856933594
54,56.485283,2.4852828979492188
54,56.703777,2.703777313232422
54,56.39624,2.396240234375
54,56.497475,2.4974746704101562
54,56.288578,2.2885780334472656
54,56.49537,2.4953689575195312
54,55.98889,1.9888916015625
54,56.035366,2.0353660583496094
54,55.06237,1.0623703002929688
54,55.262436,1.2624359130859375
54,55.09342,1.0934181213378906
54,55.27595,1.2759513854980469
54,55.957016,1.9570159912109375
54,56.62744,2.62744140625
54,58.08438,4.084381103515625
54,58.465256,4.4652557373046875
54,59.193527,5.1935272216796875
54,58.903557,4.903556823730469
54,59.43071,5.4307098388671875
54,59.10727,5.107269287109375
54,59.95694,5.956939697265625
54,59.378616,5.3786163330078125
54,60.25808,6.258079528808594
54,59.108185,5.108184814453125
54,60.43415,6.434150695800781
54,59.652145,5.6521453857421875
54,60.983,6.983001708984375
54,59.694305,5.694305419921875
54,60.982727,6.98272705078125
54,59.953617,5.953617095947266
54,61.58056,7.580558776855469
54,61.183754,7.183753967285156
54,62.674706,8.674705505371094
54,61.98972,7.989719390869141
54,62.911346,8.911346435546875
54,62.241474,8.241474151611328
54,62.435608,8.43560791015625
54,61.905537,7.905536651611328
54,62.68535,8.685348510742188
54,62.771675,8.771675109863281
54,63.33067,9.330669403076172
54,62.92296,8.922958374023438
54,63.26992,9.269920349121094
54,62.6724,8.672401428222656
54,63.225616,9.225616455078125
54,62.923664,8.923664093017578
54,63.481525,9.481525421142578
54,62.995117,8.9951171875
54,63.495953,9.495952606201172
54,63.18093,9.180931091308594
54,63.57068,9.5706787109375
54,63.316727,9.316726684570312
54,63.33051,9.330509185791016
54,63.20802,9.208019256591797
54,63.21058,9.210578918457031
54,63.24751,9.247509002685547
54,63.223164,9.223163604736328
54,62.861168,8.861167907714844
54,62.917984,8.917984008789062
54,62.411133,8.4111328125
54,62.47513,8.475128173828125
54,62.044144,8.044143676757812
54,62.39686,8.396858215332031
54,62.052925,8.052925109863281
54,62.214348,8.214347839355469
54,62.40608,8.406078338623047
54,62.93507,8.935070037841797
54,63.174667,9.174667358398438
54,63.523285,9.523284912109375
54,63.496674,9.496673583984375
54,63.602097,9.602096557617188
54,63.671043,9.671043395996094
54,63.74777,9.74776840209961
54,63.72437,9.724369049072266
54,63.67627,9.67626953125
54,63.65456,9.654560089111328
54,63.431557,9.431556701660156
54,63.18914,9.189140319824219
54,63.191498,9.191497802734375
54,63.361336,9.361335754394531
54,63.559376,9.559375762939453
54,63.658276,9.658275604248047
54,63.792988,9.792987823486328
54,63.786793,9.786792755126953
54,63.837902,9.837902069091797
54,63.756016,9.75601577758789
54,63.679466,9.679466247558594
54,63.3298,9.32979965209961
54,62.874146,8.8741455078125
54,62.06758,8.067581176757812
53,61.715763,8.715763092041016
53,61.07843,8.07843017578125
53,61.05667,8.056671142578125
53,63.313847,10.313846588134766
53,62.359512,9.359512329101562
53,63.299908,10.299907684326172
53,62.520966,9.520965576171875
53,63.211872,10.211872100830078
53,62.656605,9.656604766845703
53,63.187733,10.187732696533203
53,62.650753,9.650753021240234
53,63.08243,10.08243179321289
53,62.55942,9.55942153930664
53,63.00583,10.005828857421875
53,62.53055,9.530548095703125
53,62.90018,9.90018081665039
53,62.577953,9.577953338623047
53,62.932377,9.932376861572266
53,62.579323,9.579322814941406
53,62.837563,9.837562561035156
53,62.43103,9.4310302734375
53,62.71707,9.717071533203125
53,62.34171,9.34170913696289
53,62.55471,9.554710388183594
53,62.13537,9.135368347167969
53,62.348022,9.3480224609375
53,61.71106,8.7110595703125
53,61.893795,8.893795013427734
53,61.0988,8.098800659179688
53,61.864834,8.86483383178711
53,61.507454,8.507453918457031
53,61.338852,8.338851928710938
53,61.120186,8.120185852050781
53,60.960167,7.960166931152344
53,60.855083,7.855083465576172
53,60.77539,7.775390625
53,60.57679,7.576789855957031
53,60.47992,7.47991943359375
53,60.32318,7.32318115234375
53,60.237328,7.237327575683594
53,60.08854,7.088539123535156
53,60.031525,7.031524658203125
53,59.90429,6.904289245605469
53,59.890858,6.890857696533203
53,59.755924,6.755924224853516
53,59.67148,6.671478271484375
53,59.567276,6.5672760009765625
53,59.523407,6.523406982421875
53,59.4347,6.434700012207031
53,59.372597,6.372596740722656
53,59.25683,6.256828308105469
53,59.280197,6.2801971435546875
53,59.220562,6.220561981201172
53,59.22579,6.225788116455078
53,59.1855,6.1855010986328125
53,59.08742,6.087421417236328
53,59.038883,6.038883209228516
53,58.96348,5.963481903076172
53,58.8747,5.874698638916016
53,58.857697,5.857696533203125
53,58.731224,5.731224060058594
53,58.70964,5.7096405029296875
53,58.55684,5.5568389892578125
53,58.511528,5.511528015136719
53,58.382973,5.382972717285156
53,58.305477,5.305477142333984
53,58.11531,5.1153106689453125
53,57.990425,4.990425109863281
53,57.797424,4.79742431640625
53,57.637993,4.637992858886719
53,57.479584,4.479583740234375
53,57.33149,4.331489562988281
53,57.162254,4.162254333496094
53,57.075584,4.075584411621094
53,56.881165,3.88116455078125
53,56.775032,3.7750320434570312
53,56.55331,3.5533103942871094
53,56.447514,3.4475135803222656
53,56.18396,3.1839599609375
53,56.14086,3.1408615112304688
53,55.943497,2.9434967041015625
53,56.026398,3.026397705078125
53,55.86165,2.8616485595703125
53,55.983643,2.983642578125
53,55.852654,2.8526535034179688
53,55.80426,2.80426025390625
53,55.761955,2.7619552612304688
53,55.954308,2.9543075561523438
53,56.421326,3.42132568359375
53,56.607597,3.6075973510742188
53,56.456356,3.4563560485839844
53,56.787663,3.7876625061035156
53,56.53163,3.5316314697265625
53,56.78621,3.7862091064453125
53,56.621662,3.621662139892578
53,56.96893,3.9689292907714844
53,56.641335,3.6413345336914062
53,57.080616,4.080615997314453
53,56.56135,3.561351776123047
53,56.899105,3.8991050720214844
53,56.405647,3.4056472778320312
53,56.898907,3.898906707763672
53,56.68993,3.689929962158203
53,56.90146,3.901458740234375
53,56.54162,3.5416183471679688
53,56.97125,3.9712486267089844
53,56.954178,3.9541778564453125
53,57.361694,4.3616943359375
53,57.35688,4.356880187988281
53,57.67431,4.674308776855469
53,57.569473,4.5694732666015625
53,57.380753,4.3807525634765625
53,57.42416,4.424160003662109
53,57.75679,4.7567901611328125
53,58.21203,5.212028503417969
53,57.98497,4.9849700927734375
53,59.020485,6.020484924316406
53,58.517372,5.517372131347656
53,59.487003,6.487003326416016
53,58.659706,5.659706115722656
53,59.686104,6.686103820800781
53,58.843834,5.843833923339844
53,59.89972,6.89971923828125
53,59.61178,6.611778259277344
53,60.450947,7.450946807861328
53,59.837593,6.837593078613281
53,60.966805,7.966804504394531
53,60.569633,7.569633483886719
53,61.00446,8.004459381103516
53,60.4512,7.451198577880859
53,61.0129,8.012901306152344
53,60.406708,7.406707763671875
53,61.050323,8.050323486328125
53,60.622936,7.622936248779297
53,60.768837,7.768836975097656
53,60.393402,7.393402099609375
53,60.63669,7.636688232421875
53,60.253246,7.253246307373047
53,60.71973,7.719730377197266
53,60.666813,7.666812896728516
53,60.83583,7.8358306884765625
53,60.425392,7.425392150878906
53,60.31659,7.31658935546875
53,60.30863,7.308631896972656
53,60.348156,7.348155975341797
53,59.959114,6.959114074707031
53,59.74923,6.749229431152344
53,58.899765,5.8997650146484375
53,58.812893,5.812892913818359
53,58.377426,5.3774261474609375
53,58.817074,5.817073822021484
53,58.149036,5.149036407470703
53,58.720882,5.720882415771484
53,58.49209,5.492088317871094
53,58.93439,5.934391021728516
53,58.907856,5.907855987548828
53,59.90806,6.908058166503906
53,59.999268,6.999267578125
53,60.47709,7.477088928222656
53,60.39874,7.398738861083984
53,60.851315,7.851314544677734
53,60.85197,7.851970672607422
53,61.37097,8.3709716796875
53,61.066338,8.066337585449219
53,61.245903,8.245903015136719
53,60.943844,7.943843841552734
53,61.164043,8.164043426513672
53,60.799004,7.799003601074219
53,60.990448,7.990447998046875
53,60.206604,7.20660400390625
53,60.442165,7.442165374755859
53,59.86888,6.8688812255859375
53,59.91927,6.919269561767578
53,59.37444,6.374439239501953
53,59.582012,6.582012176513672
53,59.59716,6.597160339355469
53,59.244724,6.244724273681641
53,58.785995,5.7859954833984375
53,59.140297,6.140296936035156
53,59.60302,6.603019714355469
53,59.202454,6.20245361328125
53,59.33496,6.3349609375
53,58.938324,5.938323974609375
53,59.09955,6.09954833984375
53,58.850117,5.850116729736328
53,59.179825,6.1798248291015625
53,59.072678,6.0726776123046875
53,59.556725,6.556724548339844
53,59.32245,6.32244873046875
53,59.5638,6.563800811767578
53,59.359722,6.359722137451172
53,59.589874,6.589874267578125
53,59.480267,6.480266571044922
53,59.78665,6.786651611328125
53,59.715115,6.715114593505859
53,60.041893,7.041893005371094
53,59.61644,6.6164398193359375
53,59.96584,6.965839385986328
53,59.55472,6.554721832275391
53,60.015774,7.015773773193359
53,59.59154,6.591541290283203
53,58.992504,5.992504119873047
53,58.691086,5.6910858154296875
53,58.162964,5.1629638671875
53,58.02654,5.026538848876953
53,58.006237,5.006237030029297
52,58.2546,6.254600524902344
52,57.371803,5.371803283691406
52,59.15909,7.159088134765625
52,60.35985,8.359851837158203
52,59.90026,7.900260925292969
52,60.880875,8.880874633789062
52,60.51143,8.511428833007812
52,61.382442,9.382442474365234
52,60.964214,8.964214324951172
52,61.596832,9.596832275390625
52,61.2676,9.267601013183594
52,61.94392,9.943920135498047
52,61.579536,9.579536437988281
52,62.185013,10.185012817382812
52,61.87843,9.878429412841797
52,62.49874,10.498741149902344
52,62.14804,10.148040771484375
52,62.568184,10.568183898925781
52,62.203114,10.203113555908203
52,62.65687,10.656871795654297
52,62.346214,10.346214294433594
52,62.791466,10.791465759277344
52,62.64679,10.64678955078125
52,63.047653,11.047653198242188
52,62.944515,10.944515228271484
52,63.022118,11.022117614746094
52,62.896286,10.896286010742188
52,62.84126,10.841259002685547
52,62.655914,10.655914306640625
52,62.823456,10.823455810546875
52,62.45357,10.453571319580078
52,62.36902,10.3690185546875
52,62.28996,10.289958953857422
52,62.19131,10.19131088256836
52,62.124634,10.1246337890625
52,62.028572,10.028572082519531
52,62.00607,10.00606918334961
52,61.969162,9.969161987304688
52,61.89367,9.893669128417969
52,61.840515,9.84051513671875
52,61.76478,9.764778137207031
52,61.725777,9.725776672363281
52,61.57738,9.577381134033203
52,61.49095,9.490951538085938
52,61.416573,9.416572570800781
52,61.42018,9.420181274414062
52,61.338364,9.338363647460938
52,61.278965,9.27896499633789
52,61.17608,9.176078796386719
52,61.09694,9.096939086914062
52,61.04126,9.041259765625
52,60.989178,8.989177703857422
52,60.866413,8.866413116455078
52,60.791523,8.791522979736328
52,60.68273,8.682731628417969
52,60.582012,8.582012176513672
52,60.478413,8.478412628173828
52,60.368797,8.368797302246094
52,60.22306,8.223060607910156
52,60.098045,8.098045349121094
52,59.956676,7.956676483154297
52,59.867004,7.86700439453125
52,59.732174,7.732173919677734
52,59.640766,7.640766143798828
52,59.47673,7.4767303466796875
52,59.37908,7.379081726074219
52,59.25897,7.258968353271484
52,59.153774,7.153774261474609
52,58.98385,6.983848571777344
52,58.887344,6.8873443603515625
52,58.74697,6.746971130371094
52,58.67885,6.6788482666015625
52,58.56929,6.5692901611328125
52,58.567505,6.5675048828125
52,58.522377,6.522377014160156
52,58.569527,6.569526672363281
52,58.53757,6.537570953369141
52,58.595932,6.5959320068359375
52,58.569286,6.569286346435547
52,58.663155,6.663154602050781
52,58.738888,6.738887786865234
52,58.82876,6.828758239746094
52,58.855717,6.855716705322266
52,58.933727,6.933727264404297
52,58.767815,6.767814636230469
52,58.7694,6.769401550292969
52,58.655014,6.6550140380859375
52,58.819733,6.819732666015625
52,58.73716,6.737159729003906
52,58.87038,6.870380401611328
52,58.995678,6.995677947998047
52,59.314247,7.314247131347656
52,59.52951,7.529510498046875
52,59.864037,7.864036560058594
52,59.41931,7.4193115234375
52,59.62147,7.621471405029297
52,59.235455,7.235454559326172
52,59.427475,7.4274749755859375
52,59.059032,7.059032440185547
52,59.284416,7.284416198730469
52,58.88509,6.885089874267578
52,59.09826,7.098258972167969
52,58.679256,6.679256439208984
52,58.883644,6.883644104003906
52,58.43405,6.434051513671875
52,58.63443,6.634429931640625
52,58.133873,6.133872985839844
52,58.30996,6.309959411621094
52,57.68625,5.686248779296875
52,57.994083,5.994083404541016
52,57.58279,5.582790374755859
52,58.13176,6.1317596435546875
52,58.02849,6.0284881591796875
52,58.518597,6.518596649169922
52,58.370255,6.3702545166015625
52,58.86068,6.860679626464844
52,58.803238,6.8032379150390625
52,58.98184,6.981838226318359
52,58.785477,6.7854766845703125
52,58.360268,6.360267639160156
52,57.906944,5.906944274902344
52,57.457176,5.457176208496094
52,57.75126,5.751258850097656
52,57.508125,5.508125305175781
52,58.132004,6.1320037841796875
52,57.834587,5.834587097167969
52,58.324436,6.324436187744141
52,58.040382,6.040382385253906
52,58.574036,6.57403564453125
52,58.28518,6.285179138183594
52,58.857967,6.857967376708984
52,58.64439,6.644390106201172
52,59.19687,7.196868896484375
52,58.982216,6.982215881347656
52,59.47377,7.4737701416015625
52,59.289364,7.289363861083984
52,59.699135,7.699134826660156
52,59.51877,7.518768310546875
52,59.833782,7.833782196044922
52,59.73323,7.7332305908203125
52,60.02943,8.029430389404297
52,60.04092,8.04092025756836
52,60.190727,8.190727233886719
52,60.13996,8.139961242675781
52,60.092037,8.092037200927734
52,60.02912,8.029121398925781
52,59.828697,7.828697204589844
52,59.832973,7.832973480224609
52,59.64264,7.64263916015625
52,59.560112,7.560111999511719
52,59.383194,7.3831939697265625
52,59.28663,7.286628723144531
52,59.092926,7.092926025390625
52,59.05507,7.0550689697265625
52,59.080666,7.080665588378906
52,59.060493,7.060493469238281
52,59.121532,7.121532440185547
52,58.947254,6.947254180908203
52,58.927887,6.927886962890625
52,58.89985,6.899848937988281
52,59.023666,7.0236663818359375
52,59.02541,7.025409698486328
52,59.063576,7.063575744628906
52,59.09583,7.095829010009766
52,59.14661,7.146610260009766
52,59.14062,7.140621185302734
52,59.2442,7.24420166015625
52,59.2425,7.242500305175781
52,59.35032,7.350318908691406
52,59.259182,7.259181976318359
52,59.440613,7.44061279296875
52,59.392715,7.3927154541015625
52,59.495617,7.495616912841797
52,59.437675,7.437675476074219
52,59.603836,7.6038360595703125
52,59.572678,7.5726776123046875
52,59.713078,7.713077545166016
52,59.73707,7.737068176269531
52,60.15419,8.154190063476562
52,59.881107,7.881107330322266
52,60.23632,8.236320495605469
52,60.014847,8.014846801757812
52,60.670418,8.670417785644531
52,59.877396,7.8773956298828125
52,60.41444,8.414440155029297
52,59.593353,7.593353271484375
52,60.585598,8.58559799194336
52,59.857872,7.857872009277344
52,60.36649,8.36648941040039
52,59.66775,7.667751312255859
52,60.43278,8.432781219482422
52,59.459526,7.459526062011719
52,60.49041,8.490409851074219
52,59.690445,7.6904449462890625
52,60.753796,8.753795623779297
52,59.570724,7.5707244873046875
52,61.073433,9.073432922363281
52,58.937027,6.9370269775390625
52,60.88728,8.887279510498047
52,59.725468,7.725467681884766
52,61.63926,9.639259338378906
52,60.032536,8.032535552978516
52,62.07202,10.072021484375
52,60.98665,8.986648559570312
52,62.3612,10.361198425292969
52,61.362087,9.36208724975586
52,62.302933,10.302932739257812
52,61.471447,9.471446990966797
52,62.388767,10.38876724243164
52,61.443382,9.443382263183594
52,62.359627,10.359626770019531
52,61.996094,9.99609375
52,63.056427,11.056427001953125
52,62.73634,10.736339569091797
52,63.469505,11.469505310058594
52,63.393887,11.39388656616211
52,63.89335,11.893348693847656
52,63.387115,11.387115478515625
52,63.30977,11.309768676757812
52,63.111107,11.111106872558594
52,63.358475,11.358474731445312
52,62.84888,10.848880767822266
52,63.118973,11.118972778320312
52,62.544693,10.544692993164062
52,62.453247,10.4532470703125
52,61.789795,9.789794921875
52,61.86788,9.867881774902344
52,61.053,9.053001403808594
52,61.113983,9.113983154296875
52,60.877197,8.877197265625
52,60.893936,8.893936157226562
52,61.344666,9.34466552734375
52,61.17945,9.179450988769531
52,61.687206,9.687206268310547
52,61.709553,9.709552764892578
52,62.53322,10.533218383789062
52,62.374992,10.374992370605469
52,62.827484,10.827484130859375
52,62.581738,10.581737518310547
52,62.77077,10.770771026611328
52,62.223385,10.223384857177734
52,62.03784,10.037841796875
52,60.997036,8.99703598022461
52,61.793526,9.793525695800781
52,61.475765,9.475765228271484
52,61.80881,9.80881118774414
52,61.713676,9.713676452636719
52,62.15959,10.159591674804688
52,61.880104,9.880104064941406
52,62.144657,10.144657135009766
52,61.902985,9.902984619140625
52,62.173813,10.173812866210938
52,61.913055,9.913055419921875
52,62.301327,10.301326751708984
52,61.860115,9.860115051269531
52,61.8688,9.86880111694336
52,60.961716,8.961715698242188
52,60.940605,8.940605163574219
52,61.250572,9.250572204589844
52,61.48992,9.489921569824219
52,61.414734,9.41473388671875
52,61.350094,9.350093841552734
52,61.356697,9.356697082519531
52,61.117268,9.117267608642578
52,61.01057,9.010570526123047
52,60.903667,8.903667449951172
52,60.886196,8.88619613647461
52,60.79534,8.795341491699219
52,60.869385,8.869384765625
52,60.875698,8.87569808959961
52,60.966015,8.966014862060547
52,60.873768,8.873767852783203
52,60.817276,8.817276000976562
52,60.764698,8.764698028564453
52,60.83467,8.834671020507812
52,60.790916,8.790916442871094
52,60.80451,8.804508209228516
52,60.815834,8.815834045410156
52,61.014175,9.014175415039062
52,61.135292,9.135292053222656
52,61.405807,9.405807495117188
52,61.256496,9.25649642944336
52,61.236107,9.236106872558594
52,59.34336,7.343360900878906
52,61.03514,9.035140991210938
52,60.349327,8.349327087402344
52,61.94938,9.949378967285156
52,61.996883,9.996883392333984
52,63.12085,11.120849609375
51,62.88002,11.880020141601562
51,63.362816,12.362815856933594
51,63.502396,12.502395629882812
51,64.608376,13.608375549316406
51,63.173805,12.173805236816406
51,64.11114,13.111137390136719
51,63.451324,12.451324462890625
51,64.341736,13.34173583984375
51,63.815117,12.815116882324219
51,64.41126,13.411262512207031
51,63.851772,12.85177230834961
51,63.824417,12.824417114257812
51,63.548096,12.548095703125
51,64.69957,13.699569702148438
51,64.19708,13.19708251953125
51,65.012794,14.012794494628906
51,64.2086,13.208602905273438
51,64.64437,13.644371032714844
51,64.2907,13.290702819824219
51,64.80424,13.804237365722656
51,64.20149,13.201492309570312
51,64.59091,13.590911865234375
51,64.275795,13.275794982910156
51,64.451355,13.45135498046875
51,64.2266,13.226600646972656
51,64.35269,13.352691650390625
51,64.10321,13.10321044921875
51,64.23872,13.238723754882812
51,63.986103,12.986103057861328
51,64.09654,13.096542358398438
51,63.795914,12.795913696289062
51,63.90229,12.902290344238281
51,63.67628,12.676280975341797
51,63.767807,12.767807006835938
51,63.49248,12.492481231689453
51,63.601585,12.601585388183594
51,63.269665,12.269664764404297
51,63.410595,12.410594940185547
51,63.226967,12.226966857910156
51,63.27501,12.275009155273438
51,63.01207,12.012069702148438
51,63.084076,12.084075927734375
51,62.96945,11.969451904296875
51,62.919746,11.919746398925781
51,62.746124,11.746124267578125
51,62.70604,11.706039428710938
51,62.494865,11.494865417480469
51,62.488586,11.48858642578125
51,62.3935,11.393501281738281
51,62.360443,11.360443115234375
51,62.237915,11.2379150390625
51,62.22841,11.228408813476562
51,62.101414,11.10141372680664
51,61.93135,10.931350708007812
51,61.819977,10.819976806640625
51,61.814056,10.814056396484375
51,61.800377,10.800376892089844
51,61.787426,10.787425994873047
51,61.732086,10.732086181640625
51,61.70656,10.706558227539062
51,61.677727,10.677726745605469
51,61.685318,10.685317993164062
51,61.642204,10.642204284667969
51,61.615276,10.615276336669922
51,61.497597,10.497596740722656
51,61.602962,10.602962493896484
51,61.52867,10.528671264648438
51,61.651638,10.65163803100586
51,61.48219,10.482189178466797
51,61.455044,10.45504379272461
51,61.307392,10.307392120361328
51,61.259274,10.259273529052734
51,61.163765,10.163764953613281
51,61.122547,10.122547149658203
51,61.035206,10.035205841064453
51,60.958748,9.958747863769531
51,60.837616,9.837615966796875
51,60.79224,9.792240142822266
51,60.665188,9.66518783569336
51,60.647633,9.647632598876953
51,60.510117,9.510116577148438
51,60.595215,9.59521484375
51,60.515724,9.515724182128906
51,60.5282,9.5281982421875
51,60.34107,9.341068267822266
51,60.12959,9.129589080810547
51,59.967216,8.967216491699219
51,59.901146,8.901145935058594
51,59.781437,8.781436920166016
51,59.65366,8.65365982055664
51,59.495193,8.495193481445312
51,59.30712,8.307121276855469
51,59.2704,8.270401000976562
51,59.054382,8.05438232421875
51,58.979347,7.979347229003906
51,58.75473,7.754730224609375
51,58.697647,7.6976470947265625
51,58.542953,7.5429534912109375
51,58.5828,7.582801818847656
51,58.63457,7.634571075439453
51,58.653522,7.653522491455078
51,58.691357,7.691356658935547
51,58.75042,7.750419616699219
51,58.78371,7.783710479736328
51,58.830215,7.8302154541015625
51,58.88678,7.88677978515625
51,58.920753,7.920753479003906
51,58.751045,7.751045227050781
51,59.40661,8.406608581542969
51,59.429813,8.429813385009766
51,59.98401,8.9840087890625
51,59.98717,8.987171173095703
51,59.850662,8.850662231445312
51,60.156685,9.156684875488281
51,60.290947,9.290946960449219
51,60.649918,9.649917602539062
51,59.973442,8.973442077636719
51,60.58922,9.589218139648438
51,60.082718,9.082717895507812
51,60.944077,9.944076538085938
51,60.18982,9.1898193359375
51,61.030617,10.030616760253906
51,60.534706,9.534706115722656
51,61.277245,10.277244567871094
51,61.014225,10.014225006103516
51,61.41706,10.417060852050781
51,60.69969,9.699691772460938
51,61.476524,10.476524353027344
51,60.95359,9.953590393066406
51,61.329643,10.329643249511719
51,61.11586,10.115859985351562
51,62.163685,11.163684844970703
51,61.421494,10.421493530273438
51,61.8939,10.893901824951172
51,61.719498,10.719497680664062
51,62.22892,11.228919982910156
51,61.17578,10.17578125
51,61.194077,10.194076538085938
51,60.8412,9.841201782226562
51,61.67855,10.678550720214844
51,62.284294,11.284294128417969
51,62.67393,11.673931121826172
51,63.01024,12.010238647460938
51,62.91002,11.910018920898438
51,63.30915,12.309150695800781
51,63.28834,12.288341522216797
51,63.713776,12.713775634765625
51,62.90486,11.904861450195312
51,63.34948,12.349479675292969
51,62.87924,11.87923812866211
51,63.07341,12.073410034179688
51,62.76833,11.768329620361328
51,62.890274,11.890274047851562
51,63.054302,12.054302215576172
51,63.10049,12.10049057006836
51,63.179806,12.179805755615234
51,63.30966,12.309661865234375
51,63.2104,12.210399627685547
51,63.099136,12.099136352539062
51,62.80824,11.808238983154297
51,62.91622,11.916221618652344
51,62.736702,11.736701965332031
51,62.97612,11.976119995117188
51,63.089195,12.089195251464844
51,63.306274,12.3062744140625
51,63.018105,12.018104553222656
51,63.24937,12.249370574951172
51,63.04626,12.046260833740234
51,63.127434,12.127433776855469
51,62.879955,11.879955291748047
51,62.718517,11.718517303466797
51,62.26702,11.267021179199219
51,61.93933,10.9393310546875
51,61.77615,10.77614974975586
51,61.784138,10.784137725830078
51,61.9876,10.987598419189453
51,62.09986,11.099861145019531
51,62.19269,11.192691802978516
51,62.25668,11.25667953491211
51,62.165176,11.165176391601562
51,62.24043,11.240428924560547
51,62.174133,11.17413330078125
51,62.56363,11.563629150390625
51,61.665955,10.66595458984375
51,61.875065,10.875064849853516
51,61.941833,10.94183349609375
51,62.42763,11.427631378173828
51,62.43955,11.43954849243164
51,62.271908,11.271907806396484
51,62.38866,11.388660430908203
51,62.30358,11.303581237792969
51,62.560677,11.560676574707031
51,62.180927,11.180927276611328
51,62.781338,11.78133773803711
51,62.203297,11.203296661376953
51,62.65593,11.655929565429688
51,62.384323,11.384323120117188
51,62.622578,11.622577667236328
51,62.755344,11.75534439086914
51,63.085957,12.085956573486328
51,63.336647,12.336647033691406
51,63.352943,12.352943420410156
51,63.351154,12.351154327392578
51,63.37571,12.375709533691406
51,63.374798,12.374797821044922
51,63.340538,12.340538024902344
51,62.88115,11.881149291992188
51,62.927605,11.927604675292969
51,62.145844,11.145843505859375
51,61.99395,10.993949890136719
51,62.047165,11.047164916992188
51,62.954594,11.954593658447266
51,62.75975,11.759750366210938
51,62.98423,11.984230041503906
51,62.60559,11.6055908203125
51,62.697777,11.697776794433594
51,62.636856,11.636856079101562
51,62.943024,11.943023681640625
51,62.568718,11.568717956542969
51,62.023933,11.023933410644531
51,62.707382,11.707382202148438
50,62.580807,12.580806732177734
50,62.198334,12.198333740234375
50,61.968437,11.968437194824219
50,64.03879,14.038787841796875
50,62.775642,12.775642395019531
50,63.904316,13.904315948486328
50,63.19513,13.19512939453125
50,63.887173,13.88717269897461
50,63.317635,13.317634582519531
50,63.81482,13.8148193359375
50,63.337463,13.33746337890625
50,63.828472,13.828472137451172
50,63.5013,13.501300811767578
50,63.853546,13.853546142578125
50,63.53755,13.537551879882812
50,63.898167,13.89816665649414
50,63.59552,13.59552001953125
50,63.702366,13.70236587524414
50,63.383385,13.383384704589844
50,63.62191,13.621910095214844
50,63.395554,13.395553588867188
50,63.57457,13.574569702148438
50,63.352516,13.352516174316406
50,63.4364,13.4364013671875
50,63.231213,13.231212615966797
50,63.38166,13.381660461425781
50,63.17953,13.17953109741211
50,63.140114,13.140113830566406
50,62.82128,12.821281433105469
50,63.033165,13.033164978027344
50,62.89762,12.897621154785156
50,62.473225,12.473224639892578
50,63.30908,13.309078216552734
50,62.806633,12.806632995605469
50,63.319397,13.31939697265625
50,62.55831,12.558311462402344
50,63.107307,13.107307434082031
50,62.219753,12.21975326538086
50,62.69695,12.696949005126953
50,62.04185,12.041851043701172
50,62.659115,12.659114837646484
50,61.87492,11.874919891357422
50,62.3425,12.342498779296875
50,61.385372,11.385372161865234
50,61.955143,11.955142974853516
50,60.9123,10.912300109863281
50,61.48327,11.483268737792969
50,60.182426,10.182426452636719
50,60.946884,10.946884155273438
50,59.49318,9.493179321289062
50,60.456985,10.456985473632812
50,58.950645,8.950645446777344
50,60.017345,10.017345428466797
50,57.974247,7.974246978759766
50,59.079197,9.07919692993164
50,56.890682,6.890682220458984
50,57.998238,7.998237609863281
50,56.013752,6.013751983642578
50,59.05704,9.05704116821289
50,58.21928,8.219280242919922
50,59.82376,9.823760986328125
50,57.712837,7.712837219238281
50,59.634274,9.634273529052734
50,59.767094,9.767093658447266
50,60.99032,10.990318298339844
50,60.407295,10.407295227050781
50,61.31147,11.311470031738281
50,60.88095,10.880950927734375
50,61.799736,11.799736022949219
50,61.55384,11.553840637207031
50,62.128178,12.128177642822266
50,61.996925,11.996925354003906
50,62.486664,12.486663818359375
50,62.42572,12.42572021484375
50,62.88039,12.880390167236328
50,62.77563,12.775630950927734
50,62.994907,12.99490737915039
50,62.82453,12.824531555175781
50,63.111996,13.111995697021484
50,62.94842,12.948421478271484
50,63.02295,13.02294921875
50,62.747154,12.747154235839844
50,62.73734,12.73733901977539
50,62.460022,12.46002197265625
50,62.432877,12.432876586914062
50,62.037003,12.037002563476562
50,61.679337,11.679336547851562
50,61.67892,11.67892074584961
50,62.1645,12.164501190185547
50,61.818806,11.818805694580078
50,62.174168,12.17416763305664
50,61.829823,11.829822540283203
50,62.014786,12.014785766601562
50,61.829407,11.82940673828125
50,62.10971,12.109710693359375
50,61.878033,11.878032684326172
50,62.155506,12.155506134033203
50,61.797348,11.797348022460938
50,62.011024,12.011024475097656
50,61.692474,11.692474365234375
50,61.9469,11.9468994140625
50,61.63302,11.633018493652344
50,61.724392,11.72439193725586
50,60.12354,10.123538970947266
50,61.434933,11.434932708740234
49,61.82847,12.828468322753906
49,62.43781,13.437808990478516
49,62.641857,13.641857147216797
49,63.92306,14.92306137084961
49,62.577656,13.577655792236328
49,63.444473,14.444473266601562
49,62.476974,13.476974487304688
49,63.22963,14.229629516601562
49,62.141823,13.141822814941406
49,63.02607,14.026069641113281
49,62.811745,13.811744689941406
49,63.350838,14.350837707519531
49,62.812313,13.812313079833984
49,63.2587,14.25870132446289
49,62.72533,13.725330352783203
49,63.14054,14.140541076660156
49,62.599594,13.599594116210938
49,62.990425,13.990425109863281
49,62.491653,13.491653442382812
49,62.79772,13.797721862792969
49,61.741337,12.741336822509766
49,63.085426,14.085426330566406
49,62.1358,13.135799407958984
49,62.929634,13.929634094238281
49,62.293285,13.293285369873047
49,63.070915,14.070915222167969
49,62.61736,13.617359161376953
49,62.974514,13.97451400756836
49,62.183697,13.183696746826172
49,62.530296,13.530296325683594
49,61.50216,12.502159118652344
49,61.841473,12.841472625732422
49,60.951576,11.951576232910156
49,61.18045,12.180450439453125
49,60.183834,11.183834075927734
49,60.95438,11.95438003540039
49,59.845516,10.845516204833984
49,60.416443,11.41644287109375
49,58.889942,9.889942169189453
49,59.6745,10.67449951171875
49,58.04108,9.041080474853516
49,58.85897,9.858970642089844
49,56.99985,7.999851226806641
49,57.64006,8.640060424804688
49,55.642345,6.642345428466797
49,55.705086,6.705085754394531
49,54.699562,5.699562072753906
49,56.326065,7.3260650634765625
49,56.407402,7.407402038574219
49,55.99533,6.995330810546875
49,56.023537,7.023536682128906
49,55.83646,6.836460113525391
49,55.96008,6.960079193115234
49,55.71855,6.7185516357421875
49,55.8272,6.827201843261719
49,55.658188,6.6581878662109375
49,55.85935,6.859348297119141
49,55.778572,6.778572082519531
49,55.9321,6.932098388671875
49,55.83969,6.839691162109375
49,55.90705,6.907051086425781
49,55.79217,6.792171478271484
49,55.880928,6.880928039550781
49,55.787697,6.787696838378906
49,55.833466,6.833465576171875
49,55.773075,6.773075103759766
49,55.83326,6.833259582519531
49,55.803635,6.8036346435546875
49,55.836136,6.8361358642578125
49,55.78785,6.787849426269531
49,55.82779,6.827789306640625
49,55.77558,6.775581359863281
49,55.812904,6.812904357910156
49,55.785484,6.785484313964844
49,55.899696,6.899696350097656
49,55.818466,6.8184661865234375
49,55.936405,6.936405181884766
49,55.778687,6.7786865234375
49,55.82559,6.825588226318359
49,55.6521,6.652099609375
49,55.717827,6.717826843261719
49,55.82266,6.822658538818359
49,55.973663,6.973663330078125
49,56.082172,7.082172393798828
49,56.148705,7.148704528808594
49,56.161922,7.161922454833984
49,56.228184,7.228183746337891
49,56.31317,7.31317138671875
49,56.40741,7.40740966796875
49,56.4144,7.414398193359375
49,56.507206,7.507205963134766
49,56.443817,7.443817138671875
49,56.59846,7.598461151123047
49,56.54946,7.549461364746094
49,56.681602,7.681602478027344
49,56.654938,7.654937744140625
49,56.713207,7.713207244873047
49,56.682724,7.6827239990234375
49,56.742527,7.742527008056641
49,56.73294,7.732940673828125
49,56.8015,7.8014984130859375
49,56.786705,7.786705017089844
49,56.866333,7.8663330078125
49,56.82476,7.824760437011719
49,56.904274,7.904273986816406
49,56.809647,7.8096466064453125
49,56.87724,7.877239227294922
49,56.715,7.715000152587891
49,56.770077,7.770076751708984
49,56.512215,7.512214660644531
49,56.5404,7.540401458740234
49,56.38675,7.386749267578125
49,56.4762,7.476200103759766
49,56.39319,7.3931884765625
49,56.396385,7.396385192871094
49,56.33517,7.335170745849609
49,56.230694,7.230693817138672
49,56.24678,7.2467803955078125
49,56.145462,7.1454620361328125
49,56.185696,7.185695648193359
49,56.080116,7.080116271972656
49,56.146416,7.146415710449219
49,56.093864,7.093864440917969
49,56.16656,7.166561126708984
49,56.17656,7.1765594482421875
49,56.184452,7.184452056884766
49,56.170746,7.170745849609375
49,56.22848,7.228481292724609
49,56.230225,7.230224609375
49,56.281162,7.281162261962891
49,56.25833,7.258331298828125
49,56.2967,7.296699523925781
49,56.219345,7.2193450927734375
49,56.278236,7.278236389160156
49,56.2083,7.208301544189453
49,56.28401,7.2840118408203125
49,56.194748,7.1947479248046875
49,56.261692,7.261692047119141
49,56.288498,7.2884979248046875
49,56.397408,7.397407531738281
49,56.4276,7.427600860595703
49,56.48329,7.4832916259765625
49,56.44178,7.441780090332031
49,56.506226,7.5062255859375
49,56.78067,7.780670166015625
49,56.355263,7.355262756347656
49,56.92776,7.927761077880859
49,56.80353,7.803531646728516
49,57.295044,8.2950439453125
49,57.074516,8.074516296386719
49,57.426483,8.426483154296875
49,57.098732,8.098731994628906
49,57.436295,8.436294555664062
49,57.1345,8.134498596191406
49,57.4318,8.431800842285156
49,57.113644,8.113643646240234
49,57.458267,8.458267211914062
49,57.077187,8.077186584472656
49,57.447205,8.44720458984375
49,57.0223,8.022300720214844
49,57.317333,8.317333221435547
49,56.81289,7.812889099121094
49,57.188183,8.188182830810547
49,56.637825,7.637825012207031
49,57.13089,8.130889892578125
49,56.607605,7.60760498046875
49,57.032673,8.032672882080078
49,56.75035,7.7503509521484375
49,57.222214,8.222213745117188
49,56.773754,7.773754119873047
49,57.02167,8.021671295166016
49,56.835037,7.8350372314453125
49,57.149826,8.149826049804688
49,57.419888,8.41988754272461
49,56.5086,7.508598327636719
49,56.63351,7.633510589599609
49,57.14199,8.141990661621094
49,56.479565,7.479564666748047
49,56.38465,7.384651184082031
49,56.242558,7.242557525634766
49,56.192497,7.192497253417969
49,56.704433,7.704433441162109
48,56.763897,8.763896942138672
48,56.960606,8.96060562133789
48,57.731365,9.731365203857422
48,60.232132,12.232131958007812
48,59.040047,11.040046691894531
48,61.052315,13.052314758300781
48,59.927254,11.927253723144531
48,61.58569,13.585689544677734
48,60.553944,12.553943634033203
48,61.970566,13.970565795898438
48,60.980316,12.980316162109375
48,62.291206,14.291206359863281
48,61.344414,13.344413757324219
48,62.54216,14.542160034179688
48,61.623108,13.62310791015625
48,62.254906,14.254905700683594
48,61.75747,13.757469177246094
48,62.598507,14.598506927490234
48,62.332092,14.33209228515625
48,63.021675,15.021675109863281
48,62.782635,14.782634735107422
48,63.302605,15.302604675292969
48,62.91627,14.916271209716797
48,63.251152,15.251152038574219
48,63.056927,15.056926727294922
48,63.286327,15.286327362060547
48,63.082462,15.082462310791016
48,63.144764,15.144763946533203
48,62.76574,14.765739440917969
48,62.905003,14.90500259399414
48,62.5274,14.527400970458984
48,62.35167,14.351669311523438
48,62.31744,14.317440032958984
48,62.22933,14.229328155517578
48,62.315224,14.315223693847656
48,62.28578,14.285781860351562
48,62.318214,14.318214416503906
48,62.247524,14.24752426147461
48,62.255344,14.25534439086914
48,62.17095,14.170951843261719
48,62.196735,14.196735382080078
48,62.115173,14.11517333984375
48,62.077087,14.07708740234375
48,62.106865,14.106864929199219
48,62.059273,14.059272766113281
48,62.02073,14.020729064941406
48,61.863342,13.86334228515625
48,61.83345,13.833450317382812
48,61.69549,13.695491790771484
48,61.650124,13.650123596191406
48,61.532574,13.532573699951172
48,61.541687,13.54168701171875
48,61.448914,13.44891357421875
48,61.494377,13.494377136230469
48,61.35646,13.356460571289062
48,61.33305,13.333049774169922
48,61.45729,13.457290649414062
48,61.86035,13.8603515625
48,61.732117,13.73211669921875
48,61.400944,13.400943756103516
48,61.33358,13.333580017089844
48,61.163666,13.163665771484375
48,61.107258,13.107257843017578
48,60.959793,12.959793090820312
48,60.93866,12.93865966796875
48,60.83284,12.832839965820312
48,60.77654,12.776538848876953
48,60.70009,12.700088500976562
48,60.91159,12.911590576171875
48,60.978718,12.978717803955078
48,61.11404,13.11404037475586
48,61.36962,13.369621276855469
48,61.35086,13.350860595703125
48,61.413727,13.413726806640625
48,61.49566,13.495658874511719
48,61.547775,13.547775268554688
48,61.63131,13.631309509277344
48,61.565697,13.565696716308594
48,61.625153,13.625152587890625
48,61.519257,13.519256591796875
48,61.4686,13.46860122680664
48,61.137993,13.137992858886719
48,61.329514,13.329513549804688
48,61.25379,13.253791809082031
48,61.19555,13.195549011230469
48,60.783215,12.783214569091797
48,61.12704,13.12704086303711
48,61.19892,13.198921203613281
48,61.245644,13.245643615722656
48,61.346176,13.346176147460938
48,61.548122,13.54812240600586
48,61.457645,13.457645416259766
48,61.600414,13.600414276123047
48,61.49749,13.497489929199219
48,61.591095,13.591094970703125
48,61.443386,13.44338607788086
48,61.421097,13.421096801757812
48,61.56138,13.561378479003906
48,61.628716,13.628715515136719
48,61.516106,13.516105651855469
48,61.538696,13.5386962890625
48,61.562126,13.562126159667969
48,61.70079,13.700790405273438
48,61.744785,13.74478530883789
48,61.827053,13.82705307006836
48,61.913284,13.913284301757812
48,61.89096,13.890960693359375
48,62.01348,14.013481140136719
48,61.97843,13.978431701660156
48,62.184612,14.184612274169922
48,62.092148,14.092147827148438
48,62.0606,14.060600280761719
48,61.93148,13.931480407714844
48,61.931583,13.931583404541016
48,61.79433,13.794330596923828
48,61.605423,13.605422973632812
48,61.74782,13.747821807861328
48,61.699615,13.699615478515625
48,61.7518,13.751800537109375
48,61.611412,13.611412048339844
48,61.636574,13.636573791503906
48,61.573517,13.573516845703125
48,61.673096,13.673095703125
48,61.66501,13.665008544921875
48,61.66762,13.667621612548828
48,61.522476,13.522476196289062
48,61.627945,13.627944946289062
48,61.519318,13.519317626953125
48,61.565952,13.56595230102539
48,61.4318,13.431800842285156
48,61.4026,13.402599334716797
48,61.243374,13.24337387084961
48,61.285263,13.285263061523438
48,61.132175,13.13217544555664
48,61.18622,13.18621826171875
48,61.054207,13.054206848144531
48,60.69359,12.693588256835938
48,57.567085,9.567085266113281
48,59.601818,11.601818084716797
48,60.29728,12.297279357910156
48,61.579967,13.579967498779297
48,60.5661,12.56610107421875
48,61.155922,13.155921936035156
48,60.09328,12.093280792236328
48,60.978485,12.978485107421875
48,59.64891,11.648910522460938
48,60.625286,12.625286102294922
48,59.064163,11.064163208007812
48,60.36757,12.367568969726562
48,58.485703,10.485702514648438
48,59.877792,11.877792358398438
48,57.768356,9.768356323242188
48,59.42293,11.422931671142578
48,57.35716,9.357158660888672
48,58.892456,10.8924560546875
48,56.668785,8.668785095214844
48,58.034775,10.034774780273438
48,55.733868,7.733867645263672
48,56.4653,8.465301513671875
48,54.15406,6.154060363769531
48,54.462143,6.4621429443359375
48,53.911797,5.911796569824219
48,54.563595,6.563594818115234
48,55.303177,7.3031768798828125
48,56.410297,8.410297393798828
48,56.037308,8.037307739257812
48,55.45576,7.455760955810547
48,54.790287,6.790287017822266
48,54.450386,6.450386047363281
48,54.342117,6.3421173095703125
48,54.387314,6.3873138427734375
48,54.265297,6.265296936035156
48,54.28061,6.280609130859375
48,54.247017,6.247016906738281
48,54.35779,6.357791900634766
48,54.465576,6.465576171875
48,54.503014,6.503013610839844
48,55.321167,7.3211669921875
48,55.804356,7.804355621337891
48,55.651585,7.651584625244141
48,55.981216,7.9812164306640625
48,56.396797,8.396797180175781
48,56.909172,8.909172058105469
48,57.234352,9.234352111816406
48,57.654312,9.654312133789062
48,58.562714,10.562713623046875
48,58.4426,10.44260025024414
48,58.211666,10.211666107177734
48,58.563477,10.5634765625
48,58.873955,10.873954772949219
48,59.516876,11.516876220703125
48,60.45021,12.450210571289062
48,60.676373,12.676372528076172
48,61.327797,13.327796936035156
48,61.48411,13.484111785888672
48,61.954803,13.954803466796875
48,62.322388,14.3223876953125
48,62.996983,14.99698257446289
48,63.376842,15.376842498779297
48,63.579952,15.579952239990234
48,63.763367,15.76336669921875
48,63.630604,15.630603790283203
48,63.913498,15.913497924804688
48,63.946873,15.94687271118164
48,64.05725,16.0572509765625
48,64.05827,16.058273315429688
48,64.11855,16.118553161621094
48,64.17259,16.172592163085938
48,64.116104,16.116104125976562
48,64.08255,16.082550048828125
48,63.88349,15.883491516113281
48,63.81767,15.817668914794922
48,63.575596,15.57559585571289
48,63.561913,15.561912536621094
48,63.492065,15.4920654296875
48,63.638428,15.638427734375
48,63.555485,15.555484771728516
48,63.7947,15.794700622558594
48,63.8528,15.852798461914062
48,63.918217,15.918216705322266
48,63.83388,15.833881378173828
48,63.626915,15.626914978027344
48,63.75475,15.754749298095703
48,63.72012,15.72011947631836
48,63.84662,15.84661865234375
48,63.593708,15.593708038330078
48,63.64633,15.646331787109375
48,63.503105,15.503105163574219
48,63.408886,15.408885955810547
48,63.43644,15.436439514160156
48,63.407402,15.407402038574219
48,63.38379,15.3837890625
48,63.369602,15.36960220336914
48,63.614174,15.614173889160156
48,63.474514,15.47451400756836
48,63.768715,15.768714904785156
48,64.30258,16.302581787109375
48,64.3178,16.31780242919922
47,64.45496,17.45496368408203
47,63.963905,16.963905334472656
47,64.26836,17.268356323242188
47,64.937904,17.937904357910156
47,64.0912,17.091201782226562
47,64.28892,17.288917541503906
47,63.741837,16.741836547851562
47,63.88297,16.88296890258789
47,63.54407,16.544071197509766
47,63.622967,16.622966766357422
47,63.427223,16.427223205566406
47,63.55904,16.559040069580078
47,63.362396,16.362396240234375
47,63.306618,16.306617736816406
47,63.103127,16.103126525878906
47,63.025005,16.025005340576172
47,62.773643,15.773643493652344
47,62.730034,15.730033874511719
47,62.542572,15.542572021484375
47,62.526337,15.526336669921875
47,62.489407,15.48940658569336
47,62.527164,15.527164459228516
47,62.443287,15.443286895751953
47,62.3909,15.390899658203125
47,62.401573,15.401573181152344
47,62.17444,15.1744384765625
47,61.967056,14.967056274414062
47,61.450714,14.450714111328125
47,61.12079,14.12078857421875
47,61.078987,14.078987121582031
47,60.548897,13.548896789550781
47,60.107887,13.107887268066406
47,60.201824,13.201824188232422
47,59.817726,12.817726135253906
47,59.944115,12.944114685058594
47,59.625206,12.625205993652344
47,59.667744,12.667743682861328
47,59.431114,12.431114196777344
47,59.320652,12.32065200805664
47,59.031075,12.031074523925781
47,59.63498,12.634979248046875
47,60.105297,13.105297088623047
47,60.40505,13.405048370361328
47,60.586357,13.586357116699219
47,60.52788,13.527881622314453
47,60.754616,13.754615783691406
47,60.606285,13.606285095214844
47,60.576797,13.576797485351562
47,60.33247,13.332469940185547
47,60.072716,13.072715759277344
47,59.83181,12.831809997558594
47,59.771492,12.771492004394531
47,59.5776,12.577598571777344
47,59.59133,12.591331481933594
47,59.48735,12.487350463867188
47,59.557236,12.557235717773438
47,59.455437,12.455436706542969
47,59.5221,12.522098541259766
47,59.495934,12.495933532714844
47,59.623253,12.623252868652344
47,59.64931,12.649311065673828
47,59.739605,12.739604949951172
47,59.77276,12.772758483886719
47,59.813976,12.813976287841797
47,59.95395,12.953948974609375
47,59.68355,12.683551788330078
47,59.922302,12.92230224609375
47,59.749565,12.749565124511719
47,60.1613,13.161300659179688
47,59.74013,12.740131378173828
47,60.01779,13.017791748046875
47,59.60508,12.605079650878906
47,59.925957,12.925956726074219
47,59.63021,12.630210876464844
47,59.84133,12.841331481933594
47,59.762604,12.762603759765625
47,59.919106,12.919105529785156
47,59.96288,12.962879180908203
47,60.262268,13.26226806640625
47,60.4282,13.428199768066406
47,60.532593,13.5325927734375
47,60.611107,13.611106872558594
47,60.44319,13.443191528320312
47,60.566036,13.566036224365234
47,60.351036,13.351036071777344
47,60.46497,13.464969635009766
47,60.343224,13.343223571777344
47,60.49933,13.49932861328125
47,60.389168,13.389167785644531
47,60.487694,13.487693786621094
47,60.543697,13.543697357177734
47,60.63604,13.636039733886719
47,60.775948,13.775947570800781
47,60.967155,13.967155456542969
47,60.86161,13.861610412597656
47,61.511333,14.511333465576172
47,60.901863,13.901863098144531
47,61.35054,14.350540161132812
47,61.24077,14.240768432617188
47,61.662575,14.662574768066406
47,61.499756,14.499755859375
47,62.11628,15.116279602050781
47,61.797226,14.797225952148438
47,62.44983,15.4498291015625
47,62.13128,15.131278991699219
47,62.162735,15.162734985351562
47,62.04655,15.046550750732422
47,62.343987,15.343986511230469
47,60.998093,13.998092651367188
47,61.74017,14.740169525146484
47,61.68574,14.685741424560547
47,62.29814,15.298141479492188
47,62.033615,15.033615112304688
47,62.641777,15.641777038574219
47,62.75327,15.75326919555664
47,62.966213,15.96621322631836
47,63.10355,16.10354995727539
47,63.573635,16.57363510131836
47,63.557995,16.557994842529297
47,63.696835,16.696834564208984
47,63.681126,16.68112564086914
47,63.5838,16.58380126953125
47,63.79508,16.79507827758789
47,63.874535,16.874534606933594
47,63.736504,16.73650360107422
47,63.272713,16.27271270751953
47,63.163433,16.163433074951172
47,63.27259,16.27259063720703
47,63.168343,16.16834259033203
47,63.31821,16.31821060180664
47,62.848473,15.848472595214844
47,62.406517,15.406517028808594
47,61.685593,14.685592651367188
47,61.3213,14.321300506591797
47,60.53502,13.535018920898438
47,61.219177,14.21917724609375
47,61.241177,14.24117660522461
47,61.451805,14.451805114746094
47,61.32441,14.324409484863281
47,61.60204,14.602039337158203
47,61.44261,14.442611694335938
47,61.39643,14.396430969238281
47,61.149902,14.14990234375
47,61.214993,14.21499252319336
47,60.865005,13.865005493164062
47,60.72356,13.723560333251953
47,60.61758,13.61758041381836
47,60.597168,13.59716796875
47,60.339954,13.339954376220703
47,60.035408,13.035408020019531
47,59.82151,12.821510314941406
47,59.58918,12.589179992675781
47,59.622765,12.622764587402344
47,59.59121,12.591209411621094
47,59.613068,12.613067626953125
47,59.655334,12.65533447265625
47,59.982296,12.982295989990234
47,59.832943,12.832942962646484
47,60.15075,13.150749206542969
47,59.956253,12.956253051757812
47,60.28868,13.288681030273438
47,59.935,12.935001373291016
47,60.442284,13.442283630371094
46,58.930073,12.930072784423828
46,58.7614,12.761398315429688
46,60.191082,14.191082000732422
46,61.946503,15.946502685546875
46,61.126575,15.126575469970703
46,62.198845,16.19884490966797
46,61.59478,15.594779968261719
46,62.511463,16.511463165283203
46,62.11801,16.118011474609375
46,62.766464,16.766464233398438
46,62.54388,16.543880462646484
46,63.031265,17.031265258789062
46,62.802097,16.80209732055664
46,63.19771,17.197708129882812
46,63.009987,17.009986877441406
46,63.359932,17.35993194580078
46,63.112247,17.112247467041016
46,63.392353,17.392353057861328
46,63.211056,17.211055755615234
46,63.471664,17.471664428710938
46,63.322483,17.32248306274414
46,63.45838,17.45838165283203
46,63.326324,17.326324462890625
46,63.380882,17.380882263183594
46,63.35089,17.35089111328125
46,63.33998,17.339981079101562
46,63.37226,17.37226104736328
46,63.367153,17.36715316772461
46,63.366127,17.366127014160156
46,63.375706,17.37570571899414
46,63.149536,17.1495361328125
46,62.986286,16.986286163330078
46,62.92182,16.92182159423828
46,62.78894,16.7889404296875
46,62.7519,16.75189971923828
46,62.677696,16.677696228027344
46,62.67391,16.673908233642578
46,62.612423,16.612422943115234
46,62.545357,16.54535675048828
46,62.45355,16.453548431396484
46,62.42433,16.424331665039062
46,62.338703,16.338703155517578
46,62.292236,16.292236328125
46,62.18253,16.18252944946289
46,62.11853,16.1185302734375
46,61.961975,15.96197509765625
46,61.908623,15.908622741699219
46,61.804256,15.804256439208984
46,61.74628,15.746280670166016
46,61.666946,15.666946411132812
46,61.6458,15.645801544189453
46,61.6193,15.619300842285156
46,61.604546,15.604545593261719
46,61.559097,15.559097290039062
46,61.528824,15.528823852539062
46,61.512604,15.512603759765625
46,61.484814,15.484813690185547
46,61.47297,15.472969055175781
46,61.407093,15.407093048095703
46,61.35739,15.357391357421875
46,61.26941,15.2694091796875
46,61.207058,15.20705795288086
46,61.076538,15.0765380859375
46,60.967693,14.967693328857422
46,60.81427,14.81427001953125
46,60.73757,14.737571716308594
46,60.60633,14.606330871582031
46,60.53949,14.53948974609375
46,60.367462,14.367462158203125
46,60.26313,14.263130187988281
46,60.058968,14.058967590332031
46,59.96181,13.961811065673828
46,59.74583,13.745830535888672
46,59.701283,13.701282501220703
46,59.481544,13.481544494628906
46,59.434032,13.434032440185547
46,59.1895,13.189498901367188
46,59.17263,13.172630310058594
46,59.016663,13.01666259765625
46,59.110836,13.110836029052734
46,59.018547,13.018547058105469
46,59.12243,13.122428894042969
46,59.021454,13.021453857421875
46,59.04489,13.044891357421875
46,58.88054,12.880538940429688
46,58.98798,12.987979888916016
46,59.046925,13.046924591064453
46,59.496204,13.496204376220703
46,59.791588,13.791587829589844
46,59.798817,13.798816680908203
46,59.99876,13.998760223388672
46,60.220425,14.22042465209961
46,60.328526,14.32852554321289
46,60.23567,14.235668182373047
46,60.206066,14.206066131591797
46,60.094788,14.09478759765625
46,60.28754,14.287540435791016
46,60.345512,14.345512390136719
46,60.59386,14.593860626220703
46,60.400406,14.400405883789062
46,60.71079,14.71078872680664
46,60.674324,14.674324035644531
46,61.01414,15.014141082763672
46,60.89413,14.89413070678711
46,61.292492,15.292491912841797
46,61.258297,15.258296966552734
46,61.65668,15.656681060791016
46,61.46798,15.467979431152344
46,61.635757,15.635757446289062
46,61.443203,15.44320297241211
46,61.742466,15.74246597290039
46,61.331882,15.33188247680664
46,61.57524,15.575241088867188
46,61.579742,15.579742431640625
46,61.96042,15.960418701171875
46,61.474327,15.474327087402344
46,61.475998,15.475997924804688
46,61.35369,15.353691101074219
46,61.687313,15.687313079833984
46,61.4252,15.425201416015625
46,61.44375,15.443748474121094
46,61.34742,15.347419738769531
46,61.63475,15.634750366210938
46,61.684467,15.684467315673828
46,61.76939,15.769390106201172
46,61.608418,15.608417510986328
46,61.585384,15.585384368896484
46,61.49113,15.491130828857422
46,61.544235,15.544235229492188
46,61.453613,15.45361328125
46,61.42723,15.427230834960938
46,61.40321,15.403209686279297
46,61.532322,15.53232192993164
46,61.389606,15.389606475830078
46,61.41963,15.419628143310547
46,61.339188,15.339187622070312
46,61.661926,15.66192626953125
46,61.530716,15.530715942382812
46,61.598083,15.59808349609375
46,61.602425,15.602424621582031
46,61.767715,15.767715454101562
46,61.52002,15.52001953125
46,61.508713,15.508712768554688
46,61.64713,15.64712905883789
46,61.692947,15.692947387695312
46,61.64319,15.6431884765625
46,61.555225,15.555225372314453
46,61.610115,15.610115051269531
46,61.78052,15.780521392822266
46,61.758858,15.758857727050781
46,62.03553,16.03553009033203
46,62.777275,16.77727508544922
46,62.96617,16.966171264648438
46,63.201553,17.201553344726562
46,63.74353,17.7435302734375
46,63.77297,17.772968292236328
46,62.488697,16.488697052001953
46,63.359272,17.359272003173828
46,63.201557,17.201557159423828
46,63.82305,17.82305145263672
46,63.725353,17.725353240966797
46,63.85845,17.85845184326172
46,63.266888,17.266887664794922
46,63.50622,17.506221771240234
46,63.15446,17.154460906982422
46,63.110043,17.110042572021484
46,62.88908,16.889080047607422
46,63.044014,17.04401397705078
46,62.847126,16.847126007080078
46,63.58454,17.58454132080078
46,63.314518,17.314517974853516
46,64.17107,18.171066284179688
46,63.777634,17.777633666992188
46,64.289276,18.289276123046875
46,63.983875,17.983875274658203
46,64.30474,18.30474090576172
46,63.985947,17.985946655273438
46,64.35703,18.357032775878906
46,64.08154,18.08154296875
46,64.22135,18.221351623535156
46,63.793186,17.79318618774414
46,64.140594,18.140594482421875
46,63.711685,17.711685180664062
46,63.941177,17.941177368164062
46,64.17521,18.175209045410156
46,63.60286,17.602859497070312
46,63.281815,17.281814575195312
46,62.95582,16.95581817626953
46,62.635113,16.635112762451172
46,62.629322,16.629322052001953
46,62.74908,16.749080657958984
46,62.807343,16.807342529296875
46,62.667145,16.667144775390625
46,62.600075,16.600074768066406
46,62.49357,16.493568420410156
46,62.267918,16.26791763305664
46,62.127968,16.127967834472656
46,62.16588,16.165878295898438
46,61.9402,15.940200805664062
46,61.855865,15.855865478515625
46,62.165848,16.165847778320312
46,60.96454,14.96453857421875
46,61.81699,15.81698989868164
46,61.66061,15.66061019897461
46,61.9095,15.909500122070312
46,61.611458,15.611457824707031
46,61.731327,15.731327056884766
46,61.336723,15.336723327636719
46,61.405994,15.405994415283203
46,61.01631,15.016311645507812
46,61.279503,15.279502868652344
46,61.57351,15.573509216308594
46,61.617065,15.6170654296875
46,61.85386,15.853858947753906
46,62.011856,16.011856079101562
46,62.816643,16.81664276123047
46,62.792336,16.792335510253906
46,63.728725,17.72872543334961
46,64.254265,18.25426483154297
46,64.6007,18.60070037841797
46,64.61753,18.617530822753906
46,64.60798,18.60797882080078
46,64.3686,18.36859893798828
46,64.28026,18.280258178710938
46,64.012726,18.012725830078125
46,63.918594,17.918594360351562
46,63.66456,17.66455841064453
46,63.595074,17.595073699951172
46,63.57268,17.572681427001953
46,63.690445,17.690444946289062
46,63.523617,17.523616790771484
46,63.529335,17.529335021972656
46,63.439285,17.439285278320312
46,63.41216,17.412158966064453
46,63.319168,17.319168090820312
46,63.262367,17.262367248535156
46,63.098377,17.098377227783203
46,62.968098,16.968097686767578
46,62.872986,16.87298583984375
46,62.645096,16.645095825195312
46,61.170948,15.170948028564453
46,61.665623,15.66562271118164
46,62.687492,16.68749237060547
46,62.975292,16.975292205810547
45,63.375904,18.375904083251953
45,63.287678,18.287677764892578
45,63.537617,18.537616729736328
45,64.27787,19.277870178222656
45,62.9081,17.908100128173828
45,63.41931,18.4193115234375
45,62.675232,17.67523193359375
45,63.01756,18.017559051513672
45,62.328938,17.328937530517578
45,62.702225,17.702224731445312
45,62.121986,17.121986389160156
45,62.52554,17.52553939819336
45,62.037548,17.037548065185547
45,62.32621,17.326210021972656
45,61.763176,16.76317596435547
45,62.06276,17.062759399414062
45,61.4353,16.435298919677734
45,61.621304,16.62130355834961
45,60.965355,15.965354919433594
45,61.004562,16.004562377929688
45,60.357067,15.357067108154297
45,60.180813,15.18081283569336
45,60.212337,15.212337493896484
45,60.72643,15.726428985595703
45,60.837677,15.837677001953125
45,60.879128,15.879127502441406
45,60.334866,15.33486557006836
45,59.917435,14.917434692382812
45,58.647923,13.64792251586914
45,58.54922,13.54922103881836
45,56.94155,11.941551208496094
45,56.536026,11.536026000976562
45,56.374275,11.374275207519531
45,56.08244,11.082439422607422
45,55.98124,10.981239318847656
45,55.642838,10.642837524414062
45,55.68656,10.686561584472656
45,55.35548,10.355480194091797
45,55.348385,10.348384857177734
45,54.92884,9.928840637207031
45,54.905552,9.90555191040039
45,54.577442,9.577442169189453
45,54.54198,9.541980743408203
45,54.08453,9.084529876708984
45,53.952656,8.952655792236328
45,53.507114,8.50711441040039
45,53.2878,8.287799835205078
45,52.891808,7.891807556152344
45,52.8133,7.813301086425781
45,52.508354,7.508354187011719
45,52.227848,7.227848052978516
45,51.80546,6.805461883544922
45,51.590622,6.5906219482421875
45,51.218597,6.218597412109375
45,51.02336,6.0233612060546875
45,50.839767,5.8397674560546875
45,50.876587,5.8765869140625
45,50.821587,5.821586608886719
45,50.887157,5.887157440185547
45,50.8256,5.825599670410156
45,50.87322,5.873218536376953
45,50.840668,5.840667724609375
45,50.911602,5.911602020263672
45,50.94721,5.947208404541016
45,50.99617,5.9961700439453125
45,51.056664,6.056663513183594
45,51.19346,6.193458557128906
45,51.286144,6.286144256591797
45,51.44202,6.442020416259766
45,51.57463,6.5746307373046875
45,51.730347,6.7303466796875
45,51.809326,6.809326171875
45,52.443977,7.443977355957031
45,52.093502,7.093502044677734
45,52.53881,7.538810729980469
45,52.067406,7.067405700683594
45,52.591114,7.591114044189453
45,51.89447,6.89447021484375
45,52.453087,7.453086853027344
45,52.021545,7.02154541015625
45,52.48656,7.486560821533203
45,51.972816,6.972816467285156
45,52.327732,7.327732086181641
45,51.710876,6.71087646484375
45,51.974525,6.974525451660156
45,51.524033,6.5240325927734375
45,51.998894,6.998893737792969
45,51.712772,6.712772369384766
45,51.952736,6.952735900878906
45,51.70955,6.7095489501953125
45,51.398388,6.398387908935547
45,51.512474,6.512474060058594
45,51.50903,6.509029388427734
45,51.56285,6.5628509521484375
45,51.362274,6.362274169921875
45,51.070404,6.070404052734375
45,50.63685,5.636848449707031
45,50.434242,5.434242248535156
45,50.279316,5.279315948486328
45,50.802803,5.802803039550781
45,50.324234,5.3242340087890625
45,50.64807,5.6480712890625
45,50.107162,5.1071624755859375
45,50.469223,5.4692230224609375
45,49.792984,4.7929840087890625
45,50.596825,5.596824645996094
45,50.62292,5.622920989990234
45,47.729538,2.7295379638671875
45,49.365383,4.365383148193359
45,51.02924,6.029239654541016
45,51.482037,6.482036590576172
45,51.499306,6.499305725097656
45,50.813953,5.813953399658203
45,50.713863,5.713863372802734
45,50.88137,5.881370544433594
45,50.40008,5.400081634521484
45,50.65807,5.658069610595703
45,49.41672,4.416721343994141
45,50.27166,5.271659851074219
45,48.377125,3.377124786376953
45,50.02791,5.0279083251953125
45,48.508835,3.5088348388671875
45,50.137917,5.137916564941406
45,48.600826,3.6008262634277344
45,49.947437,4.947437286376953
45,47.956448,2.9564476013183594
45,49.12571,4.125709533691406
45,47.019676,2.0196762084960938
45,46.79422,1.794219970703125
45,45.024094,0.0240936279296875
45,44.96178,0.038219451904296875
45,45.70041,0.700408935546875
45,44.96924,0.03076171875
45,48.04512,3.0451202392578125
45,50.75175,5.751750946044922
45,53.130188,8.13018798828125
45,49.617844,4.6178436279296875
45,50.9573,5.957298278808594
45,50.37143,5.371429443359375
45,51.51477,6.5147705078125
45,51.666954,6.666954040527344
45,52.649162,7.649162292480469
45,52.198242,7.1982421875
45,53.292007,8.292007446289062
45,52.862778,7.8627777099609375
45,54.7563,9.756301879882812
45,54.401627,9.401626586914062
45,57.154106,12.154106140136719
45,56.4472,11.447200775146484
45,58.49341,13.493408203125
45,57.801407,12.801406860351562
45,59.51,14.509998321533203
45,59.01908,14.019081115722656
45,60.580307,15.580307006835938
45,59.910156,14.91015625
45,61.666985,16.66698455810547
45,61.48502,16.48501968383789
45,62.429535,17.429534912109375
45,61.866398,16.866397857666016
45,62.334396,17.334396362304688
45,61.629448,16.62944793701172
45,62.058426,17.058425903320312
45,61.744247,16.744247436523438
45,61.20546,16.205459594726562
45,60.73478,15.734779357910156
45,61.384865,16.384864807128906
45,61.03112,16.03112030029297
45,61.492554,16.4925537109375
45,61.068253,16.068252563476562
45,61.68023,16.68022918701172
45,61.416275,16.416275024414062
45,61.864716,16.864715576171875
45,61.7626,16.76259994506836
45,62.196964,17.196964263916016
45,61.94408,16.944080352783203
45,62.164692,17.164691925048828
45,61.892,16.891998291015625
45,61.984528,16.984527587890625
45,61.83532,16.83531951904297
45,62.19568,17.1956787109375
45,62.14184,17.141841888427734
45,62.404526,17.404525756835938
45,62.34298,17.342979431152344
45,62.966568,17.966567993164062
45,62.780407,17.780406951904297
45,62.89315,17.893150329589844
45,62.411983,17.411983489990234
45,61.899586,16.899585723876953
45,60.752945,15.752944946289062
45,59.386242,14.386241912841797
45,58.341232,13.341232299804688
45,58.99323,13.993228912353516
45,59.51748,14.517478942871094
45,59.412823,14.412822723388672
45,59.562473,14.56247329711914
45,60.325554,15.325553894042969
45,59.480724,14.480724334716797
45,59.698982,14.698982238769531
45,59.819263,14.819263458251953
45,60.42757,15.427570343017578
45,59.82448,14.824478149414062
45,59.330376,14.330375671386719
45,58.235977,13.235977172851562
45,58.479836,13.479835510253906
44,57.458843,13.458843231201172
44,59.30685,15.30685043334961
44,58.51475,14.514751434326172
44,61.236786,17.236785888671875
44,58.929085,14.929084777832031
44,61.720573,17.72057342529297
44,60.074245,16.07424545288086
44,62.111557,18.111557006835938
44,60.734825,16.734825134277344
44,62.376686,18.376686096191406
44,61.28178,17.281780242919922
44,62.699646,18.69964599609375
44,61.908295,17.908294677734375
44,62.865738,18.865737915039062
44,61.960346,17.960346221923828
44,62.70549,18.705490112304688
44,61.73696,17.736961364746094
44,62.57932,18.57931900024414
44,61.589405,17.589405059814453
44,62.555016,18.555015563964844
44,61.840374,17.840373992919922
44,62.59514,18.595138549804688
44,61.98983,17.989830017089844
44,62.659737,18.65973663330078
44,62.033638,18.03363800048828
44,62.561287,18.56128692626953
44,61.823055,17.823055267333984
44,62.176514,18.176513671875
44,60.89166,16.891658782958984
44,60.966,16.965999603271484
44,59.40594,15.405941009521484
44,59.312325,15.312324523925781
44,59.11308,15.113079071044922
44,59.09774,15.097740173339844
44,58.925434,14.925434112548828
44,58.96853,14.968528747558594
44,58.822895,14.822895050048828
44,58.92298,14.922981262207031
44,58.665436,14.665435791015625
44,58.708622,14.708621978759766
44,59.19926,15.199260711669922
44,58.718815,14.718814849853516
44,59.003216,15.003215789794922
44,58.261932,14.261932373046875
44,58.71291,14.712909698486328
44,57.99837,13.998371124267578
44,58.548622,14.548622131347656
44,57.547634,13.54763412475586
44,58.12573,14.125728607177734
44,57.0026,13.002601623535156
44,57.595882,13.595882415771484
44,56.156696,12.156696319580078
44,56.988174,12.988174438476562
44,55.4881,11.48809814453125
44,56.30436,12.304359436035156
44,54.67875,10.678749084472656
44,55.897926,11.897926330566406
44,54.48829,10.488288879394531
44,55.583885,11.583885192871094
44,54.045322,10.04532241821289
44,54.96429,10.964290618896484
44,53.199955,9.199954986572266
44,54.0062,10.00619888305664
44,52.826164,8.826164245605469
44,53.58191,9.5819091796875
44,53.19159,9.19158935546875
44,54.563896,10.563896179199219
44,54.930794,10.930793762207031
44,54.890343,10.890342712402344
44,54.89213,10.892131805419922
44,54.885468,10.885467529296875
44,55.1624,11.162399291992188
44,54.88999,10.889991760253906
44,55.25741,11.257408142089844
44,55.01483,11.01483154296875
44,55.392746,11.392745971679688
44,55.19734,11.197338104248047
44,55.250694,11.250694274902344
44,55.114716,11.114715576171875
44,55.42688,11.4268798828125
44,55.71631,11.71630859375
44,55.891396,11.891395568847656
44,56.061623,12.061622619628906
44,55.77453,11.774528503417969
44,55.835922,11.835922241210938
44,55.9665,11.966499328613281
44,55.82528,11.825279235839844
44,56.1054,12.105400085449219
44,56.18122,12.181221008300781
44,56.292915,12.292915344238281
44,56.183113,12.183113098144531
44,56.301216,12.301216125488281
44,56.01516,12.015159606933594
44,56.165833,12.16583251953125
44,55.966072,11.966072082519531
44,55.875385,11.875385284423828
44,55.877506,11.877506256103516
44,55.657284,11.657283782958984
44,55.700325,11.700325012207031
44,55.472122,11.472122192382812
44,55.932327,11.932327270507812
44,55.540306,11.540306091308594
44,55.59128,11.59128189086914
44,55.317352,11.317352294921875
44,55.306137,11.306137084960938
44,54.904964,10.904964447021484
44,54.80554,10.805538177490234
44,54.556335,10.55633544921875
44,54.381012,10.381011962890625
44,54.033722,10.033721923828125
44,53.676964,9.676963806152344
44,53.762123,9.762123107910156
44,53.845055,9.845054626464844
44,53.82555,9.825550079345703
44,53.601593,9.601593017578125
44,53.79874,9.79874038696289
44,53.622803,9.622802734375
44,53.603233,9.603233337402344
44,53.548275,9.548274993896484
44,53.40687,9.406871795654297
44,53.403374,9.403373718261719
44,53.23844,9.238441467285156
44,53.210403,9.210403442382812
44,53.461327,9.461326599121094
44,53.60131,9.601310729980469
44,53.809067,9.809066772460938
44,53.686012,9.686012268066406
44,54.034454,10.034454345703125
44,53.78338,9.783378601074219
44,54.070717,10.070716857910156
44,53.80401,9.804008483886719
44,54.19226,10.1922607421875
44,53.96627,9.966270446777344
44,54.37741,10.377410888671875
44,54.138683,10.138683319091797
44,54.439568,10.439567565917969
44,54.273632,10.273632049560547
44,54.483093,10.48309326171875
44,54.300743,10.300743103027344
44,54.56475,10.564750671386719
44,54.37793,10.3779296875
44,54.63006,10.630058288574219
44,54.375694,10.375694274902344
44,54.639038,10.6390380859375
44,54.352547,10.352546691894531
44,54.583015,10.583015441894531
44,54.346523,10.34652328491211
44,54.531425,10.531425476074219
44,54.351448,10.351448059082031
44,54.330658,10.330657958984375
44,54.050945,10.050945281982422
44,54.064514,10.06451416015625
44,53.83408,9.83407974243164
44,54.244465,10.244464874267578
44,55.055824,11.055824279785156
44,53.911514,9.911514282226562
44,55.131313,11.13131332397461
44,55.195976,11.195976257324219
44,55.68213,11.68212890625
44,55.761284,11.761283874511719
44,56.464493,12.464492797851562
44,56.302353,12.302352905273438
44,56.921085,12.921085357666016
44,56.839462,12.839462280273438
44,57.481262,13.48126220703125
44,57.45251,13.452510833740234
44,58.23204,14.232040405273438
44,58.11422,14.114219665527344
44,59.00826,15.008258819580078
44,58.867508,14.867507934570312
44,59.82585,15.825851440429688
44,59.72258,15.722579956054688
44,60.56678,16.56678009033203
44,60.39966,16.399658203125
44,60.968445,16.96844482421875
44,60.076054,16.076053619384766
44,59.559162,15.559162139892578
44,59.254936,15.254936218261719
44,59.04666,15.046661376953125
44,58.70845,14.708450317382812
44,56.57258,12.572578430175781
44,56.78688,12.786880493164062
44,57.566597,13.566596984863281
44,59.28,15.279998779296875
43,60.162617,17.162616729736328
43,59.968597,16.968597412109375
43,60.650528,17.650527954101562
43,62.13418,19.134178161621094
43,60.907272,17.907272338867188
43,62.08174,19.081741333007812
43,61.283245,18.283245086669922
43,62.006798,19.006797790527344
43,61.430473,18.43047332763672
43,62.200565,19.200565338134766
43,61.786015,18.786014556884766
43,62.39341,19.393409729003906
43,62.0924,19.09239959716797
43,62.5273,19.527301788330078
43,62.34042,19.34041976928711
43,62.640846,19.640846252441406
43,62.463184,19.463184356689453
43,62.724236,19.72423553466797
43,62.49717,19.497169494628906
43,62.848434,19.848434448242188
43,62.743546,19.743545532226562
43,62.808434,19.808433532714844
43,62.662766,19.662765502929688
43,62.655365,19.655364990234375
43,62.606762,19.606761932373047
43,62.67251,19.672508239746094
43,62.88561,19.885608673095703
43,62.867126,19.86712646484375
43,62.573997,19.573997497558594
43,62.684826,19.684825897216797
43,62.070927,19.070926666259766
43,61.804768,18.804767608642578
43,61.747524,18.74752426147461
43,61.544537,18.544536590576172
43,61.45648,18.456478118896484
43,61.327797,18.327796936035156
43,61.290066,18.29006576538086
43,61.191788,18.191787719726562
43,61.17158,18.171581268310547
43,61.081535,18.08153533935547
43,61.00686,18.006858825683594
43,60.92223,17.922229766845703
43,60.845238,17.845237731933594
43,60.75484,17.754840850830078
43,60.74929,17.749290466308594
43,60.651855,17.65185546875
43,60.65288,17.652881622314453
43,60.50969,17.509689331054688
43,60.507618,17.507617950439453
43,60.450287,17.450286865234375
43,60.360146,17.360145568847656
43,60.259636,17.25963592529297
43,60.117172,17.117172241210938
43,59.97562,16.97562026977539
43,59.655807,16.655807495117188
43,59.491043,16.491043090820312
43,59.24602,16.246021270751953
43,59.194252,16.194252014160156
43,59.157204,16.157203674316406
43,59.279675,16.279674530029297
43,59.410557,16.41055679321289
43,59.735268,16.735267639160156
43,60.177605,17.17760467529297
43,59.886944,16.886943817138672
43,60.18552,17.18552017211914
43,59.624866,16.624866485595703
43,59.7675,16.767501831054688
43,59.124805,16.124805450439453
43,59.525314,16.525314331054688
43,58.788765,15.788764953613281
43,59.28978,16.289779663085938
43,58.35503,15.355030059814453
43,59.04024,16.040241241455078
43,57.946198,14.946197509765625
43,58.62749,15.627490997314453
43,57.442665,14.442665100097656
43,58.195045,15.195045471191406
43,56.99384,13.993839263916016
43,57.78225,14.782249450683594
43,56.39745,13.397449493408203
43,57.34974,14.349739074707031
43,56.076252,13.076251983642578
43,57.281277,14.28127670288086
43,55.94998,12.949981689453125
43,57.03404,14.034038543701172
43,55.56771,12.567710876464844
43,56.408516,13.408515930175781
43,54.870995,11.870994567871094
43,55.44956,12.44955825805664
43,54.750164,11.750164031982422
43,55.34633,12.346328735351562
43,54.48992,11.489921569824219
43,54.88498,11.884979248046875
43,53.954773,10.95477294921875
43,54.33537,11.335369110107422
43,53.91433,10.914329528808594
43,54.24632,11.246318817138672
43,53.761055,10.761054992675781
43,53.679684,10.679683685302734
43,53.6911,10.69110107421875
43,53.823692,10.823692321777344
43,53.702187,10.702186584472656
43,54.056145,11.056144714355469
43,54.201836,11.201835632324219
43,54.46524,11.465240478515625
43,54.34903,11.349029541015625
43,54.763607,11.763607025146484
43,54.77055,11.770549774169922
43,54.948807,11.948806762695312
43,54.935925,11.935924530029297
43,54.95597,11.955970764160156
43,55.244072,12.244071960449219
43,55.822983,12.822982788085938
43,56.984455,13.984455108642578
43,57.54562,14.54561996459961
43,58.375507,15.375507354736328
43,58.331715,15.331714630126953
43,58.94277,15.942768096923828
43,58.506916,15.506916046142578
43,59.13393,16.133930206298828
43,58.97759,15.977588653564453
43,59.813705,16.813705444335938
43,59.50849,16.50849151611328
43,60.38146,17.381458282470703
43,60.08871,17.08871078491211
43,60.865433,17.865432739257812
43,60.552216,17.552215576171875
43,61.274963,18.27496337890625
43,61.160835,18.16083526611328
43,61.84463,18.84463119506836
43,61.714233,18.7142333984375
43,62.267315,19.267314910888672
43,61.618645,18.61864471435547
43,61.809807,18.80980682373047
43,61.43943,18.439430236816406
43,61.52413,18.524131774902344
43,61.142006,18.142005920410156
43,60.84191,17.84191131591797
43,60.567535,17.567535400390625
43,58.833145,15.833145141601562
43,59.305515,16.30551528930664
43,59.586388,16.586387634277344
43,60.0226,17.022598266601562
43,59.992348,16.992347717285156
43,59.347694,16.347694396972656
43,58.909527,15.909526824951172
43,58.780342,15.780342102050781
43,58.411636,15.411636352539062
43,58.388462,15.38846206665039
43,57.87461,14.874610900878906
43,57.64398,14.643978118896484
43,57.525105,14.525104522705078
43,57.40799,14.407989501953125
43,57.231606,14.231605529785156
43,56.879517,13.8795166015625
43,56.486305,13.486305236816406
43,56.190308,13.1903076171875
43,55.810677,12.810676574707031
43,55.24011,12.240108489990234
43,54.538902,11.538902282714844
43,53.473587,10.473587036132812
43,52.93346,9.933460235595703
43,50.877377,7.877376556396484
43,51.727917,8.727916717529297
43,50.511627,7.511627197265625
43,52.538044,9.538043975830078
43,52.090538,9.090538024902344
43,52.476807,9.476806640625
43,50.625687,7.6256866455078125
43,50.45987,7.459869384765625
43,49.850212,6.850212097167969
43,49.891,6.890998840332031
43,49.815216,6.815216064453125
43,49.75576,6.755760192871094
43,49.546196,6.546195983886719
43,50.143147,7.143146514892578
43,49.560204,6.560203552246094
43,49.215256,6.2152557373046875
43,48.99221,5.992210388183594
43,48.08654,5.086540222167969
43,47.790894,4.7908935546875
43,47.402275,4.402275085449219
43,47.349777,4.3497772216796875
43,47.262615,4.262615203857422
43,46.96639,3.966388702392578
43,46.772163,3.7721633911132812
43,47.602192,4.602191925048828
43,47.926533,4.926532745361328
43,48.59318,5.593181610107422
43,48.649536,5.6495361328125
43,49.395485,6.395484924316406
43,49.300194,6.300193786621094
43,50.060364,7.06036376953125
43,50.06475,7.064750671386719
43,50.56897,7.5689697265625
43,50.29705,7.297050476074219
43,50.2707,7.270698547363281
43,49.996136,6.996135711669922
43,49.92362,6.923618316650391
43,49.092354,6.092353820800781
43,49.938065,6.9380645751953125
43,49.47135,6.471351623535156
43,50.049305,7.049304962158203
43,49.54458,6.544578552246094
43,50.543613,7.543613433837891
43,50.3294,7.329399108886719
43,51.005127,8.005126953125
43,51.28181,8.281810760498047
43,52.021957,9.021957397460938
43,52.370872,9.370872497558594
43,52.83232,9.832321166992188
43,53.12376,10.123760223388672
43,53.2992,10.299198150634766
43,54.490158,11.490158081054688
43,54.837013,11.837013244628906
43,55.04028,12.040279388427734
43,54.658432,11.658432006835938
43,54.676216,11.676216125488281
43,55.93939,12.939388275146484
43,55.095787,12.095787048339844
43,56.103493,13.103492736816406
43,55.272465,12.272464752197266
43,56.306614,13.30661392211914
43,55.349632,12.349632263183594
43,56.314064,13.314064025878906
43,53.32715,10.3271484375
43,55.09548,12.095481872558594
43,54.371227,11.371227264404297
43,57.04564,14.045639038085938
43,57.26996,14.26995849609375
43,59.032333,16.032333374023438
43,58.707043,15.707042694091797
43,60.49845,17.498451232910156
43,60.412262,17.412261962890625
42,61.822887,19.822887420654297
42,61.442795,19.442794799804688
42,62.667496,20.667495727539062
42,63.414978,21.41497802734375
42,62.745506,20.745506286621094
42,63.237488,21.23748779296875
42,62.87756,20.877559661865234
42,63.26802,21.268020629882812
42,62.98208,20.982078552246094
42,63.006317,21.006317138671875
42,62.648067,20.648067474365234
42,62.717934,20.717933654785156
42,62.21084,20.210838317871094
42,62.222736,20.222736358642578
42,61.45431,19.45431137084961
42,61.480392,19.480392456054688
42,60.13761,18.137611389160156
42,60.643356,18.643356323242188
42,59.802307,17.80230712890625
42,60.667034,18.667034149169922
42,60.259033,18.259033203125
42,60.68407,18.684070587158203
42,60.262566,18.26256561279297
42,60.38106,18.381061553955078
42,59.962463,17.96246337890625
42,59.710716,17.710716247558594
42,58.898617,16.898616790771484
42,57.824265,15.824264526367188
42,56.213814,14.213813781738281
42,56.0026,14.002601623535156
42,54.28191,12.281909942626953
42,53.69827,11.69826889038086
42,53.446777,11.44677734375
42,52.799667,10.799667358398438
42,52.534546,10.5345458984375
42,52.05162,10.051620483398438
42,51.962353,9.962352752685547
42,51.700394,9.700393676757812
42,51.50026,9.500259399414062
42,51.293396,9.29339599609375
42,51.146065,9.146064758300781
42,50.954147,8.954147338867188
42,50.39943,8.399429321289062
42,50.254967,8.254966735839844
42,49.61526,7.615261077880859
42,49.56256,7.56256103515625
42,48.936867,6.936866760253906
42,49.178276,7.178276062011719
42,48.32025,6.32025146484375
42,48.479637,6.479637145996094
42,47.67724,5.677238464355469
42,47.92443,5.924430847167969
42,47.13643,5.1364288330078125
42,47.458984,5.458984375
42,46.819454,4.819454193115234
42,47.140812,5.140811920166016
42,46.53879,4.538791656494141
42,46.864704,4.864704132080078
42,46.281334,4.281333923339844
42,46.62185,4.621849060058594
42,46.190395,4.190395355224609
42,46.465923,4.465923309326172
42,46.124763,4.124763488769531
42,46.379738,4.379737854003906
42,46.05416,4.054161071777344
42,46.389877,4.3898773193359375
42,46.150013,4.150012969970703
42,46.472748,4.472747802734375
42,46.19763,4.1976318359375
42,46.42143,4.421428680419922
42,46.326836,4.326835632324219
42,46.32894,4.328941345214844
42,46.80433,4.804328918457031
42,46.99079,4.990791320800781
42,47.534256,5.5342559814453125
42,47.389423,5.389423370361328
42,47.400715,5.400714874267578
42,47.04426,5.044258117675781
42,46.93158,4.93157958984375
42,46.56611,4.566108703613281
42,46.5817,4.581699371337891
42,46.209778,4.20977783203125
42,46.4573,4.457298278808594
42,46.128994,4.128993988037109
42,46.434395,4.434394836425781
42,46.0288,4.028800964355469
42,46.28018,4.280181884765625
42,45.83308,3.833080291748047
42,46.02104,4.0210418701171875
42,45.54243,3.542430877685547
42,45.789707,3.7897071838378906
42,45.32023,3.3202285766601562
42,45.635864,3.6358642578125
42,45.057705,3.0577049255371094
42,45.37274,3.37274169921875
42,44.76789,2.7678909301757812
42,44.942944,2.942943572998047
42,44.360817,2.3608169555664062
42,44.852783,2.852783203125
42,45.001213,3.0012130737304688
42,45.31319,3.313190460205078
42,45.318672,3.3186721801757812
42,45.4834,3.4833984375
42,45.488495,3.488494873046875
42,46.3232,4.323200225830078
42,46.597244,4.5972442626953125
42,47.00173,5.001731872558594
42,47.233383,5.2333831787109375
42,47.331173,5.331172943115234
42,47.720634,5.720634460449219
42,48.00536,6.005359649658203
42,48.359753,6.359752655029297
42,48.701355,6.70135498046875
42,49.201447,7.201446533203125
42,49.506897,7.50689697265625
42,49.804474,7.804473876953125
42,49.805206,7.805206298828125
42,50.370094,8.370094299316406
42,50.256172,8.256172180175781
42,50.680496,8.680496215820312
42,50.411102,8.411102294921875
42,50.78258,8.782581329345703
42,50.4417,8.441699981689453
42,50.83659,8.836589813232422
42,50.37835,8.378349304199219
42,50.87854,8.8785400390625
42,49.93622,7.93621826171875
42,48.828133,6.828132629394531
42,47.739365,5.7393646240234375
42,48.349476,6.349475860595703
42,47.869125,5.8691253662109375
42,48.397587,6.397586822509766
42,47.506214,5.506214141845703
42,48.10029,6.100288391113281
42,48.118946,6.118946075439453
42,48.78263,6.782630920410156
42,48.694004,6.694004058837891
42,49.518272,7.518272399902344
42,48.971504,6.971504211425781
42,48.907066,6.907066345214844
42,47.987247,5.987247467041016
42,47.777287,5.777286529541016
42,47.442,5.4420013427734375
42,47.466972,5.466972351074219
42,47.615425,5.615425109863281
42,47.61785,5.617851257324219
42,47.696617,5.696617126464844
42,47.876827,5.876827239990234
42,47.840523,5.840522766113281
42,47.933563,5.933563232421875
42,47.9756,5.9756011962890625
42,47.980057,5.9800567626953125
42,47.588875,5.588874816894531
42,47.68068,5.6806793212890625
42,47.721497,5.72149658203125
42,48.95211,6.952110290527344
42,49.328007,7.328006744384766
42,49.340607,7.340606689453125
42,49.975586,7.9755859375
42,49.368965,7.368965148925781
42,49.4926,7.4925994873046875
42,49.087967,7.0879669189453125
42,49.261326,7.261325836181641
42,49.40551,7.405509948730469
42,49.468693,7.468692779541016
42,49.031292,7.031291961669922
42,49.110256,7.110256195068359
42,49.02346,7.023460388183594
42,49.206165,7.206165313720703
42,49.255558,7.255558013916016
42,49.25927,7.259269714355469
42,48.9859,6.98590087890625
42,48.862087,6.862087249755859
42,48.462048,6.462047576904297
42,48.17314,6.1731414794921875
42,47.830418,5.830417633056641
42,47.946785,5.946784973144531
42,48.020554,6.0205535888671875
42,48.281647,6.281646728515625
42,48.03206,6.0320587158203125
42,48.410744,6.410743713378906
42,48.141552,6.141551971435547
42,48.418106,6.4181060791015625
42,47.79753,5.7975311279296875
42,48.471916,6.471916198730469
42,47.722,5.7220001220703125
42,48.340584,6.340583801269531
42,48.097588,6.097587585449219
42,48.962795,6.962795257568359
42,48.183144,6.183143615722656
42,49.023342,7.023342132568359
42,48.005825,6.005825042724609
42,48.87485,6.874851226806641
42,47.635197,5.635196685791016
42,48.495037,6.495037078857422
42,47.57077,5.570770263671875
42,48.347733,6.3477325439453125
42,48.8902,6.890201568603516
42,50.299545,8.299545288085938
42,50.394257,8.394256591796875
42,50.976357,8.976356506347656
42,50.60844,8.608440399169922
42,51.49155,9.49155044555664
42,51.413216,9.413215637207031
42,52.548508,10.548507690429688
42,53.28683,11.28683090209961
42,54.64593,12.645931243896484
42,55.180058,13.180057525634766
42,56.168655,14.168655395507812
42,56.613907,14.613906860351562
42,57.054527,15.054527282714844
42,58.105568,16.105567932128906
42,58.658722,16.658721923828125
42,58.763386,16.763385772705078
42,59.05212,17.052120208740234
42,58.64514,16.6451416015625
42,57.611176,15.611175537109375
42,56.55968,14.559680938720703
42,55.786858,13.786857604980469
42,55.54781,13.547809600830078
42,56.924416,14.924415588378906
42,57.958416,15.958415985107422
42,58.803474,16.80347442626953
42,59.44067,17.440670013427734
42,59.27533,17.27532958984375
42,59.481453,17.48145294189453
42,58.998024,16.998023986816406
42,59.490036,17.490036010742188
42,59.576866,17.576866149902344
42,59.940796,17.9407958984375
42,60.597816,18.597816467285156
42,61.957355,19.957355499267578
42,62.150475,20.150474548339844
42,62.502567,20.502567291259766
42,62.145073,20.14507293701172
42,62.26271,20.262710571289062
42,62.140194,20.140193939208984
42,62.39942,20.39942169189453
42,62.49733,20.497329711914062
42,62.722824,20.722824096679688
42,62.845997,20.845996856689453
42,63.180595,21.18059539794922
42,63.3427,21.342700958251953
42,63.420807,21.420806884765625
42,63.463398,21.463397979736328
42,63.393173,21.393173217773438
42,63.366737,21.366737365722656
42,63.353325,21.35332489013672
42,63.133915,21.133914947509766
42,62.98694,20.9869384765625
42,62.072838,20.072837829589844
42,61.528393,19.528392791748047
42,60.989845,18.989845275878906
41,59.379967,18.379966735839844
41,58.025406,17.025405883789062
41,58.4845,17.484500885009766
41,60.059734,19.059734344482422
41,59.894516,18.894515991210938
41,61.05538,20.055381774902344
41,60.699104,19.69910430908203
41,61.507103,20.507102966308594
41,61.122444,20.12244415283203
41,61.882744,20.88274383544922
41,61.499954,20.499954223632812
41,62.191364,21.191364288330078
41,61.62312,20.623119354248047
41,62.254753,21.25475311279297
41,61.689262,20.68926239013672
41,62.267883,21.26788330078125
41,61.70013,20.700130462646484
41,62.249203,21.249202728271484
41,61.64506,20.645061492919922
41,62.15167,21.151668548583984
41,61.566566,20.566566467285156
41,61.96719,20.96718978881836
41,61.246113,20.246112823486328
41,61.69445,20.69445037841797
41,60.878006,19.878005981445312
41,61.39041,20.390411376953125
41,60.545372,19.545372009277344
41,60.2249,19.224899291992188
41,59.31581,18.315811157226562
41,59.477448,18.477447509765625
41,58.052204,17.052204132080078
41,57.782944,16.782943725585938
41,57.454746,16.45474624633789
41,57.298298,16.298297882080078
41,57.140182,16.140182495117188
41,57.194298,16.194297790527344
41,57.001236,16.001235961914062
41,56.889606,15.889606475830078
41,56.66632,15.66632080078125
41,56.49301,15.493011474609375
41,56.38491,15.384910583496094
41,56.032455,15.032455444335938
41,55.908924,14.908924102783203
41,55.473347,14.473346710205078
41,55.668182,14.668182373046875
41,56.00489,15.004890441894531
41,55.830963,14.830963134765625
41,56.09941,15.099411010742188
41,55.69388,14.693878173828125
41,56.05224,15.052238464355469
41,55.418793,14.418792724609375
41,55.80449,14.804489135742188
41,55.116627,14.116626739501953
41,55.50364,14.503639221191406
41,54.581696,13.581695556640625
41,55.10884,14.108840942382812
41,54.271706,13.271705627441406
41,54.87533,13.87533187866211
41,53.93383,12.933830261230469
41,54.682663,13.682662963867188
41,53.805176,12.80517578125
41,54.794716,13.794715881347656
41,53.864616,12.864616394042969
41,54.692078,13.69207763671875
41,53.602486,12.602485656738281
41,54.553818,13.553817749023438
41,53.682426,12.682426452636719
41,54.61831,13.618309020996094
41,54.159622,13.159622192382812
41,54.80354,13.803539276123047
41,54.68038,13.680381774902344
41,55.70406,14.704059600830078
41,55.8993,14.899299621582031
41,56.507984,15.507984161376953
41,56.41216,15.412158966064453
41,56.828625,15.828624725341797
41,56.85645,15.856449127197266
41,57.090332,16.09033203125
41,56.85008,15.850078582763672
41,56.865963,15.865962982177734
41,56.615562,15.615562438964844
41,56.538837,15.538837432861328
41,56.12142,15.121421813964844
41,56.434246,15.434246063232422
41,56.3597,15.359699249267578
41,56.503887,15.503887176513672
41,56.325172,15.325172424316406
41,56.41498,15.414981842041016
41,56.47538,15.475379943847656
41,56.55785,15.557849884033203
41,56.70002,15.700019836425781
41,56.843555,15.843555450439453
41,57.087532,16.08753204345703
41,57.06993,16.069931030273438
41,57.248024,16.248023986816406
41,57.075188,16.07518768310547
41,57.165348,16.165348052978516
41,56.476143,15.476142883300781
41,56.537422,15.537422180175781
41,56.423923,15.42392349243164
41,56.826023,15.82602310180664
41,56.594254,15.594253540039062
41,56.961567,15.961566925048828
41,56.605457,15.605457305908203
41,57.032967,16.03296661376953
41,57.10109,16.101089477539062
41,57.61525,16.615249633789062
41,57.648026,16.648025512695312
41,58.05111,17.051109313964844
41,57.814682,16.814682006835938
41,57.853073,16.853073120117188
41,57.761925,16.761924743652344
41,57.830956,16.830955505371094
41,57.85221,16.852210998535156
41,57.670033,16.670032501220703
41,57.802353,16.802352905273438
41,57.880543,16.880542755126953
41,56.02415,15.024150848388672
41,56.857727,15.85772705078125
41,57.03334,16.033340454101562
41,57.99804,16.99803924560547
41,58.04209,17.042091369628906
41,58.519806,17.519805908203125
41,58.42536,17.42536163330078
41,59.210762,18.21076202392578
41,59.18647,18.18647003173828
41,60.089596,19.089595794677734
41,59.862656,18.862655639648438
41,60.496655,19.496654510498047
41,60.351387,19.35138702392578
41,61.03907,20.03907012939453
41,60.725616,19.725616455078125
41,61.658775,20.658775329589844
41,61.21929,20.21929168701172
41,61.857113,20.857112884521484
41,61.47886,20.478858947753906
41,62.2187,21.218700408935547
41,61.87844,20.878440856933594
41,62.077766,21.07776641845703
41,61.55703,20.557029724121094
41,60.933907,19.93390655517578
41,60.062397,19.062397003173828
41,58.067955,17.067955017089844
41,58.783943,17.78394317626953
41,59.509304,18.50930404663086
41,61.043537,20.043537139892578
41,61.100914,20.100914001464844
41,61.28685,20.286849975585938
41,60.722813,19.72281265258789
41,60.739532,19.739532470703125
41,60.51103,19.511028289794922
41,60.242794,19.242794036865234
41,59.89938,18.89937973022461
41,59.618572,18.618572235107422
41,59.23101,18.23101043701172
41,58.72383,17.723831176757812
41,58.602856,17.602855682373047
41,58.624084,17.62408447265625
41,58.85624,17.856239318847656
41,58.298885,17.298885345458984
41,58.52692,17.526920318603516
41,58.19906,17.199058532714844
41,58.301266,17.301265716552734
41,57.723717,16.723716735839844
41,57.418045,16.418045043945312
41,56.36927,15.369270324707031
41,56.42417,15.424171447753906
41,55.32289,14.322891235351562
41,56.46126,15.461261749267578
41,56.98397,15.983970642089844
41,57.8031,16.8031005859375
41,57.24714,16.24713897705078
41,58.11348,17.113479614257812
41,56.259544,15.259544372558594
40,56.867203,16.867202758789062
40,57.179306,17.179306030273438
40,57.95051,17.95050811767578
40,59.72539,19.725391387939453
40,58.03745,18.03744888305664
40,60.54532,20.545318603515625
40,59.14314,19.143138885498047
40,61.43953,21.439529418945312
40,60.154045,20.15404510498047
40,61.98537,21.985370635986328
40,60.897808,20.897808074951172
40,61.763687,21.763687133789062
40,60.582554,20.58255386352539
40,62.438206,22.43820571899414
40,60.52425,20.524250030517578
40,62.011784,22.011783599853516
40,60.52957,20.529571533203125
40,61.4248,21.424800872802734
40,60.75287,20.75286865234375
40,62.40909,22.409088134765625
40,61.205807,21.205806732177734
40,62.304325,22.304325103759766
40,61.419434,21.41943359375
40,62.094807,22.094806671142578
40,61.49214,21.492141723632812
40,62.00418,22.004180908203125
40,61.21502,21.21501922607422
40,61.683605,21.683605194091797
40,60.653397,20.653396606445312
40,61.10558,21.105579376220703
40,59.876198,19.876197814941406
40,60.087555,20.087554931640625
40,59.508087,19.508087158203125
40,59.584377,19.58437728881836
40,58.473892,18.473892211914062
40,58.450768,18.450767517089844
40,56.72683,16.726829528808594
40,57.22356,17.223560333251953
40,56.704285,16.70428466796875
40,56.8293,16.829299926757812
40,55.79129,15.791290283203125
40,55.263268,15.263267517089844
40,55.658257,15.658256530761719
40,55.716724,15.716724395751953
40,54.87488,14.874881744384766
40,54.769073,14.769073486328125
40,53.634583,13.63458251953125
40,53.345222,13.345222473144531
40,53.29821,13.298210144042969
40,52.861744,12.861743927001953
40,52.689945,12.689945220947266
40,52.20497,12.204971313476562
40,52.030834,12.030834197998047
40,51.616432,11.616432189941406
40,51.38499,11.384990692138672
40,51.049778,11.04977798461914
40,50.83177,10.831771850585938
40,50.499725,10.499725341796875
40,50.197594,10.197593688964844
40,50.05993,10.059928894042969
40,49.860596,9.860595703125
40,49.828873,9.828872680664062
40,49.70892,9.708919525146484
40,49.66626,9.666259765625
40,49.568245,9.568244934082031
40,49.47248,9.472480773925781
40,49.25961,9.25960922241211
40,49.343094,9.343093872070312
40,49.080265,9.080265045166016
40,49.1381,9.138099670410156
40,48.849815,8.849815368652344
40,48.869617,8.869617462158203
40,48.741753,8.741752624511719
40,48.87332,8.873321533203125
40,48.75165,8.751651763916016
40,49.129333,9.12933349609375
40,49.066833,9.06683349609375
40,49.591614,9.59161376953125
40,49.453842,9.453842163085938
40,49.69525,9.69525146484375
40,49.512455,9.512454986572266
40,49.70334,9.703338623046875
40,49.589714,9.589714050292969
40,49.57144,9.571441650390625
40,49.52052,9.520519256591797
40,49.387913,9.38791275024414
40,49.35869,9.358688354492188
40,49.142838,9.142837524414062
40,48.992916,8.992916107177734
40,48.739162,8.73916244506836
40,48.595387,8.595386505126953
40,48.304535,8.304534912109375
40,48.20318,8.203178405761719
40,47.967617,7.967617034912109
40,47.916378,7.916378021240234
40,47.671764,7.671764373779297
40,48.457344,8.457344055175781
40,48.415936,8.415935516357422
40,49.571583,9.571582794189453
40,49.300377,9.300376892089844
40,49.214275,9.214275360107422
40,48.81862,8.818618774414062
40,48.839157,8.839157104492188
40,48.256485,8.256484985351562
40,48.375122,8.3751220703125
40,47.8463,7.8462982177734375
40,47.987335,7.987335205078125
40,47.94227,7.942268371582031
40,48.891586,8.891586303710938
40,48.77048,8.77048110961914
40,49.24087,9.24087142944336
40,48.723717,8.723716735839844
40,48.77298,8.772979736328125
40,48.409096,8.409095764160156
40,49.024097,9.024097442626953
40,49.06594,9.065940856933594
40,49.576042,9.576042175292969
40,49.582474,9.582473754882812
40,50.18872,10.188720703125
40,50.241806,10.241806030273438
40,50.57578,10.57577896118164
40,50.63315,10.633148193359375
40,51.012585,11.012584686279297
40,50.255074,10.255073547363281
40,49.9261,9.926101684570312
40,49.78073,9.780731201171875
40,48.145695,8.145694732666016
40,48.65719,8.657188415527344
40,48.77726,8.777259826660156
40,48.705833,8.705833435058594
40,49.295803,9.29580307006836
40,49.72528,9.72528076171875
40,49.82956,9.829559326171875
40,49.148766,9.148765563964844
40,50.167137,10.167137145996094
40,50.462524,10.4625244140625
40,49.36493,9.36492919921875
40,49.69084,9.690841674804688
40,47.40936,7.409358978271484
40,49.418373,9.418373107910156
40,49.61669,9.616691589355469
40,50.67562,10.675621032714844
40,50.66326,10.663261413574219
40,50.831833,10.831832885742188
40,51.715645,11.715644836425781
40,52.100464,12.1004638671875
40,52.391502,12.391502380371094
40,51.24694,11.246940612792969
40,51.27256,11.272560119628906
40,50.79632,10.796321868896484
40,50.64693,10.646930694580078
40,51.512856,11.512855529785156
40,51.88594,11.885940551757812
40,50.92572,10.92572021484375
40,51.29901,11.29901123046875
40,50.080437,10.080436706542969
40,49.532146,9.532146453857422
40,49.561035,9.56103515625
40,47.772644,7.77264404296875
40,47.434162,7.434162139892578
40,47.024837,7.024837493896484
40,47.98125,7.981250762939453
40,48.77129,8.771289825439453
40,50.680244,10.680244445800781
40,53.62143,13.621429443359375
40,55.3513,15.351299285888672
40,56.75763,16.75762939453125
40,56.557198,16.55719757080078
40,56.498146,16.498146057128906
40,56.10185,16.101848602294922
40,54.578808,14.578807830810547
40,53.60289,13.602890014648438
40,52.48422,12.48421859741211
40,51.667057,11.667057037353516
40,51.547253,11.547252655029297
40,51.506435,11.50643539428711
40,53.01005,13.010051727294922
40,52.138763,12.138763427734375
40,52.989918,12.989917755126953
40,51.499424,11.49942398071289
40,52.28273,12.282730102539062
40,50.361954,10.361953735351562
40,52.24453,12.244529724121094
40,51.403744,11.403743743896484
40,52.92976,12.929759979248047
40,51.89214,11.892139434814453
40,53.095104,13.095104217529297
40,50.821983,10.821983337402344
40,52.45928,12.459278106689453
40,51.976276,11.976276397705078
40,53.98347,13.983470916748047
40,54.270058,14.270057678222656
40,55.439598,15.439598083496094
40,56.633934,16.633934020996094
40,57.26223,17.262229919433594
40,57.637497,17.637496948242188
40,58.724823,18.724822998046875
40,58.641598,18.641597747802734
40,59.712933,19.712932586669922
40,59.83707,19.83707046508789
40,60.484848,20.484848022460938
40,60.234016,20.23401641845703
40,60.589973,20.58997344970703
40,60.141495,20.141494750976562
40,60.62533,20.62533187866211
40,59.94173,19.941730499267578
40,60.72434,20.72433853149414
40,60.320675,20.320674896240234
40,60.347553,20.347553253173828
40,58.857918,18.85791778564453
40,58.894447,18.894447326660156
40,58.29295,18.292949676513672
40,57.96599,17.965988159179688
40,58.203682,18.20368194580078
40,57.728416,17.728416442871094
40,58.520943,18.52094268798828
40,58.113163,18.113162994384766
40,58.714043,18.71404266357422
40,58.05631,18.05630874633789
40,56.174587,16.17458724975586
40,56.989365,16.989364624023438
40,56.86914,16.869140625
39,56.868813,17.868812561035156
39,56.337944,17.33794403076172
39,57.0215,18.021499633789062
39,58.292267,19.292266845703125
39,56.514553,17.51455307006836
39,57.86486,18.86486053466797
39,55.854836,16.854835510253906
39,57.202377,18.202377319335938
39,54.969406,15.969406127929688
39,56.40736,17.407360076904297
39,53.579887,14.579887390136719
39,55.29826,16.298259735107422
39,53.09343,14.093429565429688
39,54.566048,15.566047668457031
39,52.19191,13.191909790039062
39,54.719856,15.719856262207031
39,52.57618,13.576179504394531
39,54.461662,15.461662292480469
39,52.611153,13.611152648925781
39,54.648174,15.648174285888672
39,52.1957,13.195701599121094
39,54.98156,15.981559753417969
39,52.302452,13.302452087402344
39,55.962914,16.962913513183594
39,55.03559,16.03559112548828
39,57.797363,18.79736328125
39,55.060787,16.060787200927734
39,55.826767,16.826766967773438
39,53.747944,14.747943878173828
39,54.922573,15.92257308959961
39,53.594334,14.59433364868164
39,53.24655,14.246551513671875
39,53.222782,14.222782135009766
39,53.16305,14.16305160522461
39,53.771355,14.771354675292969
39,54.216515,15.216514587402344
39,55.54464,16.544639587402344
39,55.23072,16.23072052001953
39,56.17639,17.1763916015625
39,55.707027,16.707027435302734
39,56.305374,17.305374145507812
39,55.43972,16.439720153808594
39,55.701843,16.70184326171875
39,54.695076,15.695075988769531
39,54.90497,15.90496826171875
39,53.77415,14.774150848388672
39,53.949165,14.949165344238281
39,52.841064,13.841064453125
39,53.382904,14.382904052734375
39,52.37813,13.378131866455078
39,52.87351,13.87350845336914
39,52.08744,13.087440490722656
39,52.80226,13.802261352539062
39,52.364258,13.3642578125
39,52.938812,13.938812255859375
39,52.542633,13.542633056640625
39,53.09461,14.094608306884766
39,52.61299,13.612991333007812
39,52.773357,13.773357391357422
39,52.24906,13.249061584472656
39,51.922333,12.922332763671875
39,51.676853,12.67685317993164
39,52.7761,13.776100158691406
39,52.6308,13.63079833984375
39,52.64793,13.647930145263672
39,52.104412,13.104412078857422
39,52.227245,13.227245330810547
39,52.020763,13.020763397216797
39,52.32721,13.32720947265625
39,52.13514,13.135139465332031
39,52.74138,13.741378784179688
39,52.69898,13.698978424072266
39,53.18141,14.181411743164062
39,53.144035,14.144035339355469
39,53.544815,14.544815063476562
39,53.280838,14.280838012695312
39,53.68904,14.689041137695312
39,53.160213,14.160213470458984
39,53.58815,14.588150024414062
39,53.04211,14.042110443115234
39,53.453564,14.453563690185547
39,52.851128,13.851127624511719
39,53.030632,14.030632019042969
39,52.56565,13.565650939941406
39,52.69932,13.699321746826172
39,52.68364,13.683639526367188
39,52.814407,13.814407348632812
39,52.82963,13.829631805419922
39,52.544907,13.544906616210938
39,52.85149,13.851490020751953
39,52.692604,13.692604064941406
39,53.193874,14.19387435913086
39,53.046974,14.046974182128906
39,53.155014,14.155014038085938
39,52.87281,13.872810363769531
39,52.822216,13.822216033935547
39,52.324352,13.324352264404297
39,52.138535,13.138534545898438
39,51.816025,12.816024780273438
39,51.55094,12.550941467285156
39,51.27574,12.275741577148438
39,51.58873,12.588729858398438
39,51.83445,12.834449768066406
39,52.463608,13.463607788085938
39,52.396664,13.396663665771484
39,53.02639,14.026390075683594
39,52.70674,13.706741333007812
39,53.341896,14.341896057128906
39,53.03565,14.035648345947266
39,53.873077,14.873077392578125
39,53.93492,14.934921264648438
39,54.91989,15.919891357421875
39,54.76339,15.763389587402344
39,55.46459,16.464588165283203
39,54.79012,15.790119171142578
39,55.306366,16.306365966796875
39,54.72737,15.727371215820312
39,55.29981,16.299808502197266
39,54.928955,15.928955078125
39,55.70893,16.70893096923828
39,55.567238,16.567237854003906
39,56.36315,17.36315155029297
39,56.26043,17.26042938232422
39,57.02664,18.026641845703125
39,56.886818,17.886817932128906
39,57.45515,18.455150604248047
39,57.198174,18.19817352294922
39,57.500744,18.500743865966797
39,57.039402,18.03940200805664
39,57.2832,18.283199310302734
39,56.93116,17.93115997314453
39,57.157352,18.157352447509766
39,55.806007,16.806007385253906
39,56.93017,17.93016815185547
39,56.361523,17.361522674560547
39,56.845253,17.845252990722656
39,56.078186,17.07818603515625
39,56.86852,17.868518829345703
39,56.209007,17.209007263183594
39,57.105415,18.10541534423828
39,56.97722,17.977218627929688
39,58.252834,19.25283432006836
39,57.703896,18.703895568847656
39,59.048805,20.048805236816406
39,58.456783,19.456783294677734
39,59.802933,20.802932739257812
39,59.14434,20.14434051513672
39,60.367752,21.367752075195312
39,59.676006,20.676006317138672
39,60.661602,21.661602020263672
39,60.008163,21.008163452148438
39,60.795155,21.795154571533203
39,60.131523,21.13152313232422
39,60.62674,21.626739501953125
39,59.834442,20.834442138671875
39,60.059975,21.059974670410156
39,59.07186,20.071861267089844
39,58.807617,19.8076171875
39,57.69314,18.693138122558594
39,58.840508,19.84050750732422
39,58.767162,19.767162322998047
39,58.567978,19.567977905273438
39,58.374207,19.37420654296875
39,58.018044,19.018043518066406
39,58.83911,19.839111328125
39,59.62621,20.626209259033203
38,59.796432,21.796432495117188
38,59.212936,21.212936401367188
38,59.39647,21.396469116210938
38,60.98323,22.983230590820312
38,58.78821,20.788211822509766
38,60.19462,22.194618225097656
38,58.3572,20.357200622558594
38,59.833088,21.833087921142578
38,58.22388,20.223880767822266
38,59.577538,21.577537536621094
38,58.037003,20.037002563476562
38,59.468037,21.468036651611328
38,57.8446,19.844600677490234
38,59.171726,21.17172622680664
38,57.353645,19.35364532470703
38,58.82523,20.82522964477539
38,56.64848,18.648479461669922
38,58.374275,20.37427520751953
38,55.653183,17.653182983398438
38,57.739662,19.739662170410156
38,54.31704,16.317039489746094
38,57.0527,19.05270004272461
38,53.806625,15.806625366210938
38,56.789085,18.789085388183594
38,54.013554,16.013553619384766
38,55.550117,17.55011749267578
38,52.265278,14.265277862548828
38,52.29384,14.293838500976562
38,49.629025,11.629024505615234
38,51.642513,13.642513275146484
38,49.11396,11.113960266113281
38,48.851917,10.851917266845703
38,48.339046,10.339046478271484
38,48.1201,10.120098114013672
38,47.58995,9.589950561523438
38,47.38714,9.387138366699219
38,46.967888,8.967887878417969
38,46.95022,8.950218200683594
38,46.61423,8.61423110961914
38,46.503036,8.503036499023438
38,46.219856,8.219856262207031
38,46.090702,8.090702056884766
38,45.887707,7.887706756591797
38,45.70913,7.709129333496094
38,45.640762,7.6407623291015625
38,45.33512,7.335121154785156
38,45.299843,7.299842834472656
38,45.176857,7.176856994628906
38,45.27377,7.273769378662109
38,45.098633,7.0986328125
38,45.111725,7.111724853515625
38,45.054436,7.054435729980469
38,45.045902,7.045902252197266
38,44.950302,6.9503021240234375
38,44.82032,6.820320129394531
38,44.627068,6.627067565917969
38,44.54593,6.545928955078125
38,44.552994,6.5529937744140625
38,44.544468,6.544467926025391
38,44.512627,6.512626647949219
38,44.382328,6.382328033447266
38,44.29248,6.29248046875
38,44.214783,6.21478271484375
38,44.20819,6.20819091796875
38,44.00628,6.006278991699219
38,43.95795,5.957950592041016
38,43.659096,5.659095764160156
38,43.596966,5.596965789794922
38,43.307022,5.3070220947265625
38,43.28718,5.287181854248047
38,43.047432,5.047431945800781
38,43.028946,5.0289459228515625
38,42.779453,4.779453277587891
38,42.768288,4.768287658691406
38,42.543938,4.543937683105469
38,42.461216,4.461215972900391
38,42.299824,4.299823760986328
38,42.427753,4.427753448486328
38,42.516747,4.516746520996094
38,42.82525,4.825248718261719
38,43.242188,5.2421875
38,43.890625,5.890625
38,44.023113,6.023113250732422
38,44.137123,6.137123107910156
38,44.23168,6.231681823730469
38,44.39998,6.3999786376953125
38,44.32394,6.323940277099609
38,44.47187,6.471870422363281
38,44.57589,6.575889587402344
38,44.717453,6.7174530029296875
38,44.90835,6.908351898193359
38,44.992237,6.992237091064453
38,45.172623,7.1726226806640625
38,45.179497,7.179496765136719
38,45.464752,7.464752197265625
38,45.67189,7.6718902587890625
38,45.986626,7.986625671386719
38,45.946724,7.946723937988281
38,46.023018,8.023017883300781
38,46.01468,8.014678955078125
38,46.176914,8.17691421508789
38,46.24871,8.248710632324219
38,46.351192,8.351192474365234
38,46.301468,8.301467895507812
38,46.709145,8.709144592285156
38,46.798836,8.798835754394531
38,46.70194,8.70193862915039
38,47.014412,9.014411926269531
38,47.214264,9.214263916015625
38,46.983288,8.983287811279297
38,46.983894,8.983894348144531
38,47.458168,9.458168029785156
38,48.345554,10.34555435180664
38,48.912716,10.912715911865234
38,50.060856,12.060855865478516
38,50.632965,12.632965087890625
38,50.84138,12.841381072998047
38,50.836815,12.836814880371094
38,49.73504,11.735038757324219
38,49.99629,11.996288299560547
38,49.585472,11.585472106933594
38,49.846252,11.84625244140625
38,49.41458,11.414581298828125
38,49.975494,11.975494384765625
38,49.57067,11.570671081542969
38,50.287426,12.287425994873047
38,50.53817,12.538169860839844
38,51.644497,13.64449691772461
38,51.14503,13.145030975341797
38,51.86187,13.861869812011719
38,51.430008,13.430007934570312
38,52.37378,14.373779296875
38,51.71714,13.717140197753906
38,53.12542,15.125419616699219
38,53.086285,15.086284637451172
38,54.07551,16.07550811767578
38,53.637127,15.637126922607422
38,54.671646,16.671646118164062
38,53.796432,15.796432495117188
38,53.925217,15.925216674804688
38,51.869026,13.869026184082031
38,51.325146,13.325145721435547
38,49.077015,11.077014923095703
38,49.169067,11.1690673828125
38,48.921104,10.921104431152344
38,50.04978,12.049781799316406
38,50.84153,12.841529846191406
38,51.198814,13.198814392089844
38,50.313137,12.31313705444336
38,50.68039,12.680389404296875
38,50.830986,12.830986022949219
38,51.31665,13.316650390625
38,51.568913,13.568912506103516
38,51.68263,13.682628631591797
38,51.87722,13.877220153808594
38,51.22654,13.226539611816406
38,50.565582,12.565582275390625
38,51.238373,13.238372802734375
38,51.24814,13.248138427734375
38,52.215908,14.21590805053711
38,51.957893,13.957893371582031
38,53.34792,15.347919464111328
38,52.878006,14.878005981445312
38,54.148186,16.14818572998047
38,53.51004,15.510040283203125
38,53.889294,15.889293670654297
38,53.276184,15.27618408203125
38,52.78557,14.785568237304688
38,52.526054,14.526054382324219
38,51.505974,13.505973815917969
38,52.17803,14.178028106689453
38,51.929276,13.929275512695312
38,51.501026,13.501026153564453
38,50.13622,12.136219024658203
38,49.966125,11.96612548828125
38,48.216732,10.216732025146484
38,48.44253,10.44253158569336
38,46.298637,8.298637390136719
38,45.572197,7.572196960449219
38,44.12864,6.128639221191406
38,43.732307,5.732307434082031
38,43.951775,5.951774597167969
38,43.981197,5.981197357177734
38,43.344463,5.344463348388672
38,44.218727,6.218727111816406
38,45.355873,7.355873107910156
38,45.331078,7.331077575683594
38,45.05843,7.058429718017578
38,45.50401,7.504009246826172
38,46.497482,8.497482299804688
38,46.652023,8.652023315429688
38,47.205826,9.205825805664062
38,47.048023,9.048023223876953
38,47.004803,9.004802703857422
38,47.304665,9.304664611816406
38,48.04988,10.049880981445312
38,49.33252,11.33251953125
38,49.510864,11.5108642578125
38,51.50831,13.508308410644531
38,51.74156,13.741561889648438
38,54.419838,16.419837951660156
38,53.81076,15.810760498046875
38,56.348232,18.34823226928711
38,55.749302,17.74930191040039
38,57.045204,19.045204162597656
38,55.89187,17.891868591308594
38,56.666965,18.66696548461914
38,55.523987,17.52398681640625
38,54.385063,16.38506317138672
38,54.368095,16.36809539794922
38,56.697666,18.69766616821289
38,56.022778,18.022777557373047
38,56.28723,18.2872314453125
38,56.587257,18.587257385253906
38,57.400604,19.400604248046875
38,57.787674,19.787673950195312
38,59.03009,21.03009033203125
37,58.095062,21.095062255859375
37,58.57115,21.571151733398438
37,58.514603,21.514602661132812
37,60.726017,23.726016998291016
37,58.448616,21.44861602783203
37,60.5438,23.543800354003906
37,58.22361,21.223609924316406
37,60.059822,23.05982208251953
37,57.62426,20.62425994873047
37,59.69242,22.692420959472656
37,57.614693,20.61469268798828
37,59.710022,22.71002197265625
37,58.102333,21.102333068847656
37,59.78065,22.780651092529297
37,58.026844,21.026844024658203
37,59.464775,22.46477508544922
37,57.300713,20.30071258544922
37,58.777046,21.77704620361328
37,55.20768,18.207679748535156
37,57.05513,20.055130004882812
37,53.42188,16.421878814697266
37,55.27954,18.279541015625
37,55.11023,18.1102294921875
37,56.28256,19.28255844116211
37,54.572014,17.57201385498047
37,54.31768,17.31768035888672
37,52.119987,15.119987487792969
37,50.606384,13.60638427734375
37,48.050457,11.050457000732422
37,48.627625,11.62762451171875
37,46.46138,9.461380004882812
37,45.929512,8.929512023925781
37,45.1414,8.141399383544922
37,44.81846,7.818458557128906
37,44.431774,7.431774139404297
37,44.61347,7.613468170166016
37,45.23629,8.236289978027344
37,45.004726,8.00472640991211
37,44.90867,7.908668518066406
37,44.631107,7.631107330322266
37,44.257137,7.257137298583984
37,43.98786,6.987861633300781
37,43.663456,6.663455963134766
37,43.368904,6.368904113769531
37,42.96432,5.964321136474609
37,42.67954,5.679538726806641
37,42.524063,5.5240631103515625
37,42.215317,5.2153167724609375
37,41.871086,4.871086120605469
37,41.442055,4.442054748535156
37,41.7675,4.7675018310546875
37,41.43017,4.430168151855469
37,41.29026,4.290260314941406
37,40.68354,3.6835403442382812
37,40.58701,3.5870094299316406
37,39.955505,2.95550537109375
37,40.07856,3.0785598754882812
37,39.716377,2.7163772583007812
37,39.714035,2.7140350341796875
37,39.28894,2.2889404296875
37,39.43628,2.436279296875
37,40.116203,3.1162033081054688
37,41.95041,4.950408935546875
37,41.997604,4.9976043701171875
37,43.079185,6.079185485839844
37,42.6883,5.688301086425781
37,43.866604,6.866603851318359
37,43.30912,6.309120178222656
37,44.354763,7.354763031005859
37,43.12356,6.123561859130859
37,43.81576,6.815761566162109
37,42.300537,5.300537109375
37,43.090748,6.090747833251953
37,41.852554,4.8525543212890625
37,42.133022,5.133022308349609
37,40.941154,3.9411544799804688
37,41.091652,4.091651916503906
37,39.98329,2.9832916259765625
37,39.88048,2.880481719970703
37,40.104095,3.104095458984375
37,40.030167,3.0301666259765625
37,40.82277,3.8227691650390625
37,41.566044,4.566043853759766
37,41.16147,4.161468505859375
37,41.596027,4.596027374267578
37,41.234634,4.2346343994140625
37,42.0486,5.0485992431640625
37,41.660244,4.660243988037109
37,42.082115,5.082115173339844
37,41.397514,4.397514343261719
37,41.011147,4.011146545410156
37,40.3857,3.385700225830078
37,40.527016,3.5270156860351562
37,40.991238,3.9912376403808594
37,40.983257,3.983257293701172
37,41.43142,4.431419372558594
37,41.255714,4.255714416503906
37,41.337975,4.337974548339844
37,41.41099,4.410991668701172
37,41.81083,4.810829162597656
37,42.178024,5.1780242919921875
37,42.63082,5.630821228027344
37,42.90028,5.900279998779297
37,43.074318,6.074317932128906
37,43.603813,6.603813171386719
37,43.3956,6.395599365234375
37,44.164726,7.164726257324219
37,44.956326,7.956325531005859
37,45.49888,8.498878479003906
37,45.300846,8.300846099853516
37,44.727318,7.727317810058594
37,44.368164,7.3681640625
37,43.67685,6.676849365234375
37,44.024475,7.02447509765625
37,44.180977,7.180976867675781
37,45.53147,8.531471252441406
37,45.855362,8.855361938476562
37,46.87787,9.87786865234375
37,46.656876,9.656875610351562
37,47.0545,10.054500579833984
37,46.819164,9.819164276123047
37,47.297108,10.297107696533203
37,47.156727,10.156726837158203
37,48.06584,11.065841674804688
37,47.70573,10.705730438232422
37,48.655838,11.655838012695312
37,48.014008,11.014007568359375
37,49.034706,12.034706115722656
37,48.407837,11.4078369140625
37,49.75264,12.752639770507812
37,49.06992,12.06991958618164
37,50.27739,13.277389526367188
37,49.54631,12.546310424804688
37,51.020657,14.02065658569336
37,50.272217,13.272216796875
37,51.73255,14.732551574707031
37,51.183292,14.183292388916016
37,51.848366,14.848365783691406
37,52.19852,15.19852066040039
37,52.311188,15.311187744140625
37,51.889187,14.88918685913086
37,52.987854,15.98785400390625
37,51.6565,14.656501770019531
37,52.821762,15.821762084960938
37,51.60534,14.605339050292969
37,52.268475,15.268474578857422
37,51.22175,14.221748352050781
37,52.413155,15.413154602050781
37,50.577415,13.577415466308594
37,51.58717,14.587169647216797
37,49.232655,12.232654571533203
37,50.123943,13.123943328857422
37,48.56613,11.566131591796875
37,49.90908,12.909080505371094
37,48.87287,11.872871398925781
37,50.630997,13.630996704101562
37,48.304096,11.304096221923828
36,50.280792,14.280792236328125
36,46.547447,10.547447204589844
36,49.657837,13.6578369140625
36,50.673557,14.67355728149414
36,51.300632,15.30063247680664
36,52.74751,16.747509002685547
36,52.37188,16.37187957763672
36,54.157097,18.15709686279297
36,53.54518,17.545181274414062
36,55.800446,19.800445556640625
36,54.17307,18.17306900024414
36,57.033417,21.033416748046875
36,56.19492,20.19491958618164
36,58.520992,22.520992279052734
36,56.784126,20.78412628173828
36,58.183605,22.183605194091797
36,56.762875,20.762874603271484
36,57.805347,21.805347442626953
36,55.765392,19.765392303466797
36,57.0475,21.047500610351562
36,55.292873,19.29287338256836
36,56.344845,20.344844818115234
36,54.760162,18.760162353515625
36,56.136814,20.13681411743164
36,54.923965,18.923965454101562
36,55.80105,19.801048278808594
36,53.91156,17.91156005859375
36,54.448284,18.448284149169922
36,52.14343,16.143428802490234
36,53.834698,17.834697723388672
36,51.853874,15.853874206542969
36,51.178474,15.178474426269531
36,50.545357,14.545356750488281
36,49.90053,13.900531768798828
36,49.545475,13.545475006103516
36,49.1708,13.170799255371094
36,49.030895,13.030895233154297
36,48.526993,12.526992797851562
36,48.419113,12.419113159179688
36,47.882095,11.882095336914062
36,47.69262,11.692619323730469
36,47.13639,11.136390686035156
36,46.838356,10.838356018066406
36,46.47464,10.474639892578125
36,46.105957,10.10595703125
36,45.68901,9.689010620117188
36,45.246292,9.246292114257812
36,44.852196,8.852195739746094
36,44.620743,8.620742797851562
36,44.347008,8.347007751464844
36,44.03915,8.03915023803711
36,43.7098,7.709800720214844
36,43.505733,7.505733489990234
36,43.07276,7.072761535644531
36,42.930405,6.9304046630859375
36,42.68905,6.689048767089844
36,42.669407,6.669406890869141
36,42.483734,6.483734130859375
36,42.46749,6.467491149902344
36,42.148994,6.148994445800781
36,42.233345,6.233345031738281
36,41.9536,5.953601837158203
36,42.878475,6.878475189208984
36,42.124367,6.124366760253906
36,42.583786,6.5837860107421875
36,41.977123,5.977123260498047
36,42.077866,6.0778656005859375
36,41.768505,5.768505096435547
36,41.759026,5.759025573730469
36,41.561234,5.5612335205078125
36,41.604362,5.604362487792969
36,41.487762,5.487762451171875
36,41.6157,5.615699768066406
36,41.199738,5.199737548828125
36,41.415707,5.415706634521484
36,41.081432,5.081432342529297
36,41.299385,5.299385070800781
36,40.85302,4.853019714355469
36,41.128548,5.128547668457031
36,40.912117,4.912117004394531
36,41.113625,5.113624572753906
36,41.152042,5.152042388916016
36,41.257175,5.257175445556641
36,41.31984,5.3198394775390625
36,41.224396,5.224395751953125
36,41.294796,5.294795989990234
36,40.90641,4.906410217285156
36,41.000847,5.000846862792969
36,41.158394,5.158393859863281
36,41.8518,5.851799011230469
36,41.508263,5.508262634277344
36,41.63066,5.6306610107421875
36,41.25799,5.257991790771484
36,41.30364,5.303638458251953
36,41.220596,5.2205963134765625
36,41.34275,5.342750549316406
36,41.177174,5.177173614501953
36,41.132896,5.132896423339844
36,41.16291,5.162910461425781
36,41.611504,5.611503601074219
36,41.6425,5.6425018310546875
36,42.205193,6.205192565917969
36,42.23526,6.235260009765625
36,42.509014,6.509014129638672
36,42.073967,6.073966979980469
36,42.214905,6.21490478515625
36,41.84691,5.8469085693359375
36,41.91709,5.917091369628906
36,41.623344,5.623344421386719
36,41.726597,5.726596832275391
36,41.531567,5.531566619873047
36,42.714287,6.714286804199219
36,43.35538,7.355381011962891
36,44.941525,8.941524505615234
36,45.280308,9.28030776977539
36,46.148586,10.14858627319336
36,46.533096,10.533096313476562
36,46.974285,10.974285125732422
36,46.899643,10.899642944335938
36,47.275665,11.275665283203125
36,47.44655,11.446548461914062
36,48.344925,12.344924926757812
36,48.330376,12.330375671386719
36,49.27468,13.274681091308594
36,48.97861,12.97861099243164
36,49.865013,13.865013122558594
36,49.353905,13.353904724121094
36,49.980644,13.980644226074219
36,49.737488,13.73748779296875
36,50.54504,14.545040130615234
36,49.998947,13.998947143554688
36,51.01754,15.017539978027344
36,49.89749,13.897491455078125
36,51.248566,15.248565673828125
36,50.938274,14.938274383544922
36,52.324867,16.324867248535156
36,51.4089,15.40890121459961
36,52.196846,16.19684600830078
36,49.823257,13.823257446289062
36,51.49151,15.491508483886719
36,51.143597,15.143596649169922
36,51.710197,15.710197448730469
36,51.717316,15.717315673828125
36,51.60974,15.6097412109375
36,51.106354,15.106353759765625
36,51.18827,15.188270568847656
36,50.85894,14.858940124511719
36,51.20349,15.2034912109375
36,50.360394,14.360393524169922
36,49.775112,13.77511215209961
36,49.04715,13.047149658203125
36,48.36329,12.363288879394531
36,47.589058,11.589057922363281
36,46.928658,10.928657531738281
36,46.070362,10.070362091064453
36,45.65928,9.659278869628906
36,44.705055,8.705055236816406
36,44.383263,8.383262634277344
36,43.896473,7.896472930908203
36,43.160767,7.1607666015625
36,43.472294,7.472293853759766
36,42.268745,6.268745422363281
36,43.23623,7.236228942871094
36,42.199493,6.199493408203125
36,43.95598,7.9559783935546875
36,43.98644,7.986438751220703
36,44.15166,8.151660919189453
36,42.323246,6.323246002197266
36,41.680435,5.6804351806640625
36,41.237007,5.237007141113281
36,41.001846,5.0018463134765625
36,40.930046,4.930046081542969
36,40.56645,4.566448211669922
36,40.572304,4.572303771972656
36,40.31845,4.318450927734375
36,40.446205,4.446205139160156
36,39.720627,3.7206268310546875
36,39.8805,3.8805007934570312
36,40.102886,4.102886199951172
36,39.800926,3.8009262084960938
36,39.97599,3.9759902954101562
36,39.71341,3.713409423828125
36,40.040333,4.040332794189453
36,39.680405,3.6804046630859375
36,40.192276,4.1922760009765625
36,40.289825,4.289825439453125
36,40.95008,4.950080871582031
36,40.635548,4.635547637939453
36,41.003014,5.003013610839844
36,41.13089,5.130889892578125
36,41.212704,5.212703704833984
36,41.482105,5.482105255126953
36,41.68286,5.682861328125
36,41.78975,5.7897491455078125
36,41.38098,5.3809814453125
36,41.202656,5.202655792236328
36,40.85379,4.853790283203125
36,40.66536,4.6653594970703125
36,40.448593,4.4485931396484375
36,40.471996,4.471996307373047
36,40.73606,4.736061096191406
36,41.304882,5.304882049560547
36,41.98267,5.982669830322266
36,43.663643,7.663642883300781
36,44.079575,8.079574584960938
36,44.59134,8.591339111328125
36,44.600075,8.600074768066406
36,45.31822,9.318218231201172
36,44.94233,8.942329406738281
36,45.55807,9.55807113647461
36,45.21734,9.217338562011719
36,45.54766,9.547660827636719
36,45.832256,9.832256317138672
36,46.30579,10.305789947509766
36,46.48926,10.489261627197266
36,46.518993,10.518993377685547
36,46.227512,10.22751235961914
36,47.376366,11.376365661621094
36,46.78559,10.785591125488281
36,48.01959,12.019588470458984
36,47.47061,11.470611572265625
36,48.70833,12.708328247070312
36,48.19043,12.1904296875
36,49.395107,13.39510726928711
36,47.56055,11.560550689697266
36,48.789104,12.789104461669922
36,48.9662,12.966201782226562
36,51.09008,15.090080261230469
36,52.17018,16.170181274414062
36,52.98456,16.98455810546875
36,53.00158,17.00157928466797
36,53.813465,17.813465118408203
36,54.121613,18.121612548828125
36,55.137665,19.137664794921875
35,55.90211,20.902111053466797
35,56.4953,21.49530029296875
35,57.789963,22.789962768554688
35,59.902534,24.90253448486328
35,58.467316,23.467315673828125
35,60.476707,25.476707458496094
35,58.924545,23.924545288085938
35,61.213467,26.21346664428711
35,59.23696,24.236961364746094
35,60.523727,25.523727416992188
35,58.738377,23.73837661743164
35,59.87922,24.87921905517578
35,57.88813,22.88813018798828
35,58.704346,23.704345703125
35,55.90342,20.903419494628906
35,56.363,21.362998962402344
35,53.672577,18.672576904296875
35,55.305634,20.305633544921875
35,54.014526,19.0145263671875
35,55.815823,20.81582260131836
35,54.407223,19.407222747802734
35,55.501057,20.501056671142578
35,54.050755,19.05075454711914
35,54.71959,19.719589233398438
35,53.285557,18.28555679321289
35,53.042137,18.042137145996094
35,51.08911,16.089111328125
35,49.90466,14.904659271240234
35,47.709686,12.709686279296875
35,48.309067,13.309066772460938
35,46.472557,11.472557067871094
35,46.190598,11.190597534179688
35,45.648884,10.648883819580078
35,44.96691,9.966911315917969
35,44.628872,9.62887191772461
35,44.010696,9.010696411132812
35,43.682785,8.682785034179688
35,43.228756,8.228755950927734
35,42.979866,7.979866027832031
35,42.574097,7.5740966796875
35,42.116623,7.1166229248046875
35,41.750305,6.75030517578125
35,41.346867,6.346866607666016
35,41.01603,6.016029357910156
35,40.58737,5.587371826171875
35,40.390305,5.3903045654296875
35,40.09159,5.091590881347656
35,39.988564,4.988563537597656
35,39.698658,4.698657989501953
35,39.55223,4.5522308349609375
35,39.39189,4.3918914794921875
35,39.25306,4.253059387207031
35,39.110886,4.1108856201171875
35,38.963726,3.963726043701172
35,38.918983,3.9189834594726562
35,38.72755,3.727550506591797
35,38.58721,3.5872116088867188
35,38.4246,3.4245986938476562
35,38.290543,3.2905426025390625
35,38.286808,3.2868080139160156
35,38.16958,3.1695785522460938
35,38.35388,3.3538818359375
35,38.295696,3.295696258544922
35,38.483513,3.4835128784179688
35,38.450275,3.450275421142578
35,38.570534,3.5705337524414062
35,38.498196,3.4981956481933594
35,38.564377,3.5643768310546875
35,38.63323,3.633228302001953
35,38.574745,3.5747451782226562
35,38.593464,3.593463897705078
35,38.44702,3.447021484375
35,38.447105,3.4471054077148438
35,38.30276,3.3027610778808594
35,38.308033,3.308032989501953
35,38.177258,3.177257537841797
35,38.198605,3.1986045837402344
35,38.15653,3.1565284729003906
35,38.253822,3.2538223266601562
35,38.05002,3.050018310546875
35,38.198715,3.1987152099609375
35,38.087524,3.0875244140625
35,38.338943,3.3389434814453125
35,38.091415,3.0914154052734375
35,38.209747,3.209747314453125
35,37.8801,2.8801002502441406
35,38.0036,3.00360107421875
35,37.74866,2.7486610412597656
35,37.913578,2.9135780334472656
35,37.794754,2.7947540283203125
35,38.01131,3.011310577392578
35,37.578476,2.5784759521484375
35,37.49343,2.4934310913085938
35,37.086887,2.0868873596191406
35,37.139366,2.1393661499023438
35,36.749565,1.7495651245117188
35,36.934467,1.9344673156738281
35,36.81247,1.812469482421875
35,36.994034,1.9940338134765625
35,36.824223,1.8242225646972656
35,36.94761,1.9476089477539062
35,36.833084,1.8330841064453125
35,37.070908,2.0709075927734375
35,37.06816,2.0681610107421875
35,37.540894,2.5408935546875
35,37.57029,2.5702896118164062
35,37.664062,2.6640625
35,37.825024,2.825023651123047
35,38.024803,3.0248031616210938
35,38.190926,3.1909255981445312
35,38.23869,3.238689422607422
35,38.311874,3.3118743896484375
35,38.371483,3.3714828491210938
35,38.4721,3.4720993041992188
35,38.59424,3.59423828125
35,38.66082,3.6608200073242188
35,38.714813,3.714813232421875
35,38.671974,3.6719741821289062
35,38.557243,3.5572433471679688
35,38.72945,3.729450225830078
35,38.859604,3.8596038818359375
35,39.14217,4.142169952392578
35,39.30403,4.3040313720703125
35,39.620506,4.620506286621094
35,39.64511,4.645111083984375
35,39.7356,4.735599517822266
35,39.67707,4.677070617675781
35,39.815845,4.815845489501953
35,39.800735,4.8007354736328125
35,39.942883,4.942882537841797
35,39.807045,4.807044982910156
35,39.857685,4.857685089111328
35,39.780838,4.7808380126953125
35,39.80836,4.808361053466797
35,39.79027,4.790271759033203
35,39.60587,4.605869293212891
35,39.438572,4.438571929931641
35,39.357666,4.357666015625
35,39.348507,4.348506927490234
35,39.41431,4.414310455322266
35,39.44503,4.445030212402344
35,39.470787,4.470787048339844
35,39.538876,4.538875579833984
35,39.54329,4.5432891845703125
35,39.61284,4.6128387451171875
35,39.568016,4.568016052246094
35,39.597443,4.597442626953125
35,39.548504,4.548503875732422
35,39.512543,4.512542724609375
35,39.431694,4.431694030761719
35,39.640793,4.6407928466796875
35,39.64107,4.641071319580078
35,39.849247,4.849246978759766
35,39.75194,4.751941680908203
35,39.68312,4.6831207275390625
35,39.513645,4.513645172119141
35,39.682507,4.682506561279297
35,39.56272,4.562721252441406
35,39.8368,4.836799621582031
35,39.874382,4.874382019042969
35,40.084957,5.084957122802734
35,40.114464,5.114463806152344
35,40.14499,5.144989013671875
35,40.18034,5.180339813232422
35,40.22026,5.2202606201171875
35,40.249783,5.249782562255859
35,40.315056,5.315055847167969
35,40.362415,5.362415313720703
35,40.37883,5.3788299560546875
35,40.241314,5.241313934326172
35,40.269,5.269001007080078
35,40.12864,5.128639221191406
35,40.20511,5.205108642578125
35,40.157207,5.157207489013672
35,40.548985,5.548984527587891
35,40.588146,5.588146209716797
35,40.82966,5.829658508300781
35,40.549484,5.5494842529296875
35,40.53969,5.5396881103515625
35,40.456253,5.4562530517578125
35,40.50636,5.506359100341797
35,40.356888,5.3568878173828125
35,40.433163,5.433162689208984
35,40.469765,5.469764709472656
35,40.39676,5.396759033203125
35,40.320724,5.3207244873046875
35,40.125668,5.125667572021484
35,39.98478,4.984779357910156
35,39.83905,4.83905029296875
35,39.63778,4.637779235839844
35,40.010685,5.010684967041016
35,40.027695,5.0276947021484375
35,40.64099,5.6409912109375
35,40.501595,5.501594543457031
35,40.88297,5.882968902587891
35,40.526917,5.52691650390625
35,40.569183,5.569183349609375
35,40.40262,5.402618408203125
35,40.517097,5.517097473144531
35,40.49343,5.493431091308594
35,40.58604,5.586040496826172
35,40.407654,5.40765380859375
35,40.17831,5.178310394287109
35,39.667896,4.667896270751953
35,39.600365,4.600364685058594
35,39.481693,4.481693267822266
35,39.65247,4.652469635009766
35,39.491875,4.491874694824219
35,39.624847,4.624847412109375
35,39.54518,4.5451812744140625
35,39.812767,4.812767028808594
35,39.551304,4.551303863525391
35,39.368713,4.36871337890625
35,39.24662,4.246620178222656
35,39.790955,4.79095458984375
35,39.94506,4.945060729980469
35,40.28233,5.282329559326172
35,40.253963,5.253963470458984
35,40.383865,5.3838653564453125
35,40.43931,5.439308166503906
35,40.075424,5.0754241943359375
35,39.949646,4.94964599609375
35,39.638546,4.638545989990234
35,39.54805,4.5480499267578125
35,39.47364,4.473640441894531
35,39.381447,4.381446838378906
35,39.33834,4.338340759277344
35,39.20657,4.206569671630859
35,39.205322,4.205322265625
35,39.19961,4.199611663818359
35,39.377518,4.3775177001953125
35,39.643257,4.643257141113281
35,39.595818,4.595817565917969
35,39.2794,4.279399871826172
35,39.153038,4.153038024902344
35,39.328564,4.328563690185547
35,39.276207,4.276206970214844
35,39.440964,4.4409637451171875
35,39.441757,4.4417572021484375
35,39.88211,4.882110595703125
35,40.092926,5.092926025390625
35,40.636097,5.636096954345703
35,40.389366,5.389366149902344
35,40.57838,5.578380584716797
35,40.333633,5.3336334228515625
35,40.391823,5.391822814941406
35,40.362694,5.362693786621094
35,40.414425,5.414424896240234
35,40.366127,5.366127014160156
35,40.42473,5.4247283935546875
35,40.454544,5.4545440673828125
35,40.57374,5.573738098144531
35,40.58168,5.5816802978515625
35,40.661537,5.661537170410156
35,40.626152,5.626152038574219
35,40.63047,5.630470275878906
35,40.576454,5.576454162597656
35,40.727676,5.7276763916015625
35,40.880768,5.880767822265625
35,41.195427,6.195426940917969
35,41.557236,6.5572357177734375
35,42.37635,7.376350402832031
35,42.32415,7.324150085449219
35,42.937393,7.9373931884765625
35,42.331482,7.33148193359375
35,43.08556,8.085559844970703
35,43.594128,8.594127655029297
35,45.07715,10.0771484375
35,44.648113,9.648113250732422
35,45.775513,10.7755126953125
35,45.158928,10.158927917480469
35,45.90606,10.906059265136719
35,45.138386,10.138385772705078
35,46.286926,11.28692626953125
35,45.630184,10.630184173583984
35,46.479298,11.479297637939453
35,45.39881,10.398811340332031
35,46.562202,11.562202453613281
35,46.071053,11.071052551269531
35,47.174076,12.174076080322266
35,46.400402,11.400402069091797
35,47.61225,12.612251281738281
35,46.79252,11.792518615722656
35,48.535004,13.535003662109375
35,47.55209,12.55208969116211
35,49.567745,14.567745208740234
35,48.168854,13.168853759765625
35,50.761417,15.761417388916016
35,50.398438,15.3984375
35,53.053177,18.053176879882812
35,52.779095,17.779094696044922
35,53.150146,18.150146484375
35,56.0414,21.041400909423828
35,54.8687,19.868698120117188
35,55.856667,20.856666564941406
35,53.419727,18.419727325439453
35,54.44122,19.441219329833984
35,52.323544,17.323543548583984
35,54.23535,19.2353515625
35,52.60135,17.601348876953125
35,55.207893,20.20789337158203
35,53.60587,18.60586929321289
35,56.329315,21.329315185546875
35,55.20234,20.20233917236328
35,58.27253,23.27252960205078
35,57.192337,22.192337036132812
35,59.515057,24.515056610107422
35,58.150974,23.15097427368164
35,59.907204,24.907203674316406
35,58.292023,23.292022705078125
35,59.95388,24.953880310058594
35,57.9802,22.980201721191406
35,59.45529,24.455291748046875
35,56.88745,21.887451171875
35,58.234245,23.23424530029297
35,55.213154,20.213153839111328
35,54.777676,19.77767562866211
35,50.38614,15.386138916015625
35,53.029144,18.029144287109375
35,50.46125,15.461250305175781
35,51.53917,16.539169311523438
35,50.396904,15.396903991699219
35,50.51065,15.510650634765625
35,51.152107,16.15210723876953
35,49.101723,14.101722717285156
35,50.944668,15.94466781616211
34,50.115875,16.115875244140625
34,51.271282,17.271282196044922
34,50.166492,16.166492462158203
34,54.49745,20.497451782226562
34,49.765594,15.765594482421875
34,54.481308,20.481307983398438
34,49.144726,15.144725799560547
34,54.09391,20.093910217285156
34,48.129364,14.129364013671875
34,53.678787,19.678787231445312
34,47.511604,13.511604309082031
34,53.645023,19.645023345947266
34,46.87188,12.871879577636719
34,52.925713,18.92571258544922
34,45.941376,11.941375732421875
34,51.59346,17.593460083007812
34,46.017258,12.017257690429688
34,50.471424,16.471424102783203
34,45.348015,11.348014831542969
34,50.44432,16.444320678710938
34,45.187386,11.187385559082031
34,50.294704,16.29470443725586
34,45.316048,11.316047668457031
34,49.379646,15.379646301269531
34,45.67072,11.670719146728516
34,48.871704,14.8717041015625
34,46.76035,12.76034927368164
34,47.71872,13.718719482421875
34,44.976543,10.976543426513672
34,46.237244,12.23724365234375
34,44.326252,10.326251983642578
34,43.99881,9.998809814453125
34,43.537117,9.537117004394531
34,43.21886,9.218860626220703
34,42.78578,8.785781860351562
34,42.4357,8.435699462890625
34,42.100105,8.100105285644531
34,41.606335,7.606334686279297
34,41.22563,7.2256317138671875
34,40.694702,6.6947021484375
34,40.383255,6.3832550048828125
34,39.996655,5.996654510498047
34,39.746918,5.746917724609375
34,39.47413,5.474128723144531
34,39.263496,5.263496398925781
34,39.04635,5.046348571777344
34,38.924004,4.924003601074219
34,38.716022,4.716022491455078
34,38.531822,4.531822204589844
34,38.382286,4.382286071777344
34,38.183613,4.183612823486328
34,38.166714,4.166713714599609
34,38.02171,4.021709442138672
34,38.041985,4.041984558105469
34,37.82786,3.827861785888672
34,37.881615,3.8816146850585938
34,37.670185,3.670185089111328
34,37.702076,3.702075958251953
34,37.534492,3.5344924926757812
34,37.588608,3.5886077880859375
34,37.47293,3.472930908203125
34,37.466446,3.4664459228515625
34,37.27642,3.2764205932617188
34,37.3225,3.322498321533203
34,37.22606,3.2260589599609375
34,37.38879,3.3887901306152344
34,37.293945,3.2939453125
34,37.45326,3.453258514404297
34,37.343224,3.3432235717773438
34,37.440685,3.440685272216797
34,37.313995,3.313995361328125
34,37.344654,3.344654083251953
34,37.229385,3.2293853759765625
34,37.422592,3.4225921630859375
34,37.887566,3.8875656127929688
34,38.355793,4.355792999267578
34,38.095383,4.0953826904296875
34,38.263115,4.263114929199219
34,37.820816,3.8208160400390625
34,37.794903,3.794902801513672
34,37.52995,3.529949188232422
34,37.57717,3.5771713256835938
34,37.307358,3.3073577880859375
34,37.330143,3.3301429748535156
34,37.180706,3.180706024169922
34,37.359528,3.359527587890625
34,37.010098,3.0100975036621094
34,37.267593,3.2675933837890625
34,36.93116,2.9311599731445312
34,37.39537,3.3953704833984375
34,37.337536,3.337535858154297
34,37.121372,3.1213722229003906
34,37.169235,3.1692352294921875
34,37.168976,3.168975830078125
34,36.999706,2.999706268310547
34,36.359264,2.359264373779297
34,35.68095,1.6809501647949219
34,35.662727,1.6627273559570312
34,34.958004,0.9580039978027344
34,35.04964,1.0496406555175781
34,34.793808,0.7938079833984375
34,35.526985,1.5269851684570312
34,35.544327,1.5443267822265625
34,35.963608,1.9636077880859375
34,35.945797,1.9457969665527344
34,36.321747,2.321746826171875
34,36.45466,2.4546585083007812
34,36.832565,2.8325653076171875
34,37.03367,3.0336685180664062
34,37.46341,3.463409423828125
34,37.63375,3.6337509155273438
34,37.80269,3.8026885986328125
34,38.11022,4.110221862792969
34,38.166515,4.166515350341797
34,38.51185,4.511848449707031
34,38.466553,4.466552734375
34,38.51853,4.518531799316406
34,38.428406,4.42840576171875
34,38.433773,4.433773040771484
34,38.49962,4.4996185302734375
34,38.434616,4.4346160888671875
34,38.44678,4.446781158447266
34,38.352245,4.352245330810547
34,38.547142,4.547142028808594
34,38.705788,4.705787658691406
34,38.536743,4.5367431640625
34,38.517326,4.517326354980469
34,38.59458,4.594581604003906
34,38.487442,4.4874420166015625
34,38.665253,4.665252685546875
34,38.44874,4.448738098144531
34,38.517258,4.5172576904296875
34,38.574013,4.574012756347656
34,38.53605,4.536048889160156
34,38.667156,4.667156219482422
34,38.61538,4.615379333496094
34,38.764137,4.764137268066406
34,38.90713,4.907131195068359
34,39.09024,5.090240478515625
34,39.13682,5.136821746826172
34,39.496674,5.496673583984375
34,39.582092,5.58209228515625
34,39.7882,5.788200378417969
34,39.499176,5.499176025390625
34,39.687073,5.68707275390625
34,39.47631,5.476310729980469
34,39.60128,5.601280212402344
34,39.71539,5.715389251708984
34,39.968315,5.968315124511719
34,40.130993,6.130992889404297
34,40.369286,6.369285583496094
34,40.252987,6.252986907958984
34,40.35556,6.355560302734375
34,40.2791,6.2790985107421875
34,40.59909,6.599090576171875
34,40.455116,6.455116271972656
34,41.041664,7.041664123535156
34,41.53798,7.5379791259765625
34,42.92357,8.923568725585938
34,44.721985,10.72198486328125
34,44.79852,10.798519134521484
34,45.87838,11.878379821777344
34,44.944855,10.944854736328125
34,44.631878,10.631877899169922
34,45.644577,11.644577026367188
34,46.19518,12.195178985595703
34,44.805187,10.805187225341797
34,44.53266,10.532661437988281
34,43.615063,9.615062713623047
34,42.116814,8.116813659667969
34,42.137024,8.13702392578125
34,40.987125,6.987125396728516
34,41.635372,7.635372161865234
34,40.583763,6.583763122558594
34,41.53444,7.5344390869140625
34,40.529152,6.529151916503906
34,41.637444,7.637443542480469
34,40.745804,6.7458038330078125
34,41.927902,7.9279022216796875
34,41.163864,7.1638641357421875
34,42.5841,8.584098815917969
34,41.464226,7.464225769042969
34,42.44626,8.446258544921875
34,40.770325,6.77032470703125
34,41.225266,7.2252655029296875
34,41.472015,7.472015380859375
34,42.842453,8.842453002929688
34,42.50383,8.503829956054688
34,44.406586,10.406585693359375
34,43.390804,9.390804290771484
34,45.151077,11.151077270507812
34,43.855278,9.855278015136719
34,44.22098,10.22098159790039
34,42.957077,8.957077026367188
34,44.555294,10.555294036865234
34,43.236496,9.236495971679688
34,43.406258,9.406257629394531
34,43.205605,9.205604553222656
34,42.604664,8.604663848876953
34,45.157063,11.157062530517578
34,46.255997,12.255996704101562
34,48.41053,14.410530090332031
34,48.620045,14.620044708251953
34,51.34644,17.346439361572266
34,51.02515,17.025150299072266
34,55.048786,21.048786163330078
34,54.053238,20.053237915039062
34,57.090843,23.090843200683594
34,56.372726,22.372726440429688
34,57.99449,23.994491577148438
34,56.640816,22.64081573486328
34,56.788467,22.788467407226562
34,55.19847,21.198471069335938
34,55.738503,21.738502502441406
34,54.158245,20.158245086669922
34,55.252434,21.25243377685547
34,54.17667,20.17667007446289
34,56.104836,22.104835510253906
33,55.845703,22.845703125
33,55.812225,22.812225341796875
33,55.638973,22.638973236083984
33,57.252502,24.25250244140625
33,54.83061,21.830608367919922
33,55.505474,22.505474090576172
33,52.092045,19.092044830322266
33,56.86995,23.869949340820312
33,55.42227,22.422271728515625
33,58.168266,25.16826629638672
33,54.828987,21.82898712158203
33,57.448277,24.44827651977539
33,53.774986,20.774986267089844
33,56.39312,23.39311981201172
33,52.1515,19.151500701904297
33,54.9139,21.913898468017578
33,49.939056,16.939056396484375
33,52.462284,19.462284088134766
33,47.52601,14.526008605957031
33,49.6195,16.61949920654297
33,46.3153,13.315299987792969
33,48.10519,15.10519027709961
33,46.668686,13.668685913085938
33,48.919647,15.919647216796875
33,48.09645,15.096450805664062
33,47.658104,14.658103942871094
33,45.735786,12.735786437988281
33,44.492336,11.49233627319336
33,42.625458,9.625457763671875
33,43.20413,10.20412826538086
33,41.564728,8.564727783203125
33,41.170753,8.170753479003906
33,40.476513,7.476512908935547
33,40.20385,7.203849792480469
33,39.73345,6.733451843261719
33,39.38345,6.383449554443359
33,38.93277,5.932769775390625
33,38.830185,5.8301849365234375
33,39.642303,6.642303466796875
33,39.064236,6.064235687255859
33,39.75718,6.757179260253906
33,38.84867,5.848670959472656
33,39.055534,6.055534362792969
33,38.368176,5.368175506591797
33,38.971756,5.9717559814453125
33,38.707542,5.707542419433594
33,39.21917,6.219169616699219
33,38.892963,5.892963409423828
33,39.12432,6.124320983886719
33,38.508232,5.508232116699219
33,38.69124,5.6912384033203125
33,38.138752,5.138751983642578
33,38.286594,5.286594390869141
33,37.89496,4.89495849609375
33,38.085876,5.08587646484375
33,37.75998,4.759979248046875
33,37.971928,4.971927642822266
33,37.659515,4.659515380859375
33,37.903496,4.903495788574219
33,37.59576,4.595760345458984
33,37.802612,4.8026123046875
33,37.751938,4.7519378662109375
33,37.882233,4.882232666015625
33,38.137596,5.137596130371094
33,38.5551,5.5550994873046875
33,38.97431,5.974311828613281
33,39.03911,6.0391082763671875
33,39.02219,6.022190093994141
33,39.414703,6.414703369140625
33,39.352715,6.352714538574219
33,39.725807,6.725807189941406
33,39.41449,6.41448974609375
33,40.153286,7.153285980224609
33,37.979218,4.979217529296875
33,39.34804,6.348041534423828
33,40.273926,7.27392578125
33,39.120667,6.12066650390625
33,39.582058,6.582057952880859
33,38.908478,5.908477783203125
33,38.19709,5.197090148925781
33,38.02124,5.021240234375
33,38.468117,5.468116760253906
33,37.957386,4.957386016845703
33,38.551167,5.551166534423828
33,38.094135,5.094135284423828
33,38.986435,5.9864349365234375
33,39.03679,6.0367889404296875
33,39.436356,6.4363555908203125
33,39.107,6.106998443603516
33,38.746662,5.746662139892578
33,37.843056,4.843055725097656
33,37.840214,4.840213775634766
33,38.26957,5.269569396972656
33,38.705704,5.7057037353515625
33,37.860302,4.860301971435547
33,38.184475,5.184474945068359
33,36.86357,3.8635711669921875
33,38.24697,5.246971130371094
33,35.690742,2.6907424926757812
33,36.911392,3.9113922119140625
33,38.724247,5.724246978759766
33,41.57204,8.572040557861328
33,40.261215,7.2612152099609375
33,39.924206,6.924205780029297
33,38.89817,5.898170471191406
33,39.787872,6.787872314453125
33,40.82843,7.82843017578125
33,42.011368,9.011367797851562
33,42.111427,9.111427307128906
33,42.480125,9.480125427246094
33,44.129013,11.129013061523438
33,44.010315,11.01031494140625
33,45.67002,12.670021057128906
33,43.80342,10.803421020507812
33,46.057713,13.05771255493164
33,42.91126,9.911258697509766
33,46.40439,13.404388427734375
33,42.916565,9.91656494140625
33,46.361664,13.361663818359375
33,42.415333,9.415332794189453
33,45.449562,12.449562072753906
33,40.29609,7.296089172363281
33,44.00244,11.00244140625
33,42.58339,9.583389282226562
33,44.808716,11.8087158203125
33,42.361397,9.361396789550781
33,45.352978,12.352977752685547
33,42.711853,9.71185302734375
33,46.499256,13.499256134033203
33,43.51371,10.513710021972656
33,47.442955,14.442955017089844
33,44.213234,11.213233947753906
33,48.06523,15.065231323242188
33,44.99369,11.993690490722656
33,47.89161,14.891609191894531
33,44.530037,11.530036926269531
33,46.32384,13.323841094970703
33,43.303818,10.303817749023438
33,43.962517,10.962516784667969
33,42.19519,9.1951904296875
33,43.474976,10.4749755859375
33,42.862106,9.862106323242188
33,43.314445,10.314445495605469
33,42.674324,9.674324035644531
33,42.757816,9.757816314697266
33,42.30435,9.304351806640625
33,42.15757,9.157569885253906
33,42.1992,9.199199676513672
33,43.78147,10.781471252441406
33,43.55987,10.559871673583984
33,44.403137,11.40313720703125
33,44.275963,11.275962829589844
33,43.949997,10.949996948242188
33,43.765884,10.765884399414062
33,42.68367,9.683670043945312
33,42.829838,9.829837799072266
33,42.62026,9.620258331298828
33,43.0316,10.031600952148438
33,43.4675,10.467498779296875
33,43.954346,10.954345703125
33,44.261795,11.261795043945312
33,44.336353,11.336353302001953
32,45.162567,13.162567138671875
32,45.480698,13.480697631835938
32,46.142803,14.142803192138672
32,47.710655,15.710655212402344
32,45.295166,13.295166015625
32,48.32902,16.329021453857422
32,45.28479,13.2847900390625
32,48.75951,16.759510040283203
32,45.163433,13.163433074951172
32,48.414204,16.414203643798828
32,44.11117,12.11117172241211
32,47.330467,15.330467224121094
32,42.943733,10.943733215332031
32,46.517784,14.517784118652344
32,43.635056,11.635055541992188
32,48.428696,16.428695678710938
32,44.930695,12.930694580078125
32,49.037277,17.037277221679688
32,45.938965,13.93896484375
32,48.410416,16.410415649414062
32,44.904274,12.904273986816406
32,46.645103,14.645103454589844
32,43.510574,11.510574340820312
32,44.997047,12.997047424316406
32,42.540726,10.540725708007812
32,43.496895,11.496894836425781
32,40.974728,8.974727630615234
32,40.762886,8.762886047363281
32,38.96684,6.966838836669922
32,38.775192,6.7751922607421875
32,37.917805,5.917804718017578
32,37.201622,5.201622009277344
32,36.77156,4.7715606689453125
32,36.324688,4.324687957763672
32,35.950634,3.950634002685547
32,35.611122,3.6111221313476562
32,35.265347,3.2653465270996094
32,35.046852,3.0468521118164062
32,34.747517,2.747516632080078
32,34.592102,2.59210205078125
32,34.37896,2.3789596557617188
32,34.269295,2.2692947387695312
32,34.15307,2.1530685424804688
32,33.988815,1.9888153076171875
32,33.96703,1.9670295715332031
32,33.908913,1.9089126586914062
32,33.91461,1.91461181640625
32,33.861023,1.86102294921875
32,33.901974,1.9019737243652344
32,33.742374,1.7423744201660156
32,33.781597,1.7815971374511719
32,33.685486,1.68548583984375
32,33.86226,1.8622589111328125
32,33.64903,1.6490287780761719
32,33.8975,1.8974990844726562
32,33.626945,1.6269454956054688
32,33.78899,1.7889900207519531
32,33.63447,1.6344718933105469
32,33.786053,1.7860527038574219
32,33.65114,1.6511383056640625
32,33.73458,1.7345809936523438
32,33.520763,1.5207633972167969
32,33.54077,1.540771484375
32,33.333965,1.3339653015136719
32,33.30609,1.30609130859375
32,33.180744,1.1807441711425781
32,33.13936,1.1393585205078125
32,33.021027,1.021026611328125
32,32.908775,0.9087753295898438
32,32.72682,0.7268218994140625
32,32.658707,0.6587066650390625
32,32.51764,0.51763916015625
32,32.482533,0.4825325012207031
32,32.337402,0.33740234375
32,32.360508,0.3605079650878906
32,32.25791,0.25791168212890625
32,32.199306,0.19930648803710938
32,32.114586,0.11458587646484375
32,32.028004,0.028003692626953125
32,31.92606,0.07394027709960938
32,31.962202,0.03779792785644531
32,32.03072,0.030719757080078125
32,32.045055,0.045055389404296875
32,32.275803,0.2758026123046875
32,32.359383,0.35938262939453125
32,32.56584,0.5658416748046875
32,32.515232,0.5152320861816406
32,32.569813,0.5698127746582031
32,32.45231,0.45230865478515625
32,32.432472,0.43247222900390625
32,32.471954,0.471954345703125
32,32.811085,0.8110847473144531
32,33.06716,1.0671615600585938
32,33.34773,1.3477287292480469
32,33.03583,1.0358314514160156
32,33.087086,1.0870857238769531
32,32.94026,0.9402618408203125
32,33.081367,1.0813674926757812
32,32.962845,0.9628448486328125
32,33.058197,1.058197021484375
32,32.863174,0.8631744384765625
32,32.905357,0.9053573608398438
32,32.701145,0.7011451721191406
32,32.72254,0.7225418090820312
32,32.538593,0.5385932922363281
32,32.549465,0.5494651794433594
32,32.33696,0.3369598388671875
32,32.317364,0.3173637390136719
32,32.084404,0.08440399169921875
32,32.075035,0.07503509521484375
32,31.965153,0.034847259521484375
32,32.069103,0.06910324096679688
32,32.0457,0.0457000732421875
32,32.208145,0.2081451416015625
32,32.037643,0.0376434326171875
32,32.371445,0.3714447021484375
32,32.33218,0.3321800231933594
32,32.43389,0.43389129638671875
32,32.26837,0.26837158203125
32,31.89801,0.10198974609375
32,31.997896,0.0021038055419921875
32,31.730038,0.2699623107910156
32,32.196114,0.19611358642578125
32,32.153557,0.15355682373046875
32,32.485424,0.4854240417480469
32,32.35018,0.35018157958984375
32,32.27395,0.27394866943359375
32,32.168682,0.16868209838867188
32,32.226177,0.22617721557617188
32,32.152565,0.15256500244140625
32,32.27047,0.27046966552734375
32,32.242386,0.2423858642578125
32,32.361824,0.36182403564453125
32,32.308136,0.308135986328125
32,32.40665,0.4066505432128906
32,32.416874,0.4168739318847656
32,32.49142,0.4914207458496094
32,32.49144,0.4914398193359375
32,32.54828,0.54827880859375
32,32.485527,0.48552703857421875
32,32.575317,0.5753173828125
32,32.48877,0.48876953125
32,32.64083,0.6408309936523438
32,32.62752,0.6275215148925781
32,32.843906,0.8439064025878906
32,32.7802,0.7802009582519531
32,32.960075,0.9600753784179688
32,33.065456,1.0654563903808594
32,32.98191,0.9819107055664062
32,32.879097,0.8790969848632812
32,32.854534,0.8545341491699219
32,32.85396,0.8539581298828125
32,32.885265,0.8852653503417969
32,32.84266,0.8426589965820312
32,32.868378,0.868377685546875
32,32.84852,0.8485183715820312
32,32.891273,0.8912734985351562
32,32.92167,0.9216690063476562
32,32.84828,0.8482818603515625
32,32.963898,0.963897705078125
32,33.026768,1.0267677307128906
32,33.200027,1.2000274658203125
32,33.294067,1.2940673828125
32,33.426575,1.42657470703125
32,33.415432,1.4154319763183594
32,33.21778,1.2177810668945312
32,33.250237,1.2502365112304688
32,33.189407,1.1894073486328125
32,33.312836,1.312835693359375
32,33.21678,1.2167816162109375
32,33.164764,1.164764404296875
32,33.173733,1.1737327575683594
32,33.179955,1.1799545288085938
32,33.16082,1.1608200073242188
32,33.158913,1.1589126586914062
32,33.126617,1.126617431640625
32,33.567657,1.567657470703125
32,34.19377,2.1937713623046875
32,34.757988,2.7579879760742188
32,34.735588,2.7355880737304688
32,34.478092,2.4780921936035156
32,34.688934,2.688934326171875
32,35.42634,3.4263381958007812
32,36.489803,4.489803314208984
32,37.450546,5.4505462646484375
32,37.69228,5.692279815673828
32,38.127304,6.1273040771484375
32,37.838303,5.8383026123046875
32,37.735817,5.735816955566406
32,37.513454,5.513454437255859
32,37.432995,5.432994842529297
32,37.28836,5.288360595703125
32,37.532955,5.532955169677734
32,37.294785,5.2947845458984375
32,37.684364,5.684364318847656
32,37.05669,5.056690216064453
32,37.567028,5.567028045654297
32,36.744114,4.744113922119141
32,37.243317,5.243316650390625
32,37.669724,5.6697235107421875
32,38.77565,6.7756500244140625
32,38.372883,6.372882843017578
32,40.309944,8.309944152832031
32,41.668716,9.668716430664062
32,43.499542,11.499542236328125
32,44.120125,12.120124816894531
32,45.49537,13.495368957519531
32,45.96673,13.966728210449219
32,47.616386,15.616386413574219
32,47.47159,15.471588134765625
32,48.10308,16.10308074951172
32,47.478477,15.478477478027344
32,47.681717,15.681716918945312
32,47.28091,15.28091049194336
32,47.997597,15.997596740722656
32,46.939316,14.939315795898438
32,48.616158,16.61615753173828
32,46.270416,14.270416259765625
32,44.508175,12.508174896240234
32,42.72681,10.726810455322266
32,40.92464,8.924640655517578
32,40.10678,8.106781005859375
32,39.112156,7.112155914306641
32,39.47477,7.474769592285156
32,38.257095,6.2570953369140625
32,39.691513,7.6915130615234375
32,39.224358,7.224357604980469
32,40.30346,8.303459167480469
32,39.68206,7.682060241699219
32,40.33245,8.332450866699219
32,39.024185,7.0241851806640625
32,39.54017,7.540168762207031
32,38.917778,6.917778015136719
32,39.865444,7.865444183349609
32,39.37116,7.371158599853516
32,40.729965,8.729965209960938
32,40.230186,8.230186462402344
32,41.38134,9.381340026855469
32,40.411438,8.41143798828125
32,39.976913,7.9769134521484375
32,38.9266,6.926601409912109
32,38.042244,6.042243957519531
32,37.14052,5.1405181884765625
32,36.86621,4.8662109375
32,36.833702,4.833702087402344
32,36.65026,4.650260925292969
32,36.92623,4.926231384277344
32,37.069904,5.069904327392578
32,37.456703,5.456703186035156
32,37.162636,5.162635803222656
32,37.876545,5.876544952392578
32,37.850014,5.850013732910156
32,38.66107,6.66107177734375
32,38.714798,6.7147979736328125
32,39.89877,7.898769378662109
32,39.687016,7.687015533447266
32,40.900276,8.900276184082031
32,40.004417,8.004417419433594
32,41.67257,9.672569274902344
32,41.189346,9.189346313476562
32,42.964455,10.964454650878906
32,40.94571,8.945709228515625
32,41.467484,9.467483520507812
32,39.310265,7.310264587402344
32,39.91018,7.910179138183594
32,38.215103,6.2151031494140625
32,38.676292,6.676292419433594
32,37.66045,5.660449981689453
32,38.15889,6.1588897705078125
32,37.36693,5.3669281005859375
32,37.769005,5.769004821777344
32,37.010887,5.010887145996094
32,37.232292,5.232292175292969
32,36.608437,4.608436584472656
32,36.805496,4.8054962158203125
32,36.400356,4.400356292724609
32,36.429543,4.429542541503906
32,36.091488,4.091487884521484
32,36.386837,4.386837005615234
32,36.234398,4.234397888183594
32,36.544353,4.544353485107422
32,36.317123,4.3171234130859375
32,36.74025,4.7402496337890625
32,34.90497,2.90496826171875
32,35.764297,3.7642974853515625
32,36.383667,4.3836669921875
32,38.46002,6.460018157958984
32,38.68072,6.680721282958984
32,40.196037,8.196037292480469
31,40.21874,9.218738555908203
31,40.9757,9.975700378417969
31,42.098618,11.098617553710938
31,44.362602,13.362602233886719
31,42.71273,11.712730407714844
31,45.759552,14.759552001953125
31,43.545727,12.545726776123047
31,46.570034,15.57003402709961
31,44.292984,13.292984008789062
31,47.54377,16.54376983642578
31,44.939983,13.939983367919922
31,48.304253,17.30425262451172
31,45.454144,14.454143524169922
31,48.738407,17.738407135009766
31,45.721382,14.721382141113281
31,49.072613,18.072612762451172
31,45.82794,14.82794189453125
31,48.702034,17.70203399658203
31,45.487297,14.487297058105469
31,48.05001,17.050010681152344
31,45.612247,14.612247467041016
31,48.66669,17.666690826416016
31,47.86386,16.863861083984375
31,48.793156,17.793155670166016
31,46.44378,15.443778991699219
31,46.417343,15.417343139648438
31,44.484547,13.484546661376953
31,43.90809,12.908088684082031
31,42.203712,11.203712463378906
31,42.589737,11.589736938476562
31,41.035736,10.035736083984375
31,40.629547,9.629547119140625
31,40.007126,9.007125854492188
31,39.645065,8.645065307617188
31,39.210106,8.210105895996094
31,38.97132,7.971321105957031
31,38.601173,7.601173400878906
31,38.33828,7.338279724121094
31,38.059097,7.0590972900390625
31,37.781754,6.7817535400390625
31,37.612144,6.612144470214844
31,37.36032,6.360321044921875
31,37.13301,6.1330108642578125
31,36.924793,5.924793243408203
31,36.69313,5.6931304931640625
31,36.498672,5.4986724853515625
31,36.3596,5.359600067138672
31,36.235264,5.235263824462891
31,36.148766,5.148765563964844
31,36.067543,5.067543029785156
31,35.92489,4.924888610839844
31,35.809883,4.809883117675781
31,35.724186,4.724185943603516
31,35.60352,4.603519439697266
31,35.51883,4.518829345703125
31,35.404045,4.404045104980469
31,35.338028,4.3380279541015625
31,35.26177,4.261768341064453
31,35.2516,4.251598358154297
31,35.179443,4.179443359375
31,35.193573,4.193572998046875
31,35.071777,4.07177734375
31,35.15367,4.1536712646484375
31,35.015182,4.0151824951171875
31,35.036278,4.036277770996094
31,34.90699,3.9069900512695312
31,34.96928,3.969280242919922
31,34.876728,3.876728057861328
31,34.92646,3.9264602661132812
31,34.899055,3.8990554809570312
31,34.93705,3.9370498657226562
31,34.91126,3.9112586975097656
31,34.84411,3.8441085815429688
31,34.782852,3.7828521728515625
31,34.680126,3.680126190185547
31,34.554073,3.5540733337402344
31,34.413162,3.4131622314453125
31,34.316994,3.3169937133789062
31,34.2129,3.2128982543945312
31,34.070435,3.0704345703125
31,33.945557,2.945556640625
31,33.865112,2.8651123046875
31,33.828545,2.8285446166992188
31,33.782562,2.782562255859375
31,33.747078,2.7470779418945312
31,33.63308,2.6330795288085938
31,33.576942,2.5769424438476562
31,33.410496,2.4104957580566406
31,33.29899,2.2989883422851562
31,33.19976,2.1997604370117188
31,33.103863,2.103862762451172
31,33.00032,2.0003204345703125
31,33.0016,2.001598358154297
31,32.997066,1.9970664978027344
31,32.94669,1.9466896057128906
31,32.77754,1.7775382995605469
31,32.701176,1.7011756896972656
31,32.56639,1.5663909912109375
31,32.704407,1.70440673828125
31,32.752144,1.7521438598632812
31,33.14536,2.1453590393066406
31,33.505863,2.5058631896972656
31,33.829723,2.829723358154297
31,34.026966,3.026966094970703
31,33.98982,2.989818572998047
31,34.119827,3.1198272705078125
31,33.95624,2.9562416076660156
31,34.209072,3.2090721130371094
31,34.219116,3.2191162109375
31,34.30445,3.3044509887695312
31,34.415245,3.4152450561523438
31,34.45968,3.4596786499023438
31,34.449924,3.4499244689941406
31,34.69295,3.692951202392578
31,34.88368,3.883678436279297
31,34.946323,3.9463233947753906
31,34.93762,3.9376182556152344
31,34.935043,3.9350433349609375
31,34.84499,3.844989776611328
31,34.847687,3.847686767578125
31,34.836807,3.8368072509765625
31,34.830788,3.8307876586914062
31,34.886803,3.8868026733398438
31,34.902412,3.9024124145507812
31,34.921448,3.92144775390625
31,34.96686,3.9668617248535156
31,35.01285,4.012851715087891
31,35.12735,4.127349853515625
31,35.148705,4.148704528808594
31,35.16353,4.1635284423828125
31,34.953815,3.953815460205078
31,34.98423,3.9842300415039062
31,35.03243,4.032428741455078
31,35.049454,4.0494537353515625
31,35.04669,4.04669189453125
31,35.005623,4.005622863769531
31,34.956722,3.9567222595214844
31,35.09892,4.098918914794922
31,34.921467,3.921466827392578
31,34.96727,3.9672698974609375
31,34.880714,3.8807144165039062
31,34.92662,3.9266204833984375
31,34.79991,3.7999114990234375
31,34.878967,3.87896728515625
31,34.854126,3.8541259765625
31,35.05091,4.050910949707031
31,35.08774,4.087741851806641
31,34.943417,3.9434165954589844
31,34.97287,3.972869873046875
31,35.069054,4.069053649902344
31,35.114754,4.114753723144531
31,35.357002,4.357002258300781
31,35.32707,4.327068328857422
31,34.99682,3.9968185424804688
31,34.94012,3.9401206970214844
31,34.76892,3.7689208984375
31,34.89398,3.8939781188964844
31,34.808296,3.8082962036132812
31,34.817596,3.817596435546875
31,34.918243,3.918243408203125
31,34.839085,3.8390846252441406
31,34.97239,3.9723892211914062
31,34.91867,3.918670654296875
31,34.818428,3.8184280395507812
31,34.957382,3.9573822021484375
31,34.892647,3.8926467895507812
31,34.98257,3.9825706481933594
31,35.01377,4.013771057128906
31,34.967403,3.9674034118652344
31,34.87033,3.870330810546875
31,35.047436,4.047435760498047
31,34.861023,3.86102294921875
31,35.166985,4.166984558105469
31,35.041435,4.041435241699219
31,35.0951,4.095100402832031
31,35.009697,4.009696960449219
31,35.046577,4.046577453613281
31,35.0302,4.030200958251953
31,34.98192,3.9819183349609375
31,34.97276,3.972759246826172
31,35.3695,4.369499206542969
31,36.241528,5.241527557373047
31,37.59171,6.591709136962891
31,38.089714,7.089714050292969
31,38.276188,7.276187896728516
31,38.72654,7.726539611816406
31,38.810707,7.810707092285156
31,38.986626,7.986625671386719
31,39.02312,8.023120880126953
31,39.352196,8.352195739746094
31,39.40808,8.4080810546875
31,39.954193,8.954193115234375
31,40.163956,9.163955688476562
31,40.813004,9.813003540039062
31,40.955696,9.955696105957031
31,41.4798,10.479801177978516
31,41.622616,10.622615814208984
31,42.418236,11.418235778808594
31,42.665306,11.665306091308594
31,43.597153,12.597152709960938
31,43.522827,12.5228271484375
31,44.166412,13.166412353515625
31,44.705418,13.70541763305664
31,45.562077,14.562076568603516
31,45.963932,14.963932037353516
31,46.834488,15.834487915039062
31,47.523678,16.523677825927734
31,49.04885,18.048851013183594
31,49.24468,18.244678497314453
31,50.82776,19.8277587890625
31,49.58454,18.58454132080078
31,50.110947,19.110946655273438
31,49.44206,18.442058563232422
31,49.93974,18.939739227294922
31,49.718643,18.718643188476562
31,50.149055,19.14905548095703
31,49.85688,18.85688018798828
31,49.646217,18.646217346191406
31,48.52576,17.525760650634766
31,48.285767,17.2857666015625
31,45.619556,14.619556427001953
31,45.593014,14.593013763427734
31,43.21338,12.21337890625
31,43.664417,12.664417266845703
31,42.112965,11.112964630126953
31,43.5345,12.534500122070312
31,40.998528,9.998527526855469
31,43.50077,12.500770568847656
31,41.884212,10.884212493896484
31,43.11154,12.111541748046875
31,41.237602,10.237602233886719
31,42.186172,11.186172485351562
31,40.62613,9.626129150390625
31,41.64372,10.643718719482422
31,40.46914,9.469139099121094
31,42.564827,11.564826965332031
31,40.588165,9.588165283203125
31,42.32457,11.324569702148438
31,39.445312,8.4453125
31,41.949642,10.949642181396484
31,39.64469,8.644691467285156
31,43.046368,12.046367645263672
31,39.885353,8.885353088378906
31,44.404385,13.40438461303711
31,42.211323,11.211322784423828
31,49.181614,18.18161392211914
31,49.022926,18.022926330566406
31,52.624214,21.62421417236328
30,53.019203,23.019203186035156
30,53.05541,23.055408477783203
30,52.16774,22.167739868164062
30,51.346107,21.346107482910156
30,48.076084,18.07608413696289
30,52.52316,22.52315902709961
30,51.467506,21.467506408691406
30,53.5457,23.545700073242188
30,51.229774,21.229774475097656
30,53.957222,23.95722198486328
30,51.967255,21.967254638671875
30,54.265816,24.26581573486328
30,52.532513,22.532512664794922
30,54.531376,24.531375885009766
30,51.97941,21.979408264160156
30,53.311638,23.31163787841797
30,51.377186,21.377185821533203
30,52.54646,22.546459197998047
30,51.003517,21.003517150878906
30,51.51707,21.517070770263672
30,49.195534,19.195533752441406
30,49.173813,19.173812866210938
30,47.038273,17.038272857666016
30,46.512344,16.512344360351562
30,44.41834,14.418338775634766
30,43.35033,13.350330352783203
30,41.511917,11.511917114257812
30,40.420383,10.42038345336914
30,39.359123,9.359123229980469
30,39.288063,9.288063049316406
30,38.569313,8.569313049316406
30,37.680645,7.680644989013672
30,37.528595,7.528594970703125
30,36.862797,6.862796783447266
30,37.003693,7.003692626953125
30,36.573353,6.573352813720703
30,36.91819,6.918190002441406
30,37.363228,7.363227844238281
30,36.383785,6.383785247802734
30,36.889282,6.8892822265625
30,35.8181,5.8180999755859375
30,36.14866,6.148658752441406
30,35.41549,5.415489196777344
30,35.62925,5.629249572753906
30,35.139,5.138999938964844
30,35.224804,5.224803924560547
30,34.85169,4.851688385009766
30,34.980927,4.980926513671875
30,35.48781,5.4878082275390625
30,35.77085,5.770851135253906
30,36.6926,6.692600250244141
30,35.775845,5.775844573974609
30,36.37133,6.371330261230469
30,35.498596,5.49859619140625
30,35.924576,5.9245758056640625
30,35.372063,5.372062683105469
30,35.63228,5.6322784423828125
30,35.284546,5.2845458984375
30,34.935627,4.935626983642578
30,35.453354,5.4533538818359375
30,34.723198,4.723197937011719
30,36.307373,6.307373046875
30,35.073544,5.073543548583984
30,36.546253,6.546253204345703
30,35.569115,5.569114685058594
30,36.29769,6.297691345214844
30,35.50258,5.5025787353515625
30,35.968796,5.9687957763671875
30,35.71052,5.710521697998047
30,36.122696,6.1226959228515625
30,35.938698,5.938697814941406
30,36.091816,6.091815948486328
30,35.76499,5.764991760253906
30,35.795746,5.795745849609375
30,35.18136,5.181358337402344
30,35.336594,5.3365936279296875
30,34.782276,4.782276153564453
30,35.055775,5.055774688720703
30,34.736687,4.736686706542969
30,35.130833,5.130832672119141
30,34.76998,4.769981384277344
30,35.121025,5.121025085449219
30,34.805065,4.805065155029297
30,35.174046,5.174045562744141
30,34.838017,4.838016510009766
30,35.437378,5.4373779296875
30,35.121426,5.121425628662109
30,35.11654,5.116539001464844
30,35.195816,5.1958160400390625
30,35.133774,5.1337738037109375
30,35.188347,5.188346862792969
30,35.132454,5.132453918457031
30,35.457447,5.457447052001953
30,36.07485,6.074848175048828
30,36.25876,6.258758544921875
30,36.766144,6.766143798828125
30,36.612366,6.61236572265625
30,36.442314,6.442314147949219
30,36.86916,6.869159698486328
30,37.42202,7.422019958496094
30,38.57105,8.571048736572266
30,38.565582,8.565582275390625
30,39.04258,9.042579650878906
30,38.58321,8.583209991455078
30,38.699158,8.69915771484375
30,37.659172,7.659172058105469
30,37.10656,7.106559753417969
30,37.385406,7.385406494140625
30,38.713158,8.713157653808594
30,37.727516,7.727516174316406
30,38.55284,8.552841186523438
30,37.445175,7.4451751708984375
30,38.689766,8.689765930175781
30,37.57856,7.578559875488281
30,38.773018,8.773017883300781
30,37.870453,7.870452880859375
30,39.269844,9.269844055175781
30,38.40322,8.403221130371094
30,39.664394,9.66439437866211
30,38.45154,8.451541900634766
30,39.467236,9.467235565185547
30,38.50569,8.505691528320312
30,39.72475,9.724750518798828
30,38.73295,8.732948303222656
30,39.763092,9.763092041015625
30,37.596226,7.596225738525391
30,39.22808,9.228080749511719
30,38.877983,8.877983093261719
30,38.99713,8.99713134765625
30,37.729515,7.729515075683594
30,38.23316,8.233158111572266
30,37.522728,7.522727966308594
30,38.602295,8.602294921875
30,40.7045,10.704498291015625
30,40.85389,10.853889465332031
30,40.220306,10.220306396484375
30,39.47106,9.471061706542969
30,39.605392,9.605392456054688
30,39.08757,9.087570190429688
30,39.13308,9.133079528808594
30,39.01999,9.019989013671875
30,39.41748,9.41748046875
30,39.50235,9.502349853515625
30,39.65671,9.65671157836914
30,39.85691,9.856910705566406
30,39.871067,9.87106704711914
30,39.797337,9.79733657836914
30,40.15534,10.155338287353516
30,39.79138,9.7913818359375
30,40.81308,10.813079833984375
30,40.704185,10.704185485839844
30,42.04876,12.048759460449219
30,41.953896,11.953895568847656
30,42.008987,12.008987426757812
30,40.47682,10.476821899414062
30,40.713543,10.713542938232422
30,39.50104,9.501041412353516
30,39.87157,9.871570587158203
30,38.996346,8.996345520019531
30,39.743362,9.743362426757812
30,39.010155,9.010154724121094
30,39.97691,9.976909637451172
30,39.66475,9.664749145507812
30,40.083298,10.083297729492188
30,39.283295,9.283294677734375
30,39.90627,9.906269073486328
30,39.791115,9.791114807128906
30,40.567608,10.567607879638672
30,40.498642,10.498641967773438
30,41.07869,11.078689575195312
30,40.8155,10.815498352050781
30,41.086357,11.086357116699219
30,40.69136,10.691360473632812
30,40.208656,10.208656311035156
30,39.26781,9.267810821533203
30,39.73429,9.734291076660156
30,38.59173,8.591728210449219
30,39.742916,9.742916107177734
30,38.87816,8.878158569335938
30,39.8698,9.869800567626953
30,39.795322,9.79532241821289
30,40.668724,10.668724060058594
30,39.881172,9.881172180175781
30,39.96602,9.966018676757812
30,38.920486,8.920486450195312
30,38.734352,8.734352111816406
30,37.929802,7.929801940917969
30,37.514603,7.5146026611328125
30,36.478844,6.478843688964844
30,36.401417,6.401416778564453
30,36.02384,6.023841857910156
30,36.055954,6.0559539794921875
30,36.061592,6.061592102050781
30,36.42648,6.426479339599609
30,36.994926,6.994926452636719
30,32.156013,2.1560134887695312
30,32.062237,2.062236785888672
30,30.794558,0.7945575714111328
30,31.450186,1.450185775756836
30,31.444345,1.444345474243164
30,32.425026,2.4250259399414062
30,32.533974,2.5339736938476562
30,33.43447,3.4344711303710938
30,33.178406,3.17840576171875
30,34.55293,4.552928924560547
30,33.375168,3.3751678466796875
30,35.4735,5.473499298095703
30,34.55094,4.550941467285156
30,36.253223,6.253223419189453
30,35.23166,5.231658935546875
30,36.83934,6.8393402099609375
30,36.092182,6.092182159423828
30,37.523376,7.52337646484375
30,36.697403,6.6974029541015625
30,37.98371,7.983711242675781
30,37.149834,7.149833679199219
30,38.75628,8.756278991699219
30,37.914394,7.914394378662109
30,39.337074,9.337074279785156
30,39.051647,9.051647186279297
30,37.9929,7.992900848388672
30,38.883217,8.883216857910156
29,38.963203,9.963203430175781
29,41.282673,12.282672882080078
29,41.557552,12.557552337646484
29,43.358994,14.358993530273438
29,40.442497,11.442497253417969
29,43.003227,14.003227233886719
29,40.163544,11.163543701171875
29,42.800674,13.800674438476562
29,39.665195,10.66519546508789
29,42.946014,13.946014404296875
29,39.589905,10.58990478515625
29,42.533176,13.53317642211914
29,39.214554,10.214553833007812
29,41.888885,12.888885498046875
29,38.77987,9.779869079589844
29,41.281624,12.281623840332031
29,38.340347,9.340347290039062
29,40.576866,11.576866149902344
29,37.918465,8.918464660644531
29,39.711994,10.711994171142578
29,37.22896,8.228958129882812
29,38.55438,9.554378509521484
29,36.34911,7.349109649658203
29,37.307205,8.307205200195312
29,35.7028,6.702800750732422
29,36.16414,7.1641387939453125
29,35.13324,6.13323974609375
29,34.99414,5.994140625
29,34.23895,5.238948822021484
29,34.224777,5.2247772216796875
29,33.837624,4.837623596191406
29,33.745956,4.7459564208984375
29,31.883465,2.883464813232422
29,32.055183,3.0551834106445312
29,30.485329,1.4853286743164062
29,31.096724,2.0967235565185547
29,30.244095,1.2440948486328125
29,29.997562,0.9975624084472656
29,29.904697,0.9046974182128906
29,30.257719,1.2577190399169922
29,30.22568,1.2256793975830078
29,30.531528,1.5315284729003906
29,30.40527,1.4052696228027344
29,30.54925,1.5492496490478516
29,30.511139,1.511138916015625
29,30.491114,1.4911136627197266
29,30.424267,1.4242668151855469
29,30.509272,1.5092716217041016
29,30.43921,1.4392108917236328
29,30.55072,1.55072021484375
29,30.40025,1.4002494812011719
29,30.600622,1.6006221771240234
29,30.289637,1.2896366119384766
29,30.28776,1.287759780883789
29,29.866625,0.8666248321533203
29,30.253277,1.2532768249511719
29,30.14372,1.1437206268310547
29,30.56277,1.5627708435058594
29,30.730545,1.7305450439453125
29,30.838913,1.8389129638671875
29,32.024227,3.0242271423339844
29,32.193573,3.193572998046875
29,32.940823,3.9408226013183594
29,33.555676,4.555675506591797
29,33.812412,4.812412261962891
29,33.91334,4.913341522216797
29,34.059002,5.059001922607422
29,34.32734,5.327339172363281
29,34.499157,5.499156951904297
29,34.68409,5.684089660644531
29,34.69366,5.693660736083984
29,35.16258,6.162578582763672
29,35.24187,6.241870880126953
29,35.619232,6.619232177734375
29,35.720573,6.720573425292969
29,35.998672,6.9986724853515625
29,36.18956,7.1895599365234375
29,36.48244,7.482440948486328
29,36.993652,7.99365234375
29,37.130623,8.130622863769531
29,37.62576,8.62575912475586
29,37.896023,8.89602279663086
29,38.104504,9.104503631591797
29,38.88765,9.887649536132812
29,38.490704,9.490703582763672
29,39.133842,10.133842468261719
29,39.259987,10.259986877441406
29,40.767513,11.767513275146484
29,40.19266,11.19266128540039
29,39.611164,10.611164093017578
29,39.262028,10.262027740478516
29,38.448147,9.44814682006836
29,38.095497,9.095497131347656
29,37.189987,8.189987182617188
29,36.932594,7.932594299316406
29,36.391964,7.391963958740234
29,36.427376,7.427375793457031
29,35.911503,6.911502838134766
29,36.039326,7.039325714111328
29,35.632515,6.632514953613281
29,35.76187,6.761871337890625
29,35.411434,6.411434173583984
29,35.43732,6.437320709228516
29,33.305466,4.3054656982421875
28,34.727757,6.727756500244141
28,33.34017,5.340171813964844
28,35.547897,7.5478973388671875
28,36.23752,8.237518310546875
28,35.72414,7.724140167236328
28,37.569675,9.56967544555664
28,36.530327,8.530326843261719
28,38.647938,10.647937774658203
28,37.580193,9.580192565917969
28,39.38255,11.382549285888672
28,38.35907,10.35906982421875
28,40.629265,12.629264831542969
28,38.936977,10.93697738647461
28,40.83151,12.83150863647461
28,39.027992,11.027992248535156
28,40.90029,12.900291442871094
28,39.430004,11.430004119873047
28,42.230835,14.2308349609375
28,39.73603,11.736030578613281
28,42.07703,14.077030181884766
28,39.393295,11.393295288085938
28,41.54515,13.545150756835938
28,38.97575,10.975749969482422
28,41.23812,13.238121032714844
28,38.659348,10.659347534179688
28,41.06199,13.061988830566406
28,39.017544,11.01754379272461
28,41.725986,13.72598648071289
28,39.251545,11.251544952392578
28,40.639404,12.639404296875
28,38.349056,10.349056243896484
28,38.686436,10.68643569946289
28,37.40288,9.402881622314453
28,37.66483,9.66482925415039
28,36.49369,8.493690490722656
28,36.64442,8.644420623779297
28,35.87054,7.870540618896484
28,36.27861,8.278610229492188
28,35.855583,7.855583190917969
28,36.092537,8.092536926269531
28,35.5319,7.531898498535156
28,35.52387,7.523868560791016
28,34.989693,6.989692687988281
28,34.886364,6.886363983154297
28,34.45786,6.457859039306641
28,34.30241,6.302410125732422
28,33.841293,5.8412933349609375
28,33.818283,5.8182830810546875
28,33.510815,5.510814666748047
28,33.588272,5.5882720947265625
28,33.32832,5.328319549560547
28,33.431152,5.43115234375
28,33.15584,5.155841827392578
28,33.289513,5.289512634277344
28,33.027763,5.027763366699219
28,33.219315,5.2193145751953125
28,33.024384,5.024383544921875
28,33.140877,5.140876770019531
28,32.99308,4.993080139160156
28,33.089996,5.089996337890625
28,32.989807,4.98980712890625
28,33.177803,5.177803039550781
28,33.060413,5.060413360595703
28,33.242992,5.242992401123047
28,33.130386,5.1303863525390625
28,33.265945,5.2659454345703125
28,33.088215,5.088214874267578
28,33.219795,5.219795227050781
28,32.979645,4.979644775390625
28,33.13382,5.133819580078125
28,32.944366,4.944366455078125
28,33.080208,5.080207824707031
28,32.83874,4.838741302490234
28,33.098473,5.098472595214844
28,32.945415,4.945415496826172
28,33.12217,5.122169494628906
28,32.83477,4.834770202636719
28,32.84218,4.8421783447265625
28,32.59002,4.590019226074219
28,32.608917,4.608917236328125
28,32.384525,4.384525299072266
28,32.33127,4.331268310546875
28,32.04042,4.0404205322265625
28,31.954786,3.9547863006591797
28,31.763039,3.7630386352539062
28,31.729412,3.729412078857422
28,31.345829,3.3458290100097656
28,31.33313,3.3331298828125
28,31.01269,3.0126895904541016
28,31.119778,3.1197776794433594
28,30.953543,2.953542709350586
28,31.066813,3.066812515258789
28,31.169018,3.169017791748047
28,32.15477,4.1547698974609375
28,32.681473,4.6814727783203125
28,32.816833,4.81683349609375
28,33.14604,5.1460418701171875
28,32.82863,4.8286285400390625
28,32.656654,4.656654357910156
28,32.619278,4.6192779541015625
28,32.642063,4.642063140869141
28,32.551933,4.551933288574219
28,32.394043,4.39404296875
28,32.578453,4.578453063964844
28,32.44082,4.440818786621094
28,32.384747,4.384746551513672
28,32.239815,4.239814758300781
28,32.320793,4.320793151855469
28,32.237526,4.237525939941406
28,31.818096,3.818096160888672
28,31.951382,3.9513816833496094
28,32.13596,4.135959625244141
28,32.360207,4.360206604003906
28,32.66178,4.661781311035156
28,32.93062,4.9306182861328125
28,32.726654,4.726654052734375
28,32.980797,4.980796813964844
28,33.19938,5.199378967285156
28,33.688885,5.688884735107422
28,33.74582,5.745819091796875
28,33.724834,5.724834442138672
28,33.224213,5.224212646484375
28,33.146534,5.146533966064453
28,32.583435,4.58343505859375
28,32.560074,4.5600738525390625
28,32.70739,4.707389831542969
28,32.599613,4.599613189697266
28,32.88918,4.889179229736328
28,32.900375,4.9003753662109375
28,33.274616,5.274616241455078
28,33.198406,5.198406219482422
28,32.533337,4.533336639404297
28,32.36691,4.366909027099609
28,32.35912,4.359119415283203
28,32.297874,4.297874450683594
28,32.525776,4.525775909423828
28,32.53884,4.538841247558594
28,32.589836,4.589836120605469
28,32.61529,4.615291595458984
28,32.652946,4.652946472167969
28,32.645042,4.645042419433594
28,32.578316,4.578315734863281
28,32.588806,4.58880615234375
28,32.64693,4.646930694580078
28,32.50699,4.506988525390625
28,32.420307,4.420307159423828
28,32.214233,4.2142333984375
28,32.27914,4.279140472412109
28,32.387394,4.387393951416016
28,32.59797,4.597969055175781
28,32.92234,4.922340393066406
28,33.120064,5.120063781738281
28,33.67901,5.679008483886719
28,33.65392,5.653919219970703
28,33.72007,5.720069885253906
28,33.846058,5.846057891845703
28,33.803223,5.80322265625
28,33.723885,5.723884582519531
28,33.725906,5.7259063720703125
28,34.04058,6.040580749511719
28,33.93031,5.930309295654297
28,33.93026,5.930259704589844
28,33.87552,5.875518798828125
28,33.879944,5.87994384765625
28,33.82563,5.825630187988281
28,33.905434,5.905433654785156
28,33.90551,5.905509948730469
28,33.775642,5.775642395019531
28,33.816574,5.8165740966796875
28,33.715508,5.715507507324219
28,33.727413,5.727413177490234
28,33.514473,5.514472961425781
28,33.072918,5.072917938232422
28,32.442955,4.442955017089844
28,33.417175,5.41717529296875
28,34.594048,6.594047546386719
28,33.531544,5.531543731689453
28,34.378677,6.3786773681640625
28,34.580696,6.580696105957031
28,34.01349,6.01348876953125
28,33.771954,5.771953582763672
28,34.230408,6.23040771484375
28,34.614998,6.614997863769531
28,34.10005,6.1000518798828125
28,33.62777,5.627769470214844
28,33.399353,5.39935302734375
28,33.71583,5.715831756591797
28,32.83669,4.836688995361328
28,32.707146,4.707145690917969
28,32.01103,4.011028289794922
28,31.887686,3.887685775756836
28,31.641605,3.6416053771972656
28,32.060265,4.060264587402344
28,32.04866,4.0486602783203125
28,32.368057,4.3680572509765625
28,32.29863,4.2986297607421875
28,32.614746,4.61474609375
28,32.744415,4.744415283203125
28,33.505592,5.505592346191406
28,33.99228,5.992279052734375
28,35.907543,7.907543182373047
28,35.359234,7.359233856201172
28,35.351227,7.351226806640625
28,34.50885,6.50885009765625
28,34.764023,6.7640228271484375
28,34.617935,6.6179351806640625
28,34.27488,6.274879455566406
28,34.093117,6.093116760253906
28,33.92148,5.921478271484375
28,33.60871,5.608711242675781
28,33.460487,5.460487365722656
28,34.86963,6.86962890625
28,35.802307,7.80230712890625
28,37.152412,9.152412414550781
28,37.058064,9.058063507080078
28,37.83777,9.8377685546875
28,38.2734,10.273399353027344
28,38.41333,10.413330078125
28,37.810226,9.810226440429688
28,36.618427,8.618427276611328
28,36.062576,8.062576293945312
28,35.84404,7.8440399169921875
28,35.903664,7.903663635253906
28,36.12212,8.122119903564453
28,36.023777,8.02377700805664
28,36.46314,8.463138580322266
28,35.966854,7.966854095458984
28,36.173218,8.1732177734375
28,34.404137,6.404136657714844
28,35.64098,7.640979766845703
28,34.28485,6.28485107421875
28,36.13478,8.134780883789062
28,35.29992,7.299919128417969
28,37.489326,9.489326477050781
28,36.466488,8.466487884521484
28,37.770554,9.770553588867188
28,35.931915,7.931915283203125
28,36.062218,8.062217712402344
28,34.46794,6.4679412841796875
28,35.407036,7.407035827636719
28,34.189808,6.189807891845703
28,34.850605,6.850605010986328
28,33.47216,5.472160339355469
28,34.428917,6.428916931152344
28,32.929626,4.92962646484375
28,34.48504,6.485038757324219
28,34.10497,6.104969024658203
28,34.68663,6.6866302490234375
28,34.713196,6.71319580078125
28,34.85548,6.855480194091797
28,35.067398,7.0673980712890625
28,35.195168,7.195167541503906
28,35.33825,7.338249206542969
28,35.62314,7.623138427734375
28,36.003567,8.00356674194336
28,36.069824,8.06982421875
28,36.329933,8.329933166503906
28,36.46003,8.460029602050781
28,36.556976,8.556976318359375
28,37.05207,9.052070617675781
28,37.46878,9.468780517578125
28,37.285892,9.285892486572266
28,37.337204,9.337203979492188
28,37.311886,9.311885833740234
28,37.10521,9.105209350585938
28,37.4116,9.411598205566406
28,37.859467,9.859466552734375
28,37.349308,9.349308013916016
27,37.69661,10.696609497070312
27,36.005753,9.005752563476562
27,38.25145,11.251449584960938
27,40.39073,13.390731811523438
27,39.99468,12.994678497314453
27,41.47017,14.470169067382812
27,39.116684,12.116683959960938
27,41.13813,14.138130187988281
27,38.821068,11.821067810058594
27,40.893135,13.893135070800781
27,38.736656,11.736656188964844
27,40.116352,13.116352081298828
27,37.951057,10.951057434082031
27,39.009567,12.009567260742188
27,37.330154,10.330154418945312
27,38.16194,11.161941528320312
27,36.89163,9.89162826538086
27,37.51951,10.519508361816406
27,36.514526,9.5145263671875
27,36.95062,9.950618743896484
27,36.20282,9.20281982421875
27,36.732887,9.732887268066406
27,36.112305,9.1123046875
27,36.42719,9.427188873291016
27,35.99369,8.993690490722656
27,36.17447,9.174468994140625
27,35.623436,8.623435974121094
27,35.688076,8.68807601928711
27,35.136,8.136001586914062
27,35.117203,8.117202758789062
27,34.624695,7.62469482421875
27,34.383015,7.383014678955078
27,34.010925,7.01092529296875
27,33.740532,6.740531921386719
27,33.429832,6.429832458496094
27,33.125687,6.1256866455078125
27,32.90873,5.908729553222656
27,32.66725,5.6672515869140625
27,32.696823,5.6968231201171875
27,32.563198,5.563198089599609
27,32.50962,5.509620666503906
27,32.33162,5.3316192626953125
27,32.142254,5.142253875732422
27,31.898533,4.898532867431641
27,31.707058,4.707057952880859
27,31.481215,4.48121452331543
27,31.357132,4.3571319580078125
27,31.224041,4.224040985107422
27,31.180658,4.180658340454102
27,31.157656,4.157655715942383
27,31.193693,4.193693161010742
27,31.074154,4.074153900146484
27,30.998007,3.998006820678711
27,30.843584,3.8435840606689453
27,30.780594,3.7805938720703125
27,30.697124,3.697124481201172
27,30.671486,3.6714859008789062
27,30.629751,3.629751205444336
27,30.611282,3.6112823486328125
27,30.653643,3.6536426544189453
27,30.691076,3.6910762786865234
27,30.749437,3.7494373321533203
27,30.792099,3.7920989990234375
27,30.78883,3.788829803466797
27,30.761787,3.7617874145507812
27,30.764362,3.764362335205078
27,30.671074,3.6710739135742188
27,30.846493,3.8464927673339844
27,30.832006,3.8320064544677734
27,31.004026,4.004026412963867
27,30.973198,3.9731979370117188
27,31.02681,4.0268096923828125
27,31.67027,4.670270919799805
27,31.813934,4.813934326171875
27,32.55113,5.551128387451172
27,32.303726,5.3037261962890625
27,31.898914,4.898914337158203
27,31.825706,4.825706481933594
27,31.461071,4.461071014404297
27,31.43964,4.439640045166016
27,31.467232,4.467231750488281
27,31.446188,4.446187973022461
27,31.190138,4.19013786315918
27,31.160698,4.160697937011719
27,31.19383,4.193830490112305
27,31.011694,4.011693954467773
27,31.113026,4.113025665283203
27,30.987415,3.987415313720703
27,31.185667,4.185667037963867
27,31.285667,4.285667419433594
27,31.406015,4.406015396118164
27,31.514547,4.514547348022461
27,31.556864,4.556863784790039
27,31.563574,4.563573837280273
27,31.470774,4.470773696899414
27,31.578545,4.578544616699219
27,31.675013,4.675012588500977
27,31.615868,4.615867614746094
27,31.748339,4.74833869934082
27,31.632225,4.632225036621094
27,31.622114,4.622114181518555
27,31.59811,4.598110198974609
27,31.53712,4.537120819091797
27,31.46842,4.468420028686523
27,31.485838,4.485837936401367
27,31.369726,4.369726181030273
27,31.433126,4.433126449584961
27,31.380161,4.380161285400391
27,31.516361,4.516361236572266
27,31.471914,4.471914291381836
27,31.529325,4.529325485229492
27,31.59458,4.594579696655273
27,31.595097,4.595096588134766
27,31.581451,4.581451416015625
27,31.62714,4.627140045166016
27,31.730558,4.730558395385742
27,31.764711,4.764711380004883
27,31.725584,4.725584030151367
27,31.661331,4.6613311767578125
27,31.653036,4.653036117553711
27,31.692122,4.692121505737305
27,31.690357,4.690357208251953
27,31.646713,4.6467132568359375
27,31.586254,4.586254119873047
27,31.718496,4.718496322631836
27,31.734932,4.734931945800781
27,31.897186,4.897186279296875
27,31.858925,4.858924865722656
27,31.805037,4.805036544799805
27,31.756811,4.756811141967773
27,31.684185,4.684185028076172
27,31.70312,4.703119277954102
27,31.656221,4.656221389770508
27,31.521643,4.521642684936523
27,31.456665,4.4566650390625
27,31.520016,4.520015716552734
27,31.647202,4.6472015380859375
27,31.752886,4.752885818481445
27,31.860275,4.8602752685546875
27,32.080223,5.080223083496094
27,32.01772,5.017719268798828
27,32.09137,5.09136962890625
27,31.811247,4.811246871948242
27,31.872944,4.872943878173828
27,31.750319,4.75031852722168
27,31.8436,4.843599319458008
27,31.766665,4.766664505004883
27,31.7754,4.775400161743164
27,31.75893,4.758930206298828
27,31.67598,4.6759796142578125
27,31.80122,4.801219940185547
27,31.901197,4.90119743347168
27,31.907566,4.907566070556641
27,31.905975,4.905975341796875
27,31.943169,4.943168640136719
27,31.927723,4.927722930908203
27,32.134285,5.134284973144531
27,31.783937,4.783937454223633
27,31.79728,4.797279357910156
27,31.901611,4.901611328125
27,32.00035,5.0003509521484375
27,32.54778,5.547779083251953
27,32.690792,5.690792083740234
27,32.35872,5.3587188720703125
27,33.076866,6.076866149902344
27,32.692863,5.692863464355469
27,32.42588,5.425880432128906
27,32.05352,5.053520202636719
27,32.124325,5.124324798583984
27,32.49631,5.496311187744141
27,32.845516,5.845516204833984
27,32.94122,5.941219329833984
27,33.359955,6.359954833984375
27,33.508522,6.508522033691406
27,33.792404,6.7924041748046875
27,33.758823,6.758823394775391
27,34.127842,7.127841949462891
27,34.412773,7.412773132324219
27,34.8451,7.845100402832031
27,34.882843,7.882843017578125
27,35.306625,8.306625366210938
27,35.23371,8.233711242675781
27,36.195843,9.195842742919922
27,36.506313,9.50631332397461
27,37.474075,10.474075317382812
27,37.60154,10.601539611816406
27,38.702133,11.702133178710938
27,38.911644,11.911643981933594
27,39.810448,12.810447692871094
27,40.688385,13.688385009765625
27,42.462532,15.462532043457031
27,42.479313,15.479312896728516
27,42.00161,15.001609802246094
27,41.6837,14.683700561523438
27,41.55498,14.554981231689453
27,41.564957,14.564956665039062
27,41.29955,14.299549102783203
27,41.24489,14.244888305664062
27,40.189453,13.189453125
27,39.597923,12.597923278808594
27,39.01023,12.010231018066406
27,36.203205,9.203205108642578
27,35.541183,8.541183471679688
27,34.378693,7.378692626953125
26,33.669888,7.669887542724609
26,31.620747,5.620746612548828
26,30.558685,4.558685302734375
26,33.76289,7.762889862060547
26,31.142075,5.1420745849609375
26,34.42457,8.424568176269531
26,31.832937,5.832937240600586
26,34.31613,8.316131591796875
26,32.42054,6.420539855957031
26,34.318733,8.318733215332031
26,33.030857,7.030857086181641
26,34.561604,8.561603546142578
26,33.775608,7.775608062744141
26,34.833496,8.83349609375
26,34.134174,8.134174346923828
26,34.613796,8.61379623413086
26,33.91081,7.910808563232422
26,34.167347,8.167346954345703
26,33.63898,7.638980865478516
26,33.757477,7.757476806640625
26,33.358696,7.358695983886719
26,33.49031,7.4903106689453125
26,33.077095,7.077095031738281
26,33.364716,7.364715576171875
26,32.92523,6.925228118896484
26,33.15745,7.157451629638672
26,32.734238,6.7342376708984375
26,32.642326,6.642326354980469
26,32.305466,6.3054656982421875
26,32.118633,6.118633270263672
26,31.844032,5.844032287597656
26,31.493258,5.493257522583008
26,31.208952,5.208951950073242
26,30.924484,4.9244842529296875
26,30.68681,4.686809539794922
26,30.551422,4.551422119140625
26,30.421034,4.42103385925293
26,30.309502,4.309501647949219
26,30.157196,4.157196044921875
26,30.011213,4.011213302612305
26,29.89879,3.8987903594970703
26,29.797709,3.797708511352539
26,29.662956,3.6629562377929688
26,29.574102,3.5741024017333984
26,29.398624,3.3986244201660156
26,28.919548,2.9195480346679688
26,28.792511,2.792510986328125
26,28.554375,2.5543746948242188
26,28.610678,2.610677719116211
26,28.567593,2.5675926208496094
26,28.611067,2.6110668182373047
26,28.629847,2.6298465728759766
26,28.672478,2.6724777221679688
26,28.72054,2.720539093017578
26,28.66424,2.6642398834228516
26,28.741959,2.7419586181640625
26,28.680447,2.6804466247558594
26,28.727493,2.7274932861328125
26,28.667376,2.6673755645751953
26,28.702604,2.702604293823242
26,28.66554,2.6655406951904297
26,28.679564,2.679563522338867
26,28.641882,2.6418819427490234
26,28.642624,2.6426239013671875
26,28.63841,2.6384105682373047
26,28.658459,2.658458709716797
26,28.65145,2.651449203491211
26,28.66816,2.6681594848632812
26,28.66792,2.667919158935547
26,28.68197,2.6819705963134766
26,28.713457,2.7134571075439453
26,28.77307,2.773069381713867
26,28.865213,2.865213394165039
26,28.979847,2.979846954345703
26,29.05047,3.0504703521728516
26,29.051285,3.0512847900390625
26,29.008715,3.0087146759033203
26,28.956446,2.9564456939697266
26,28.846739,2.846738815307617
26,28.84333,2.8433303833007812
26,28.77738,2.7773799896240234
26,28.81562,2.8156204223632812
26,28.706074,2.706073760986328
26,28.730148,2.7301483154296875
26,28.65295,2.6529502868652344
26,28.668133,2.668132781982422
26,28.627787,2.627786636352539
26,28.577614,2.5776138305664062
26,28.478863,2.478862762451172
26,28.337214,2.3372135162353516
26,28.165672,2.1656723022460938
26,28.01541,2.015409469604492
26,28.077309,2.0773086547851562
26,28.140707,2.140707015991211
26,28.282902,2.2829017639160156
26,28.177315,2.1773147583007812
26,28.17569,2.175689697265625
26,28.092863,2.092863082885742
26,28.069714,2.069713592529297
26,27.983137,1.9831371307373047
26,27.937113,1.937112808227539
26,27.978926,1.9789257049560547
26,27.937834,1.9378337860107422
26,28.12751,2.1275100708007812
26,28.056664,2.0566635131835938
26,28.104488,2.1044883728027344
26,27.97598,1.9759807586669922
26,27.775383,1.7753829956054688
26,27.67965,1.6796493530273438
26,27.53429,1.5342903137207031
26,27.501558,1.5015583038330078
26,27.468372,1.4683723449707031
26,27.46606,1.4660606384277344
26,27.476688,1.4766883850097656
26,27.529053,1.529052734375
26,27.56678,1.5667800903320312
26,27.651274,1.6512737274169922
26,27.767323,1.7673225402832031
26,27.820604,1.8206043243408203
26,27.875181,1.8751811981201172
26,27.915247,1.9152469635009766
26,27.99207,1.9920692443847656
26,28.090887,2.0908870697021484
26,28.19645,2.1964492797851562
26,28.183952,2.1839523315429688
26,28.24727,2.2472705841064453
26,28.124348,2.124347686767578
26,28.197979,2.197978973388672
26,28.194202,2.194202423095703
26,28.299286,2.299285888671875
26,28.31293,2.312929153442383
26,28.356176,2.3561763763427734
26,28.337301,2.337301254272461
26,28.339115,2.3391151428222656
26,28.284039,2.284038543701172
26,28.145979,2.1459789276123047
26,28.101282,2.1012821197509766
26,28.163479,2.1634788513183594
26,28.189726,2.189725875854492
26,28.196114,2.1961135864257812
26,28.2158,2.215799331665039
26,28.22906,2.2290592193603516
26,28.234123,2.2341232299804688
26,28.276737,2.2767372131347656
26,28.306988,2.306987762451172
26,28.34177,2.3417701721191406
26,28.368187,2.3681869506835938
26,29.457533,3.4575328826904297
26,30.123636,4.123636245727539
26,30.788984,4.788984298706055
26,30.997166,4.997165679931641
26,31.429998,5.429998397827148
26,30.589981,4.5899810791015625
26,30.603313,4.603313446044922
26,29.389591,3.3895912170410156
26,29.587524,3.5875244140625
26,28.912355,2.912355422973633
26,29.302162,3.3021621704101562
26,28.411238,2.4112377166748047
26,29.262163,3.2621631622314453
26,28.880499,2.8804988861083984
26,29.21042,3.210420608520508
26,28.032953,2.0329532623291016
26,30.270855,4.270854949951172
26,29.282125,3.282125473022461
26,31.417809,5.417808532714844
26,30.75967,4.759670257568359
26,33.27865,7.278648376464844
26,33.19767,7.197669982910156
26,35.245132,9.245132446289062
26,34.80269,8.802688598632812
26,36.325874,10.325874328613281
26,36.286407,10.286407470703125
26,38.364628,12.364627838134766
26,39.904568,13.90456771850586
26,42.411243,16.411243438720703
26,40.467358,14.467357635498047
26,39.047237,13.047237396240234
26,36.065384,10.065383911132812
26,34.33269,8.332691192626953
26,32.21165,6.211650848388672
26,31.55335,5.553350448608398
26,30.6546,4.654600143432617
26,30.487335,4.487335205078125
26,30.198471,4.1984710693359375
26,30.365862,4.365861892700195
26,29.807974,3.807973861694336
26,29.909937,3.9099369049072266
26,29.061,3.0610008239746094
26,29.49752,3.4975204467773438
26,29.223457,3.2234573364257812
26,30.191492,4.191492080688477
26,30.646446,4.646446228027344
26,31.126808,5.126808166503906
26,31.843262,5.84326171875
26,32.136284,6.136283874511719
26,31.779278,5.779277801513672
26,31.617496,5.617496490478516
26,30.885439,4.885438919067383
26,31.78467,5.784669876098633
26,30.041367,4.0413665771484375
26,30.641552,4.641551971435547
26,28.584408,2.5844078063964844
26,29.465683,3.4656829833984375
26,29.688099,3.688098907470703
26,31.570784,5.570783615112305
26,31.090254,5.090253829956055
26,32.7735,6.77349853515625
26,32.316093,6.316093444824219
26,33.454437,7.454437255859375
26,32.678993,6.678993225097656
26,33.662987,7.662986755371094
26,33.12577,7.125770568847656
26,33.59549,7.595489501953125
26,33.530983,7.530982971191406
26,34.31082,8.310821533203125
26,35.477955,9.477954864501953
26,35.9587,9.958698272705078
26,35.04879,9.048789978027344
26,35.48759,9.487590789794922
26,36.838585,10.838584899902344
26,38.813377,12.813377380371094
26,39.24826,13.248260498046875
26,40.979416,14.979415893554688
26,42.20775,16.207748413085938
26,41.53975,15.539749145507812
26,40.178177,14.178176879882812
26,37.422623,11.422622680664062
26,36.321598,10.321598052978516
26,34.59145,8.591449737548828
26,34.998512,8.998512268066406
26,33.707485,7.707485198974609
26,34.0908,8.090801239013672
26,32.62964,6.629638671875
26,33.078903,7.0789031982421875
26,31.972744,5.972743988037109
26,32.06184,6.061840057373047
26,31.31937,5.319370269775391
25,31.426153,6.426153182983398
25,29.99699,4.996990203857422
25,30.392363,5.392362594604492
25,32.71638,7.716381072998047
25,30.70262,5.702619552612305
25,33.338974,8.338973999023438
25,31.340422,6.340421676635742
25,33.800648,8.800647735595703
25,32.408302,7.408302307128906
25,34.215088,9.215087890625
25,32.91887,7.9188690185546875
25,34.227997,9.227996826171875
25,33.238792,8.238792419433594
25,34.022022,9.022022247314453
25,33.33116,8.331161499023438
25,33.8049,8.804901123046875
25,33.264206,8.264205932617188
25,33.71155,8.711551666259766
25,33.11709,8.117088317871094
25,33.39877,8.39876937866211
25,32.87345,7.873451232910156
25,33.13809,8.13808822631836
25,32.671627,7.671627044677734
25,32.834984,7.834983825683594
25,32.36813,7.368129730224609
25,32.465294,7.465293884277344
25,32.123306,7.1233062744140625
25,32.05431,7.054309844970703
25,31.553673,6.553672790527344
25,31.563297,6.563297271728516
25,31.018438,6.018438339233398
25,30.901371,5.901371002197266
25,30.498728,5.498727798461914
25,30.393566,5.393566131591797
25,29.921366,4.921365737915039
25,29.849457,4.849456787109375
25,29.529268,4.529268264770508
25,29.450718,4.450717926025391
25,29.291935,4.291934967041016
25,29.131075,4.131074905395508
25,29.089771,4.089771270751953
25,28.926418,3.9264183044433594
25,28.976559,3.9765586853027344
25,28.965343,3.965343475341797
25,29.014967,4.01496696472168
25,28.974468,3.974468231201172
25,28.962574,3.962574005126953
25,28.863026,3.863025665283203
25,28.885305,3.885305404663086
25,28.789879,3.7898788452148438
25,28.848524,3.8485240936279297
25,28.850262,3.850261688232422
25,28.967644,3.9676437377929688
25,29.017399,4.017398834228516
25,29.114626,4.114625930786133
25,29.21175,4.211750030517578
25,29.29713,4.297130584716797
25,29.357899,4.357898712158203
25,29.462973,4.462972640991211
25,29.499363,4.499362945556641
25,29.585491,4.585491180419922
25,29.422642,4.422641754150391
25,29.347778,4.3477783203125
25,28.841465,3.8414649963378906
25,28.694887,3.694887161254883
25,28.655865,3.655864715576172
25,28.866138,3.866138458251953
25,27.57586,2.5758590698242188
25,27.915264,2.915264129638672
25,27.418554,2.4185543060302734
25,27.57312,2.5731201171875
25,27.724724,2.7247238159179688
25,28.366947,3.3669471740722656
25,28.582912,3.5829124450683594
25,28.88337,3.8833694458007812
25,28.884726,3.884725570678711
25,29.079952,4.079952239990234
25,29.055002,4.055002212524414
25,29.032848,4.032848358154297
25,29.012163,4.012163162231445
25,28.945257,3.9452571868896484
25,28.963636,3.9636363983154297
25,29.244888,4.2448883056640625
25,29.029633,4.029632568359375
25,29.114792,4.1147918701171875
25,29.10329,4.103290557861328
25,29.160378,4.160377502441406
25,28.795744,3.795743942260742
25,28.881186,3.881185531616211
25,28.47005,3.470050811767578
25,28.37445,3.37445068359375
25,28.547426,3.547426223754883
25,28.723194,3.723194122314453
25,28.744556,3.744556427001953
25,28.814867,3.8148670196533203
25,28.892696,3.8926963806152344
25,28.980019,3.9800186157226562
25,28.963919,3.963918685913086
25,28.811056,3.811056137084961
25,28.468079,3.46807861328125
25,28.49625,3.4962501525878906
25,28.640003,3.640003204345703
25,28.923874,3.9238739013671875
25,29.389643,4.389642715454102
25,29.531391,4.531391143798828
25,29.676344,4.67634391784668
25,29.811417,4.8114166259765625
25,29.70118,4.701179504394531
25,29.724007,4.724006652832031
25,29.557741,4.557741165161133
25,29.516792,4.516792297363281
25,29.447586,4.4475860595703125
25,29.525105,4.525104522705078
25,29.4553,4.455299377441406
25,29.322475,4.322475433349609
25,29.44079,4.440790176391602
25,29.77729,4.777290344238281
25,29.876965,4.876964569091797
25,30.045849,5.045848846435547
25,30.232733,5.232732772827148
25,30.368908,5.368907928466797
25,30.402786,5.4027862548828125
25,30.400135,5.400135040283203
25,30.848866,5.848865509033203
25,31.074898,6.074897766113281
25,31.03489,6.034889221191406
25,31.137716,6.137716293334961
25,31.063194,6.063194274902344
25,30.338404,5.338403701782227
25,30.212585,5.21258544921875
25,29.993462,4.993461608886719
25,30.005592,5.005592346191406
25,30.056986,5.056985855102539
25,29.996758,4.996757507324219
25,30.066488,5.066488265991211
25,30.145264,5.145263671875
25,30.356125,5.3561248779296875
25,30.509277,5.50927734375
25,30.502243,5.5022430419921875
25,30.71106,5.7110595703125
25,30.712078,5.712078094482422
25,30.424093,5.424093246459961
25,30.243292,5.243291854858398
25,30.132597,5.132596969604492
25,29.960861,4.9608612060546875
25,29.786686,4.786685943603516
25,29.774723,4.774723052978516
25,29.67128,4.6712799072265625
25,29.469215,4.469215393066406
25,29.237152,4.237152099609375
25,29.252659,4.252658843994141
25,29.0626,4.062599182128906
25,29.202711,4.20271110534668
25,29.180595,4.180595397949219
25,29.244467,4.244466781616211
25,29.17447,4.174470901489258
25,29.250992,4.2509918212890625
25,29.224037,4.224037170410156
25,29.232838,4.232837677001953
25,29.243448,4.243448257446289
25,29.29824,4.298240661621094
25,29.23991,4.239910125732422
25,29.516937,4.516937255859375
25,31.591438,6.591438293457031
25,32.5191,7.519100189208984
25,32.94244,7.942440032958984
25,33.284756,8.28475570678711
25,31.968845,6.968845367431641
25,32.156345,7.156345367431641
25,31.15403,6.154029846191406
25,31.42669,6.426689147949219
25,30.776978,5.7769775390625
25,31.283028,6.283027648925781
25,30.436665,5.436664581298828
25,30.802021,5.802021026611328
25,28.643328,3.6433277130126953
25,29.717422,4.7174224853515625
25,29.402157,4.402156829833984
25,30.103472,5.103471755981445
25,30.112331,5.112331390380859
25,30.58993,5.589929580688477
25,30.034683,5.0346832275390625
25,30.979748,5.979747772216797
25,30.224583,5.224582672119141
25,31.45399,6.453990936279297
25,30.757868,5.757867813110352
25,32.657913,7.6579132080078125
25,32.41323,7.413230895996094
25,34.852135,9.852134704589844
25,33.454887,8.454887390136719
25,39.031597,14.031597137451172
25,35.39335,10.393348693847656
25,37.864555,12.864555358886719
25,34.081963,9.081962585449219
25,34.768013,9.768013000488281
25,32.96347,7.963470458984375
25,33.956398,8.956398010253906
25,32.58357,7.583568572998047
25,33.236465,8.236465454101562
25,32.27309,7.273090362548828
25,32.981213,7.981212615966797
25,33.384056,8.384056091308594
25,33.19355,8.193550109863281
25,33.326103,8.326103210449219
24,33.85399,9.853988647460938
24,33.05681,9.056808471679688
24,33.76127,9.761268615722656
24,34.57982,10.579818725585938
24,33.568146,9.568145751953125
24,35.178116,11.178115844726562
24,34.08591,10.08591079711914
24,35.65737,11.657371520996094
24,34.25454,10.254539489746094
24,35.13971,11.13970947265625
24,33.508537,9.508537292480469
24,32.66749,8.667488098144531
24,31.387722,7.387722015380859
24,30.785456,6.785455703735352
24,31.02504,7.0250396728515625
24,30.443369,6.443368911743164
24,31.836708,7.836708068847656
24,29.972343,5.972343444824219
24,31.12548,7.125480651855469
24,29.3723,5.3722991943359375
24,30.642265,6.642265319824219
24,29.227594,5.227594375610352
24,31.17998,7.17997932434082
24,29.109985,5.1099853515625
24,31.113087,7.113086700439453
24,29.65373,5.653730392456055
24,31.140774,7.140773773193359
24,30.031939,6.031938552856445
24,31.0424,7.042400360107422
24,29.940304,5.940303802490234
24,30.884706,6.884706497192383
24,29.90472,5.904720306396484
24,31.6604,7.660400390625
24,29.108604,5.108604431152344
24,30.1298,6.129800796508789
24,27.994532,3.9945316314697266
24,28.908861,4.90886116027832
24,27.682537,3.682537078857422
24,28.284405,4.284404754638672
24,27.632011,3.6320114135742188
24,27.836933,3.836933135986328
24,27.407063,3.407062530517578
24,27.394638,3.3946380615234375
24,27.207972,3.2079715728759766
24,27.168385,3.168384552001953
24,27.007795,3.0077953338623047
24,26.986055,2.986055374145508
24,26.950518,2.9505176544189453
24,27.095963,3.0959625244140625
24,27.186161,3.1861610412597656
24,27.307442,3.3074417114257812
24,27.244692,3.244691848754883
24,27.385788,3.3857879638671875
24,27.330479,3.3304786682128906
24,27.458597,3.458597183227539
24,27.42797,3.4279708862304688
24,27.546234,3.546234130859375
24,27.55024,3.5502395629882812
24,27.499275,3.4992752075195312
24,27.622198,3.6221981048583984
24,27.60778,3.6077804565429688
24,27.789045,3.7890453338623047
24,27.788157,3.788156509399414
24,27.885086,3.8850860595703125
24,27.814795,3.8147945404052734
24,27.811155,3.811155319213867
24,27.713768,3.7137680053710938
24,27.66991,3.669910430908203
24,27.54968,3.549680709838867
24,27.509905,3.5099048614501953
24,26.843113,2.8431129455566406
24,26.676208,2.67620849609375
24,27.102106,3.1021060943603516
24,28.38105,4.381050109863281
24,27.548704,3.548704147338867
24,28.319038,4.319038391113281
24,27.45306,3.4530601501464844
24,27.689774,3.6897735595703125
24,27.059116,3.0591163635253906
24,27.574516,3.5745162963867188
24,27.29258,3.2925796508789062
24,27.55671,3.5567092895507812
24,27.328781,3.3287811279296875
24,27.928665,3.9286651611328125
24,27.826584,3.8265838623046875
24,28.334618,4.334617614746094
24,28.215416,4.215415954589844
24,28.607689,4.607688903808594
24,28.388805,4.388805389404297
24,28.691486,4.691486358642578
24,28.456945,4.456945419311523
24,28.61347,4.613470077514648
24,28.237799,4.237798690795898
24,28.566158,4.566158294677734
24,28.189203,4.189203262329102
24,28.689512,4.689512252807617
24,28.375515,4.375514984130859
24,28.934967,4.934967041015625
24,29.900585,5.900585174560547
24,30.56532,6.565319061279297
24,30.399,6.39900016784668
24,30.13702,6.137020111083984
24,29.871675,5.871675491333008
24,29.74886,5.748859405517578
24,29.724058,5.724058151245117
24,30.15907,6.159069061279297
24,30.126568,6.126567840576172
24,30.298931,6.298931121826172
24,30.054842,6.054841995239258
24,30.176817,6.176816940307617
24,30.109684,6.109683990478516
24,30.118216,6.118215560913086
24,30.070585,6.070585250854492
24,30.057766,6.057765960693359
24,30.060486,6.06048583984375
24,30.01659,6.016590118408203
24,30.043392,6.043392181396484
24,30.156073,6.156072616577148
24,30.127731,6.1277313232421875
24,30.167145,6.167144775390625
24,29.950289,5.950288772583008
24,29.669765,5.669765472412109
24,29.705658,5.705657958984375
24,29.925777,5.925777435302734
24,29.880154,5.880153656005859
24,29.98913,5.989130020141602
24,29.907478,5.907478332519531
24,29.897919,5.897918701171875
24,29.834867,5.834867477416992
24,29.820026,5.820026397705078
24,29.747883,5.747882843017578
24,29.79746,5.797460556030273
24,29.767487,5.767486572265625
24,29.647644,5.64764404296875
24,29.557823,5.557823181152344
24,29.513924,5.513923645019531
24,29.719528,5.7195281982421875
24,29.823929,5.8239288330078125
24,30.023117,6.0231170654296875
24,30.155464,6.155464172363281
24,29.961018,5.961017608642578
24,30.052198,6.05219841003418
24,29.868828,5.868827819824219
24,30.019987,6.019987106323242
24,29.823826,5.823825836181641
24,29.811676,5.811676025390625
24,29.550156,5.5501556396484375
24,29.659046,5.659046173095703
24,29.553112,5.553112030029297
24,29.796057,5.796056747436523
24,29.477749,5.477748870849609
24,29.5068,5.506799697875977
24,29.504238,5.504238128662109
24,29.58217,5.582170486450195
24,29.573446,5.573446273803711
24,29.621408,5.621408462524414
24,29.533268,5.533267974853516
24,29.349085,5.349084854125977
24,29.297615,5.297615051269531
24,29.337317,5.337316513061523
24,29.15553,5.15553092956543
24,28.765268,4.765268325805664
24,28.062626,4.062625885009766
24,27.939789,3.939788818359375
24,27.402266,3.4022655487060547
24,27.530647,3.5306472778320312
24,26.970522,2.970521926879883
24,27.30582,3.3058204650878906
24,27.711826,3.7118263244628906
24,27.516361,3.5163612365722656
24,28.022915,4.022914886474609
24,28.35968,4.35968017578125
24,28.212963,4.212963104248047
24,27.868185,3.868185043334961
24,27.692135,3.6921348571777344
24,27.948166,3.9481658935546875
24,27.750834,3.750833511352539
24,27.786182,3.786182403564453
24,28.01683,4.0168304443359375
24,27.972248,3.972248077392578
24,28.106438,4.106437683105469
24,28.138802,4.138801574707031
24,28.202543,4.202543258666992
24,28.230461,4.230461120605469
24,28.46817,4.468170166015625
24,28.62651,4.6265106201171875
24,28.85973,4.859729766845703
24,28.92053,4.920530319213867
24,28.87899,4.878990173339844
24,28.88041,4.880409240722656
24,28.794395,4.794395446777344
24,28.872114,4.872114181518555
24,28.749063,4.749063491821289
24,28.655468,4.655467987060547
24,28.532574,4.532573699951172
24,28.594326,4.594326019287109
24,28.535196,4.535196304321289
24,28.697943,4.697942733764648
24,28.629353,4.629352569580078
24,28.654743,4.654743194580078
24,28.672544,4.672544479370117
24,28.804583,4.804582595825195
24,28.91236,4.912359237670898
24,28.89401,4.894010543823242
24,28.9393,4.939300537109375
24,29.399704,5.3997039794921875
24,30.066246,6.066246032714844
24,30.951767,6.9517669677734375
24,30.706797,6.706796646118164
24,30.931238,6.931238174438477
24,31.372551,7.372550964355469
24,31.4033,7.403299331665039
24,30.968319,6.968318939208984
24,31.102375,7.102375030517578
24,30.88383,6.883829116821289
24,31.094074,7.094074249267578
24,31.039057,7.039056777954102
24,30.711395,6.711395263671875
24,30.329557,6.329557418823242
24,30.274086,6.274085998535156
24,30.92964,6.92963981628418
24,31.719128,7.719127655029297
24,31.935257,7.9352569580078125
24,32.16208,8.162078857421875
24,32.389206,8.389205932617188
24,32.055855,8.055854797363281
24,31.777908,7.7779083251953125
24,31.026142,7.026142120361328
24,30.899376,6.899375915527344
24,30.590544,6.590543746948242
24,30.559715,6.559715270996094
24,30.400099,6.40009880065918
24,31.645134,7.645133972167969
24,31.857613,7.857612609863281
24,32.702335,8.702335357666016
24,32.594284,8.594284057617188
24,32.627464,8.627464294433594
24,31.877354,7.877353668212891
24,31.658886,7.658885955810547
24,30.795408,6.795408248901367
24,30.871193,6.871192932128906
24,30.237146,6.237146377563477
24,29.959835,5.959835052490234
24,29.38801,5.388010025024414
24,29.247189,5.247188568115234
24,29.035366,5.035366058349609
24,28.84686,4.846860885620117
24,28.708435,4.70843505859375
24,28.440863,4.440862655639648
24,28.187567,4.187566757202148
24,27.781574,3.781574249267578
24,27.75034,3.7503395080566406
24,27.527641,3.5276412963867188
24,27.580227,3.5802268981933594
24,27.507843,3.507843017578125
24,28.0437,4.043699264526367
24,28.335724,4.335723876953125
24,29.289011,5.289011001586914
24,29.704006,5.704006195068359
24,30.389017,6.389017105102539
24,30.619371,6.61937141418457
24,31.414267,7.414266586303711
24,31.09959,7.099590301513672
23,30.760874,7.760873794555664
23,28.245289,5.245288848876953
23,27.976343,4.976343154907227
23,29.498905,6.498905181884766
23,27.463804,4.463804244995117
23,29.207956,6.207956314086914
23,27.115948,4.115947723388672
23,28.3977,5.397699356079102
23,26.949429,3.9494285583496094
23,28.030693,5.030693054199219
23,27.08749,4.087490081787109
23,27.86573,4.865730285644531
23,27.349625,4.3496246337890625
23,27.949902,4.949901580810547
23,27.596867,4.596866607666016
23,27.901867,4.901866912841797
23,27.56452,4.564519882202148
23,27.5135,4.513500213623047
23,27.19846,4.198459625244141
23,27.156694,4.156694412231445
23,26.894886,3.894886016845703
23,26.871948,3.8719482421875
23,26.68692,3.686920166015625
23,26.76769,3.767690658569336
23,26.493227,3.493227005004883
23,26.4722,3.472200393676758
23,26.134943,3.1349430084228516
23,26.045448,3.0454483032226562
23,25.817219,2.817218780517578
23,25.723051,2.723051071166992
23,25.265766,2.265766143798828
23,25.425352,2.425352096557617
23,24.955715,1.9557151794433594
23,25.17382,2.1738204956054688
23,24.762638,1.7626380920410156
23,24.895859,1.8958587646484375
23,24.672836,1.6728363037109375
23,24.821833,1.8218326568603516
23,24.652916,1.6529159545898438
23,24.607615,1.607614517211914
23,24.465153,1.4651527404785156
23,24.43874,1.4387397766113281
23,24.409286,1.4092864990234375
23,24.519735,1.519735336303711
23,24.61037,1.6103706359863281
23,24.76184,1.7618408203125
23,24.781553,1.7815532684326172
23,24.894123,1.8941230773925781
23,24.886545,1.886545181274414
23,24.873283,1.8732833862304688
23,24.789259,1.7892589569091797
23,24.647854,1.6478538513183594
23,24.597797,1.5977973937988281
23,24.485378,1.4853782653808594
23,24.489418,1.4894180297851562
23,24.427345,1.4273452758789062
23,24.492857,1.4928569793701172
23,24.573284,1.5732841491699219
23,24.59869,1.5986900329589844
23,24.655628,1.6556282043457031
23,24.692818,1.6928176879882812
23,24.763912,1.7639122009277344
23,24.715378,1.7153778076171875
23,24.702312,1.7023124694824219
23,24.603642,1.6036415100097656
23,24.408976,1.408975601196289
23,24.279308,1.2793083190917969
23,24.11459,1.1145896911621094
23,24.082378,1.0823783874511719
23,23.931768,0.9317684173583984
23,23.87949,0.8794898986816406
23,23.703352,0.7033519744873047
23,23.61239,0.6123905181884766
23,23.476686,0.4766864776611328
23,23.412037,0.4120368957519531
23,23.336811,0.3368110656738281
23,23.304596,0.304595947265625
23,23.305138,0.30513763427734375
23,23.362465,0.36246490478515625
23,23.423084,0.4230842590332031
23,23.452242,0.4522418975830078
23,23.481468,0.48146820068359375
23,23.52221,0.5222091674804688
23,23.598862,0.5988616943359375
23,23.599827,0.5998268127441406
23,23.656721,0.6567211151123047
23,23.787086,0.7870864868164062
23,23.666666,0.6666660308837891
23,23.668604,0.6686038970947266
23,23.713476,0.7134761810302734
23,23.82243,0.8224296569824219
23,23.813534,0.8135337829589844
23,24.25857,1.2585697174072266
23,24.238895,1.2388954162597656
23,24.687202,1.6872024536132812
23,24.771744,1.7717437744140625
23,24.886353,1.8863525390625
23,24.557358,1.5573577880859375
23,24.795568,1.7955684661865234
23,24.59898,1.5989799499511719
23,24.90623,1.9062309265136719
23,24.870434,1.8704338073730469
23,25.135601,2.135601043701172
23,24.970757,1.9707565307617188
23,24.728466,1.7284660339355469
23,24.923908,1.9239082336425781
23,24.691929,1.6919288635253906
23,24.981226,1.9812259674072266
23,24.877895,1.8778953552246094
23,24.907986,1.9079856872558594
23,24.822134,1.822134017944336
23,24.872272,1.8722724914550781
23,24.656616,1.6566162109375
23,24.823622,1.8236217498779297
23,24.774927,1.7749271392822266
23,24.693802,1.6938018798828125
23,24.647427,1.6474266052246094
23,24.610195,1.6101951599121094
23,24.73901,1.7390098571777344
23,24.85118,1.8511791229248047
23,24.863626,1.863626480102539
23,24.781372,1.7813720703125
23,24.673412,1.6734123229980469
23,24.5162,1.5161991119384766
23,24.313572,1.3135719299316406
23,24.486229,1.4862289428710938
23,24.550776,1.5507755279541016
23,24.518007,1.5180072784423828
23,24.765623,1.7656230926513672
23,24.836555,1.8365554809570312
23,24.54887,1.5488700866699219
23,24.548748,1.5487480163574219
23,24.437279,1.4372787475585938
23,24.260975,1.2609748840332031
23,24.26883,1.268829345703125
23,24.26679,1.2667903900146484
23,24.334059,1.3340587615966797
23,24.372438,1.3724384307861328
23,24.471806,1.4718055725097656
23,24.341003,1.34100341796875
23,24.394203,1.3942031860351562
23,24.344784,1.3447837829589844
23,24.382584,1.3825836181640625
23,24.347696,1.347696304321289
23,24.563873,1.563873291015625
23,24.658161,1.6581611633300781
23,24.93369,1.9336891174316406
23,24.904442,1.9044418334960938
23,25.0833,2.0832996368408203
23,24.845577,1.8455772399902344
23,24.775555,1.7755546569824219
23,24.730568,1.7305679321289062
23,24.947428,1.947427749633789
23,25.098637,2.0986366271972656
23,24.741863,1.7418632507324219
23,24.935692,1.9356918334960938
23,24.57431,1.574310302734375
23,24.75393,1.7539291381835938
23,24.691599,1.691598892211914
23,24.95448,1.9544792175292969
23,25.32676,2.3267593383789062
23,25.541643,2.5416431427001953
23,25.664127,2.6641273498535156
23,25.692032,2.6920318603515625
23,25.57849,2.578489303588867
23,25.881763,2.881763458251953
23,26.25562,3.2556190490722656
23,26.332668,3.3326683044433594
23,26.261026,3.261026382446289
23,25.898506,2.8985061645507812
23,25.704842,2.7048416137695312
23,25.553864,2.553863525390625
23,25.51466,2.514659881591797
23,25.704502,2.7045021057128906
23,25.55664,2.556640625
23,25.690649,2.6906490325927734
23,25.438498,2.438497543334961
23,25.535957,2.5359573364257812
23,25.740871,2.7408714294433594
23,25.913225,2.9132251739501953
23,25.843342,2.843341827392578
23,25.974909,2.9749088287353516
23,25.762718,2.7627182006835938
23,25.768456,2.7684555053710938
23,25.619389,2.6193885803222656
23,25.887337,2.8873367309570312
23,25.865973,2.8659725189208984
23,25.910398,2.910398483276367
23,25.793892,2.7938919067382812
23,25.71073,2.7107295989990234
23,25.521114,2.5211143493652344
23,25.51214,2.5121402740478516
23,25.258003,2.2580032348632812
23,25.329784,2.329784393310547
23,25.434414,2.4344139099121094
23,25.64286,2.6428604125976562
23,25.786488,2.786487579345703
23,25.392498,2.392498016357422
23,25.345154,2.34515380859375
23,24.972027,1.9720268249511719
23,25.420431,2.420431137084961
23,25.337387,2.3373870849609375
23,25.54544,2.545440673828125
23,25.560667,2.560667037963867
23,25.240126,2.2401256561279297
23,25.557713,2.5577125549316406
23,25.946526,2.9465255737304688
23,26.093773,3.0937728881835938
23,25.964254,2.964254379272461
23,25.769848,2.769847869873047
23,26.086971,3.0869712829589844
23,25.22131,2.2213096618652344
23,24.672842,1.672842025756836
23,24.493126,1.4931259155273438
23,24.485718,1.4857177734375
23,24.721794,1.7217941284179688
23,24.679325,1.6793251037597656
23,24.775808,1.775808334350586
23,24.734772,1.734771728515625
23,24.73196,1.7319602966308594
23,24.534996,1.5349960327148438
23,35.790936,12.790935516357422
23,36.391827,13.391826629638672
23,43.11443,20.114429473876953
23,41.671295,18.671295166015625
23,40.949768,17.94976806640625
23,40.322582,17.322582244873047
23,41.827656,18.827655792236328
23,41.79053,18.790531158447266
23,45.057747,22.05774688720703
23,45.910904,22.910903930664062
23,49.935925,26.935924530029297
23,51.050545,28.05054473876953
23,53.220062,30.220062255859375
23,52.536568,29.53656768798828
23,54.021816,31.02181625366211
23,53.0969,30.096900939941406
23,54.644653,31.6446533203125
23,54.099384,31.099384307861328
23,56.18168,33.181678771972656
23,56.045593,33.04559326171875
23,57.23653,34.23653030395508
22,55.714355,33.71435546875
22,55.29358,33.2935791015625
22,54.429237,32.429237365722656
22,53.273945,31.273944854736328
22,51.773582,29.773582458496094
22,48.944862,26.944862365722656
22,47.57898,25.5789794921875
22,32.42817,10.428169250488281
22,30.920658,8.920658111572266
22,26.640213,4.6402130126953125
22,26.545465,4.545465469360352
22,26.31807,4.3180694580078125
22,26.22503,4.225030899047852
22,26.05759,4.057590484619141
22,25.99389,3.9938907623291016
22,25.817421,3.8174209594726562
22,25.769087,3.7690868377685547
22,25.597775,3.5977745056152344
22,25.52575,3.5257492065429688
22,25.351955,3.3519554138183594
22,25.213394,3.2133941650390625
22,25.179726,3.1797256469726562
22,25.13285,3.1328506469726562
22,25.233063,3.233062744140625
22,25.24055,3.240549087524414
22,25.460617,3.4606170654296875
22,25.515629,3.5156288146972656
22,25.783142,3.78314208984375
22,25.65538,3.6553802490234375
22,25.787998,3.7879981994628906
22,25.542782,3.5427818298339844
22,25.535854,3.5358543395996094
22,25.418617,3.4186172485351562
22,25.25751,3.257509231567383
22,25.200012,3.20001220703125
22,24.923372,2.923372268676758
22,24.884813,2.8848133087158203
22,24.572254,2.572254180908203
22,24.575369,2.575368881225586
22,24.4282,2.4281997680664062
22,24.50998,2.509979248046875
22,24.439026,2.43902587890625
22,24.393286,2.3932857513427734
22,24.407682,2.407682418823242
22,24.441607,2.4416065216064453
22,24.527388,2.5273876190185547
22,24.614624,2.6146240234375
22,24.659115,2.6591148376464844
22,24.748882,2.748882293701172
22,24.710663,2.710662841796875
22,24.789572,2.789571762084961
22,24.887775,2.887775421142578
22,24.94632,2.946319580078125
22,25.016493,3.0164928436279297
22,24.980797,2.9807968139648438
22,24.93937,2.9393692016601562
22,25.000229,3.0002288818359375
22,24.967337,2.967336654663086
22,25.026356,3.026355743408203
22,25.133575,3.133575439453125
22,25.095106,3.0951061248779297
22,25.142374,3.142374038696289
22,25.611279,3.611278533935547
22,25.597462,3.597461700439453
22,25.950874,3.9508743286132812
22,25.97981,3.9798107147216797
22,24.751963,2.751962661743164
22,24.822182,2.8221817016601562
22,24.601128,2.6011276245117188
22,26.651657,4.6516571044921875
22,27.509377,5.509376525878906
22,27.95802,5.958019256591797
22,28.494574,6.494573593139648
22,27.646378,5.6463775634765625
22,26.649626,4.649625778198242
22,26.345419,4.345418930053711
22,26.299267,4.299266815185547
22,26.062027,4.0620269775390625
22,26.203281,4.203281402587891
22,26.037195,4.037195205688477
22,26.05017,4.0501708984375
22,26.115421,4.115421295166016
22,26.205011,4.205011367797852
22,26.310356,4.310356140136719
22,26.467518,4.467517852783203
22,26.445345,4.445344924926758
22,26.353256,4.3532562255859375
22,26.52453,4.524530410766602
22,26.683496,4.683496475219727
22,26.888609,4.888608932495117
22,27.039045,5.039045333862305
22,27.031963,5.031963348388672
22,26.634832,4.634832382202148
22,26.619526,4.619525909423828
22,26.603336,4.603336334228516
22,26.748608,4.748607635498047
22,26.517479,4.517478942871094
22,26.261433,4.261432647705078
22,26.453053,4.453052520751953
22,26.36948,4.369480133056641
22,26.472885,4.4728851318359375
22,26.414621,4.414621353149414
22,26.703796,4.70379638671875
22,26.697903,4.697902679443359
22,26.901207,4.901206970214844
22,26.764093,4.764093399047852
22,26.547115,4.547115325927734
22,26.566442,4.566442489624023
22,26.38961,4.389610290527344
22,26.711742,4.711742401123047
22,26.605247,4.605247497558594
22,27.394978,5.394977569580078
22,27.480036,5.480035781860352
22,27.352997,5.352996826171875
22,27.672623,5.6726226806640625
22,27.52607,5.526069641113281
22,27.602964,5.602964401245117
22,27.137997,5.137996673583984
22,26.767946,4.767946243286133
22,25.801807,3.801807403564453
22,25.819952,3.8199520111083984
22,25.682095,3.6820945739746094
22,29.352327,7.352327346801758
22,29.690569,7.690568923950195
22,30.79044,8.79043960571289
22,29.704828,7.704828262329102
22,29.407473,7.407472610473633
22,27.62075,5.620750427246094
22,27.983713,5.983713150024414
22,26.909998,4.909997940063477
22,27.491558,5.491558074951172
22,25.850662,3.8506622314453125
22,26.522177,4.522176742553711
22,25.44302,3.4430198669433594
22,26.397985,4.397985458374023
22,25.629755,3.6297550201416016
22,27.233618,5.233617782592773
22,26.764294,4.764293670654297
22,28.784725,6.784725189208984
22,26.923622,4.923622131347656
22,27.610039,5.610038757324219
22,25.554375,3.5543746948242188
22,26.96236,4.962360382080078
22,25.478783,3.4787826538085938
22,28.026905,6.026905059814453
22,26.953182,4.953182220458984
22,28.980549,6.980548858642578
22,27.930796,5.930795669555664
22,29.258596,7.258596420288086
22,27.821882,5.821882247924805
22,28.336372,6.336372375488281
22,27.640347,5.640346527099609
22,28.065567,6.0655670166015625
22,26.521935,4.521934509277344
22,27.241642,5.241641998291016
22,26.641256,4.641256332397461
22,27.538177,5.538177490234375
22,27.424473,5.424472808837891
22,28.15966,6.159660339355469
22,28.074665,6.074665069580078
22,29.517303,7.517303466796875
22,28.970882,6.970882415771484
22,29.938238,7.938238143920898
22,29.35017,7.350170135498047
22,29.56427,7.56427001953125
22,29.041286,7.041286468505859
22,28.55746,6.557460784912109
22,28.179075,6.179075241088867
22,28.261238,6.261238098144531
22,28.33549,6.335489273071289
22,28.298702,6.298702239990234
22,28.492023,6.492023468017578
22,28.426218,6.426218032836914
22,28.516228,6.516227722167969
22,28.387949,6.387948989868164
22,28.348461,6.348461151123047
22,28.343813,6.343812942504883
22,28.373615,6.373615264892578
22,28.676651,6.6766510009765625
22,29.051823,7.051822662353516
22,29.16091,7.160909652709961
22,29.391691,7.391691207885742
22,29.133005,7.133005142211914
22,30.164513,8.164512634277344
22,29.520897,7.520896911621094
22,30.410303,8.410303115844727
22,29.1088,7.108800888061523
22,29.910473,7.910472869873047
22,29.715557,7.715557098388672
22,29.89508,7.89508056640625
22,29.510538,7.510538101196289
22,29.954128,7.954128265380859
22,29.250051,7.250051498413086
22,29.687183,7.687183380126953
22,29.668701,7.668701171875
22,29.674534,7.674533843994141
22,29.451733,7.451732635498047
22,29.950699,7.9506988525390625
22,29.543484,7.543483734130859
22,30.011776,8.011775970458984
22,29.04039,7.0403900146484375
22,29.60212,7.602119445800781
22,28.930405,6.9304046630859375
22,29.519596,7.519596099853516
22,29.436253,7.436252593994141
22,29.603565,7.603565216064453
22,29.421219,7.4212188720703125
22,29.789303,7.789302825927734
22,29.383667,7.3836669921875
22,29.725153,7.725152969360352
22,28.777164,6.777164459228516
22,29.581543,7.58154296875
22,28.537577,6.537576675415039
22,29.437607,7.4376068115234375
22,28.756668,6.7566680908203125
22,30.461884,8.461883544921875
22,29.547707,7.547706604003906
22,30.85405,8.854049682617188
22,30.248318,8.24831771850586
22,31.2745,9.274499893188477
22,30.343039,8.343038558959961
22,30.887814,8.887813568115234
22,29.397762,7.397762298583984
22,30.13813,8.138130187988281
22,29.387232,7.387231826782227
22,31.049337,9.049337387084961
22,29.463558,7.463558197021484
22,30.770195,8.770195007324219
22,28.76825,6.76824951171875
22,30.122059,8.122058868408203
22,28.58751,6.5875091552734375
22,30.00951,8.009510040283203
22,29.181332,7.181331634521484
22,29.88406,7.884059906005859
22,29.535872,7.535871505737305
22,29.937653,7.937652587890625
22,30.016937,8.016937255859375
22,29.397806,7.397806167602539
22,28.900114,6.900114059448242
22,28.698793,6.698793411254883
22,28.087547,6.087547302246094
22,27.485632,5.485631942749023
22,26.718027,4.718027114868164
22,25.318708,3.3187084197998047
22,24.321997,2.3219966888427734
22,23.848759,1.8487586975097656
22,23.879463,1.8794631958007812
22,24.593927,2.5939273834228516
22,24.48074,2.4807395935058594
22,25.33252,3.33251953125
22,25.54388,3.5438804626464844
22,26.045036,4.045036315917969
22,25.992283,3.9922828674316406
22,26.158974,4.158973693847656
22,26.340885,4.340885162353516
22,26.4813,4.481300354003906
22,26.542011,4.542011260986328
22,26.742165,4.742164611816406
22,26.552208,4.552207946777344
22,26.654947,4.654947280883789
22,26.829897,4.829896926879883
22,26.714865,4.714864730834961
22,26.940865,4.940864562988281
22,27.414864,5.414863586425781
22,28.133924,6.13392448425293
22,28.338213,6.338212966918945
22,29.317968,7.317968368530273
22,28.950748,6.950748443603516
22,29.751366,7.751365661621094
22,29.068443,7.068443298339844
22,29.158237,7.158237457275391
21,28.652456,7.652456283569336
21,30.28283,9.282829284667969
21,29.432697,8.432697296142578
21,32.30327,11.303268432617188
21,29.013206,8.013206481933594
21,31.461956,10.461956024169922
21,28.339886,7.339885711669922
21,30.112234,9.112234115600586
21,27.899456,6.899456024169922
21,29.13803,8.138029098510742
21,27.761183,6.76118278503418
21,28.453281,7.453281402587891
21,27.462128,6.462127685546875
21,27.814806,6.81480598449707
21,27.021862,6.021862030029297
21,27.226889,6.226888656616211
21,26.647064,5.647064208984375
21,26.636377,5.636377334594727
21,26.228092,5.228092193603516
21,26.184505,5.184505462646484
21,25.871994,4.8719940185546875
21,25.83429,4.83428955078125
21,25.59319,4.593189239501953
21,25.470232,4.470232009887695
21,25.298786,4.298786163330078
21,25.221949,4.221948623657227
21,25.078339,4.078338623046875
21,25.067598,4.067598342895508
21,24.957409,3.957408905029297
21,24.809734,3.809734344482422
21,24.6292,3.629199981689453
21,24.505615,3.505615234375
21,24.523369,3.5233688354492188
21,24.475037,3.47503662109375
21,24.489834,3.4898338317871094
21,24.397705,3.397705078125
21,24.417934,3.4179344177246094
21,24.35043,3.3504295349121094
21,24.383335,3.3833351135253906
21,24.335482,3.335481643676758
21,24.330357,3.3303565979003906
21,24.292898,3.292898178100586
21,24.051403,3.051403045654297
21,24.268017,3.268016815185547
21,24.147148,3.1471481323242188
21,23.778084,2.7780838012695312
21,23.68446,2.684459686279297
21,23.904497,2.9044971466064453
21,24.12291,3.1229095458984375
21,24.463112,3.4631118774414062
21,24.234886,3.2348861694335938
21,24.320744,3.3207435607910156
21,24.098843,3.0988426208496094
21,24.092878,3.0928783416748047
21,23.98175,2.98175048828125
21,23.958504,2.9585037231445312
21,23.930052,2.930051803588867
21,24.21165,3.211650848388672
21,24.22253,3.2225303649902344
21,24.346226,3.3462257385253906
21,24.171783,3.171783447265625
21,24.25238,3.25238037109375
21,24.063206,3.0632057189941406
21,24.246206,3.246206283569336
21,23.941414,2.9414138793945312
21,24.097462,3.097461700439453
21,23.905024,2.9050235748291016
21,24.039097,3.0390968322753906
21,23.808102,2.8081016540527344
21,23.917141,2.9171409606933594
21,23.933008,2.9330081939697266
21,24.112322,3.1123218536376953
21,24.068216,3.068216323852539
21,24.161297,3.161296844482422
21,24.13152,3.131519317626953
21,24.133907,3.1339073181152344
21,24.082645,3.0826454162597656
21,24.049747,3.0497474670410156
21,23.964403,2.9644031524658203
21,23.95759,2.957590103149414
21,23.903902,2.903902053833008
21,24.011602,3.0116024017333984
21,24.36121,3.3612098693847656
21,24.36588,3.3658790588378906
21,25.109102,4.109102249145508
21,25.328459,4.328458786010742
21,25.264877,4.2648773193359375
21,26.11397,5.113969802856445
21,25.998587,4.998586654663086
21,26.54307,5.543069839477539
21,26.509819,5.509819030761719
21,26.975346,5.975345611572266
21,27.063997,6.063997268676758
21,27.457872,6.45787239074707
21,27.519695,6.519695281982422
21,27.905077,6.90507698059082
21,27.789875,6.789875030517578
21,27.645725,6.645725250244141
21,27.315521,6.315521240234375
21,26.869053,5.869052886962891
21,26.147552,5.147552490234375
21,25.717583,4.717582702636719
21,25.333355,4.333354949951172
21,26.208822,5.208822250366211
21,26.62538,5.62537956237793
21,27.110497,6.110496520996094
21,27.915361,6.915361404418945
21,28.277878,7.2778778076171875
21,28.488482,7.488481521606445
21,29.187145,8.187145233154297
21,29.777843,8.777843475341797
21,30.325058,9.325057983398438
21,30.093424,9.093423843383789
21,30.065022,9.065021514892578
21,29.834084,8.834083557128906
21,29.887623,8.887622833251953
21,29.65149,8.6514892578125
21,29.267982,8.267982482910156
21,29.021069,8.021068572998047
21,28.648712,7.648712158203125
21,28.351345,7.351345062255859
21,27.988626,6.988626480102539
21,27.720192,6.720191955566406
21,27.574535,6.574535369873047
21,27.162916,6.16291618347168
21,27.213564,6.213563919067383
21,27.070549,6.070549011230469
21,26.768269,5.768268585205078
21,26.732136,5.732135772705078
21,26.746536,5.7465362548828125
21,26.890432,5.890432357788086
21,26.440042,5.440042495727539
21,26.84257,5.842569351196289
21,26.548016,5.548015594482422
21,26.692568,5.692567825317383
21,26.073631,5.073631286621094
21,26.688042,5.688041687011719
21,24.68668,3.6866798400878906
21,25.50112,4.501119613647461
21,24.578169,3.5781688690185547
20,25.014456,5.014455795288086
20,22.332079,2.3320789337158203
20,23.791286,3.7912864685058594
20,23.484596,3.4845962524414062
20,23.348286,3.348285675048828
20,23.89329,3.893289566040039
20,23.517551,3.5175514221191406
20,24.01862,4.018619537353516
20,23.817997,3.8179969787597656
20,24.079708,4.079708099365234
20,24.073505,4.073505401611328
20,24.20297,4.202970504760742
20,24.24288,4.242879867553711
20,24.252045,4.252044677734375
20,24.221603,4.2216033935546875
20,24.219372,4.219371795654297
20,24.296589,4.296588897705078
20,24.257683,4.257682800292969
20,24.108593,4.108592987060547
20,24.045746,4.045745849609375
20,23.80957,3.8095703125
20,23.814344,3.8143444061279297
20,23.602577,3.6025772094726562
20,23.54662,3.546619415283203
20,23.369339,3.3693389892578125
20,23.26321,3.2632102966308594
20,23.067604,3.0676040649414062
20,23.019093,3.019092559814453
20,22.980389,2.980388641357422
20,22.898323,2.8983230590820312
20,22.74711,2.747110366821289
20,22.716417,2.7164173126220703
20,22.578602,2.578601837158203
20,22.581345,2.5813446044921875
20,22.4417,2.441699981689453
20,22.44317,2.4431705474853516
20,22.342701,2.342700958251953
20,22.34647,2.3464698791503906
20,22.30849,2.308490753173828
20,22.332232,2.3322315216064453
20,22.282673,2.282672882080078
20,22.3102,2.310199737548828
20,22.274187,2.2741870880126953
20,22.295883,2.2958831787109375
20,22.26522,2.2652206420898438
20,22.327665,2.327665328979492
20,21.987387,1.987386703491211
20,21.96591,1.9659099578857422
20,21.868546,1.8685455322265625
20,21.37184,1.3718395233154297
20,20.881111,0.8811111450195312
20,21.133602,1.1336021423339844
20,20.742561,0.7425613403320312
20,20.902435,0.902435302734375
20,20.783535,0.7835350036621094
20,21.51553,1.5155296325683594
20,21.319145,1.3191452026367188
20,21.584866,1.5848655700683594
20,21.617905,1.6179046630859375
20,23.261395,3.261394500732422
20,24.069847,4.069847106933594
20,25.480297,5.480297088623047
20,25.292274,5.292274475097656
20,24.913235,4.913234710693359
20,24.533867,4.533866882324219
20,24.45687,4.456869125366211
20,24.048233,4.0482330322265625
20,23.985512,3.9855117797851562
20,23.697678,3.6976776123046875
20,23.965038,3.965038299560547
20,23.863731,3.8637313842773438
20,23.156292,3.156291961669922
20,22.949385,2.9493846893310547
20,22.841469,2.8414688110351562
20,22.470642,2.47064208984375
20,22.627602,2.6276016235351562
20,23.18039,3.180389404296875
20,23.139324,3.139324188232422
20,23.49668,3.4966793060302734
20,23.350689,3.350688934326172
20,23.340858,3.3408584594726562
20,23.155056,3.1550559997558594
20,23.38744,3.387439727783203
20,23.457537,3.4575366973876953
20,23.656044,3.6560440063476562
20,23.351685,3.3516845703125
20,23.2651,3.2651004791259766
20,23.32743,3.3274307250976562
20,23.461748,3.4617481231689453
20,23.589071,3.589071273803711
20,23.980675,3.9806747436523438
20,23.938568,3.938568115234375
20,24.267548,4.267547607421875
20,23.893913,3.8939132690429688
20,23.849812,3.849811553955078
20,23.733334,3.7333335876464844
20,23.927761,3.9277610778808594
20,23.762707,3.762706756591797
20,23.71239,3.712390899658203
20,23.93764,3.9376392364501953
20,24.221985,4.22198486328125
20,24.656841,4.656841278076172
20,24.438694,4.438694000244141
20,24.92557,4.925569534301758
20,23.552538,3.5525379180908203
20,23.163189,3.163188934326172
20,22.96249,2.9624900817871094
20,24.221058,4.221057891845703
20,22.773418,2.773418426513672
20,23.879694,3.8796939849853516
20,23.516945,3.5169448852539062
20,24.276478,4.276477813720703
20,23.71746,3.7174606323242188
20,24.30656,4.306560516357422
20,23.618889,3.6188888549804688
20,24.04433,4.044330596923828
20,23.718977,3.7189769744873047
20,24.222342,4.222341537475586
20,23.711649,3.711648941040039
20,23.927061,3.927061080932617
20,23.399023,3.3990230560302734
20,23.900976,3.9009761810302734
20,23.642769,3.6427688598632812
20,24.048594,4.048593521118164
20,24.062975,4.06297492980957
20,24.33347,4.333469390869141
20,24.304249,4.304248809814453
20,24.484917,4.484916687011719
20,23.955524,3.955524444580078
20,24.084457,4.0844573974609375
20,23.863567,3.863567352294922
20,24.098808,4.098808288574219
20,24.349892,4.349891662597656
20,24.723186,4.723186492919922
20,24.42353,4.423530578613281
20,24.418657,4.418657302856445
20,24.52003,4.520029067993164
20,25.294266,5.2942657470703125
20,24.840252,4.840251922607422
20,25.556652,5.556652069091797
20,24.896267,4.896266937255859
20,25.147892,5.147891998291016
20,24.608429,4.608428955078125
20,24.787714,4.787714004516602
20,24.542278,4.542278289794922
20,24.916077,4.91607666015625
20,25.075375,5.075374603271484
20,25.372236,5.372236251831055
20,25.613752,5.613752365112305
20,25.958477,5.958477020263672
20,25.725964,5.725963592529297
20,26.10015,6.100149154663086
20,25.989508,5.989507675170898
20,26.513683,6.513683319091797
20,25.90821,5.908210754394531
20,26.045282,6.045282363891602
20,25.540215,5.540214538574219
20,25.819038,5.819038391113281
20,25.335102,5.335102081298828
20,26.06136,6.061359405517578
20,22.908989,2.9089889526367188
20,24.694008,4.694007873535156
20,22.665852,2.665851593017578
20,24.609247,4.609247207641602
20,23.56393,3.5639305114746094
20,24.777863,4.777862548828125
20,23.901812,3.9018115997314453
20,25.025658,5.025657653808594
20,24.421082,4.42108154296875
20,25.2517,5.251699447631836
20,24.714233,4.7142333984375
20,25.429005,5.429004669189453
20,24.878555,4.8785552978515625
20,25.311676,5.311676025390625
20,24.521477,4.521476745605469
20,24.992054,4.992053985595703
20,24.541685,4.541685104370117
20,24.986263,4.986263275146484
20,24.17376,4.173759460449219
20,24.998535,4.99853515625
20,23.655838,3.6558380126953125
20,24.066479,4.066478729248047
20,23.437168,3.4371681213378906
20,23.736387,3.736387252807617
20,23.439045,3.439044952392578
20,23.59434,3.594339370727539
20,23.482117,3.48211669921875
20,23.553864,3.553863525390625
20,23.867912,3.8679122924804688
20,24.067558,4.067558288574219
20,24.105732,4.105731964111328
20,24.286062,4.286062240600586
20,24.348122,4.348121643066406
20,24.367695,4.367694854736328
20,24.285404,4.285404205322266
20,24.39132,4.391319274902344
20,24.240316,4.240316390991211
20,24.49053,4.490530014038086
20,24.48069,4.480690002441406
20,24.553333,4.553333282470703
20,24.478197,4.47819709777832
20,24.45082,4.4508209228515625
20,24.295809,4.295808792114258
20,24.346617,4.346616744995117
20,24.313744,4.313743591308594
20,24.67432,4.674320220947266
20,24.59423,4.594230651855469
20,24.92942,4.929420471191406
20,24.124092,4.124092102050781
20,25.687103,5.687103271484375
20,24.305153,4.305152893066406
20,25.910894,5.910894393920898
20,23.77003,3.770029067993164
20,24.98395,4.983949661254883
20,24.082943,4.082942962646484
20,25.003958,5.003957748413086
20,26.180386,6.180385589599609
20,26.747868,6.747867584228516
19,26.38898,7.388980865478516
19,25.848572,6.84857177734375
19,24.892157,5.892156600952148
19,27.706331,8.706331253051758
19,24.818365,5.818365097045898
19,27.977026,8.977025985717773
19,25.101746,6.10174560546875
19,27.755314,8.755313873291016
19,25.322353,6.322353363037109
19,26.746592,7.746591567993164
19,25.109936,6.109935760498047
19,26.319988,7.319988250732422
19,25.00267,6.0026702880859375
19,25.89898,6.898979187011719
19,24.92896,5.928960800170898
19,25.384766,6.384765625
19,24.914452,5.914451599121094
19,25.20353,6.203529357910156
19,24.972214,5.9722137451171875
19,25.279202,6.279201507568359
19,25.346123,6.346122741699219
19,25.125214,6.125213623046875
19,25.381432,6.381431579589844
19,24.754438,5.754438400268555
19,25.009119,6.009119033813477
19,24.331795,5.331794738769531
19,24.62656,5.626560211181641
19,24.16769,5.167690277099609
19,24.582184,5.582183837890625
19,24.042671,5.042671203613281
19,24.367779,5.367778778076172
19,23.898075,4.898075103759766
19,24.104021,5.104021072387695
19,23.89305,4.893049240112305
19,23.933102,4.933101654052734
19,23.7998,4.799800872802734
19,23.811918,4.811918258666992
19,23.794575,4.794574737548828
19,23.833286,4.833286285400391
19,23.856754,4.856754302978516
19,23.880117,4.880117416381836
19,23.906769,4.906768798828125
19,23.954506,4.954505920410156
19,23.968044,4.968044281005859
19,24.04242,5.04241943359375
19,24.039116,5.039115905761719
19,24.125248,5.125247955322266
19,24.155548,5.155548095703125
19,24.24216,5.242160797119141
19,24.270554,5.2705535888671875
19,24.260248,5.260248184204102
19,24.237125,5.237125396728516
19,24.235054,5.235054016113281
19,24.230743,5.230743408203125
19,24.207317,5.207317352294922
19,24.212196,5.212196350097656
19,24.184727,5.184726715087891
19,24.209442,5.209442138671875
19,24.191416,5.191415786743164
19,24.188274,5.188274383544922
19,24.160198,5.160198211669922
19,24.135921,5.135921478271484
19,24.154053,5.154052734375
19,24.160763,5.160762786865234
19,24.26654,5.26654052734375
19,24.271332,5.271331787109375
19,24.3984,5.398399353027344
19,24.441563,5.441562652587891
19,24.681171,5.681171417236328
19,24.650879,5.65087890625
19,24.828875,5.828874588012695
19,24.825275,5.825275421142578
19,24.995079,5.995079040527344
19,25.04493,6.044929504394531
19,25.189276,6.189275741577148
19,25.21577,6.215770721435547
19,25.2874,6.2873992919921875
19,25.29686,6.2968597412109375
19,25.27285,6.272850036621094
19,25.422615,6.422615051269531
19,24.605822,5.60582160949707
19,24.170734,5.170734405517578
19,24.055923,5.0559234619140625
19,23.831343,4.831342697143555
19,23.833683,4.833683013916016
19,23.397432,4.397432327270508
19,23.403698,4.403697967529297
19,23.134796,4.134796142578125
19,23.29724,4.297239303588867
19,22.692333,3.692333221435547
19,22.994276,3.9942760467529297
19,22.997866,3.997865676879883
19,23.060913,4.0609130859375
19,23.166471,4.166471481323242
19,23.423279,4.42327880859375
19,23.300198,4.300197601318359
19,23.212729,4.212728500366211
19,22.80066,3.8006591796875
19,22.637135,3.637134552001953
19,22.481625,3.4816246032714844
19,22.468113,3.4681129455566406
19,22.600563,3.6005630493164062
19,22.545395,3.5453948974609375
19,22.536507,3.5365066528320312
19,22.120003,3.1200027465820312
19,22.430042,3.430042266845703
19,22.130579,3.1305789947509766
19,22.328785,3.328784942626953
19,21.969845,2.9698448181152344
19,22.358772,3.3587722778320312
19,22.62482,3.6248207092285156
19,22.68446,3.684459686279297
19,22.962477,3.9624767303466797
19,22.601692,3.6016921997070312
19,22.625858,3.6258583068847656
19,22.59518,3.5951805114746094
19,22.555199,3.5551986694335938
19,22.65578,3.655780792236328
19,22.721771,3.721771240234375
19,22.770641,3.770641326904297
19,22.983646,3.9836463928222656
19,23.096485,4.096485137939453
19,22.841408,3.8414077758789062
19,23.242588,4.242588043212891
19,22.916851,3.916851043701172
19,23.159267,4.159267425537109
19,22.957008,3.9570083618164062
19,22.884293,3.8842926025390625
19,22.826002,3.8260021209716797
19,23.009333,4.009332656860352
19,22.785973,3.7859725952148438
19,22.99009,3.9900894165039062
19,22.843937,3.8439369201660156
19,22.621769,3.6217689514160156
19,22.516876,3.516876220703125
19,22.76618,3.7661800384521484
19,22.719955,3.7199554443359375
19,22.593502,3.5935020446777344
19,22.437984,3.4379844665527344
19,22.117031,3.1170310974121094
19,22.098429,3.098428726196289
19,21.77043,2.7704296112060547
19,21.896164,2.8961639404296875
19,21.92617,2.9261703491210938
19,21.887333,2.8873329162597656
19,21.898977,2.898977279663086
19,22.27513,3.2751293182373047
19,22.251854,3.2518539428710938
19,22.405474,3.4054737091064453
19,22.489468,3.4894676208496094
19,22.512352,3.5123519897460938
19,22.361977,3.3619766235351562
19,22.464924,3.464923858642578
19,22.214718,3.2147178649902344
19,22.240385,3.240385055541992
19,22.390862,3.3908615112304688
19,22.496101,3.4961013793945312
19,22.674824,3.674823760986328
19,23.560635,4.560634613037109
19,23.785069,4.785068511962891
19,24.046566,5.046566009521484
19,24.156605,5.156604766845703
19,24.49926,5.499259948730469
19,25.043633,6.043632507324219
19,25.77764,6.777639389038086
19,26.076199,7.076198577880859
19,26.255857,7.255857467651367
19,26.69426,7.6942596435546875
19,26.717539,7.717538833618164
19,26.948013,7.9480133056640625
19,26.66746,7.667459487915039
19,26.386086,7.386085510253906
19,25.888815,6.888814926147461
19,25.949043,6.949043273925781
19,25.333405,6.333404541015625
19,24.950077,5.950077056884766
19,24.779037,5.7790374755859375
19,24.326567,5.326566696166992
19,24.329466,5.329465866088867
19,24.437517,5.437517166137695
19,24.50763,5.50762939453125
19,24.56195,5.56195068359375
19,24.546932,5.546932220458984
19,24.60162,5.601619720458984
19,24.55864,5.5586395263671875
19,24.846413,5.846412658691406
19,24.950687,5.950687408447266
19,25.116697,6.116697311401367
19,24.890587,5.890586853027344
19,25.017754,6.017753601074219
19,25.036083,6.036083221435547
19,26.209385,7.209384918212891
19,26.289444,7.2894439697265625
19,26.65194,7.651939392089844
19,26.381775,7.38177490234375
19,26.39492,7.394920349121094
19,26.18509,7.185089111328125
19,26.17117,7.171169281005859
19,25.55223,6.5522308349609375
19,25.525543,6.525543212890625
19,25.274761,6.274761199951172
19,25.477201,6.477201461791992
19,25.420515,6.420515060424805
19,25.858742,6.858741760253906
19,26.011387,7.011386871337891
19,26.37928,7.379280090332031
19,26.358948,7.35894775390625
19,26.51604,7.516040802001953
19,26.740597,7.740596771240234
19,26.983053,7.983053207397461
19,27.375643,8.375642776489258
19,27.388447,8.388446807861328
19,27.23124,8.231239318847656
19,27.55206,8.552059173583984
19,27.533186,8.533185958862305
19,27.679874,8.679874420166016
19,28.061771,9.061771392822266
19,27.987606,8.987606048583984
19,28.762348,9.762348175048828
19,29.335234,10.335233688354492
19,29.938347,10.938346862792969
19,29.696583,10.696582794189453
19,30.104416,11.104415893554688
19,30.101109,11.10110855102539
19,29.427269,10.427268981933594
19,29.170753,10.170753479003906
19,27.931095,8.931095123291016
19,27.477375,8.477375030517578
19,27.026918,8.026918411254883
19,26.596802,7.5968017578125
19,26.184322,7.184322357177734
19,25.91138,6.911380767822266
19,25.75709,6.757089614868164
19,25.368004,6.368003845214844
19,25.11762,6.117620468139648
19,25.106506,6.10650634765625
19,24.98986,5.989860534667969
19,24.698263,5.698263168334961
19,25.062052,6.062051773071289
19,24.591228,5.591228485107422
19,24.629635,5.629634857177734
19,24.04026,5.040260314941406
19,24.20501,5.205009460449219
18,23.99685,5.996849060058594
18,23.586384,5.586383819580078
18,23.429945,5.42994499206543
18,23.763868,5.76386833190918
18,21.841513,3.841512680053711
18,22.992825,4.992824554443359
18,21.033731,3.033731460571289
18,22.25668,4.256679534912109
18,20.800419,2.8004188537597656
18,21.733932,3.7339324951171875
18,20.724918,2.7249183654785156
18,21.414295,3.414295196533203
18,20.524128,2.524127960205078
18,20.979431,2.97943115234375
18,20.222797,2.222797393798828
18,20.4949,2.4948997497558594
18,19.994928,1.9949283599853516
18,20.147476,2.1474761962890625
18,19.800102,1.8001022338867188
18,19.95496,1.9549598693847656
18,19.71045,1.71044921875
18,19.797178,1.7971782684326172
18,19.6259,1.6259002685546875
18,19.74003,1.740030288696289
18,19.604805,1.6048049926757812
18,19.791527,1.7915267944335938
18,19.768532,1.7685317993164062
18,20.023956,2.023956298828125
18,19.994003,1.9940032958984375
18,20.141272,2.1412715911865234
18,20.07711,2.0771102905273438
18,20.205328,2.2053279876708984
18,20.205631,2.2056312561035156
18,20.39093,2.39093017578125
18,20.455997,2.4559974670410156
18,20.685282,2.685281753540039
18,20.78761,2.787609100341797
18,21.114563,3.11456298828125
18,21.225054,3.2250537872314453
18,21.546219,3.5462188720703125
18,21.641691,3.641691207885742
18,21.883541,3.8835411071777344
18,21.881721,3.8817214965820312
18,22.010456,4.010456085205078
18,21.549614,3.5496139526367188
18,21.526274,3.526273727416992
18,20.832382,2.8323822021484375
18,21.180485,3.1804847717285156
18,21.180618,3.1806182861328125
18,21.044617,3.04461669921875
18,20.56066,2.560659408569336
18,21.10623,3.106229782104492
18,20.844627,2.8446273803710938
18,21.369972,3.3699722290039062
18,21.240685,3.2406845092773438
18,21.685112,3.6851119995117188
18,21.643291,3.643291473388672
18,22.035719,4.03571891784668
18,22.068218,4.068218231201172
18,22.15829,4.158290863037109
18,21.602947,3.602947235107422
18,21.394764,3.394763946533203
18,20.980122,2.980121612548828
18,21.251572,3.2515716552734375
18,21.1715,3.171499252319336
18,21.651842,3.6518421173095703
18,21.489532,3.489532470703125
18,21.914684,3.914684295654297
18,21.502718,3.502717971801758
18,21.509344,3.5093441009521484
18,21.038666,3.038665771484375
18,21.609,3.608999252319336
18,21.259886,3.259885787963867
18,21.41145,3.411449432373047
18,21.213942,3.2139415740966797
18,21.422112,3.4221115112304688
18,21.155361,3.1553611755371094
18,21.173729,3.1737289428710938
18,21.156364,3.1563644409179688
18,21.275644,3.275644302368164
18,21.173468,3.1734676361083984
18,21.224602,3.2246017456054688
18,21.199944,3.1999435424804688
18,21.37172,3.3717193603515625
18,21.177967,3.177967071533203
18,21.083897,3.0838966369628906
18,20.745403,2.745403289794922
18,20.573284,2.573284149169922
18,20.287777,2.2877769470214844
18,20.491491,2.4914913177490234
18,20.548744,2.5487442016601562
18,20.646194,2.6461944580078125
18,20.478241,2.478240966796875
18,20.47789,2.4778900146484375
18,20.442768,2.442768096923828
18,20.50423,2.504230499267578
18,20.473934,2.4739341735839844
18,20.590208,2.590208053588867
18,20.655922,2.6559219360351562
18,20.665363,2.665363311767578
18,20.57595,2.5759506225585938
18,20.67304,2.6730403900146484
18,20.691998,2.691997528076172
18,20.814106,2.814105987548828
18,20.789043,2.789043426513672
18,20.981287,2.9812870025634766
18,20.957722,2.957721710205078
18,20.954575,2.9545745849609375
18,21.066221,3.066221237182617
18,20.811993,2.811992645263672
18,20.709574,2.709573745727539
18,20.666187,2.666187286376953
18,20.359062,2.3590621948242188
18,20.55951,2.55950927734375
18,20.84317,2.843170166015625
18,20.88154,2.881540298461914
18,20.84366,2.843660354614258
18,22.252462,4.252462387084961
18,22.711735,4.711734771728516
18,23.573557,5.573556900024414
18,23.541363,5.541362762451172
18,23.344963,5.344963073730469
18,23.245724,5.245723724365234
18,23.402834,5.402833938598633
18,23.212208,5.212207794189453
18,23.510715,5.510715484619141
18,23.491417,5.491416931152344
18,23.766987,5.766986846923828
18,23.760925,5.76092529296875
18,23.864323,5.864322662353516
18,23.888231,5.88823127746582
18,23.91124,5.9112396240234375
18,24.14479,6.1447906494140625
18,24.046356,6.046356201171875
18,24.067482,6.067481994628906
18,24.265854,6.2658538818359375
18,24.371632,6.371631622314453
18,24.04463,6.04463005065918
18,23.753654,5.753654479980469
18,23.357216,5.357215881347656
18,24.126543,6.126543045043945
18,23.993052,5.993051528930664
18,25.71201,7.712009429931641
18,25.384096,7.384096145629883
18,25.361889,7.361888885498047
18,25.218443,7.218442916870117
18,25.185356,7.185356140136719
18,24.583265,6.58326530456543
18,24.229176,6.229175567626953
18,23.764366,5.764366149902344
18,23.57085,5.570850372314453
18,23.296167,5.296167373657227
18,23.31147,5.311470031738281
18,23.083107,5.083106994628906
18,23.04632,5.046319961547852
18,22.722635,4.722635269165039
18,22.704063,4.704063415527344
18,22.691935,4.691934585571289
18,22.761276,4.7612762451171875
18,22.57316,4.573160171508789
18,22.7504,4.750400543212891
18,22.940645,4.940645217895508
18,22.940472,4.940471649169922
18,22.6488,4.648799896240234
18,23.05949,5.059490203857422
18,22.716766,4.716766357421875
18,23.011013,5.011013031005859
18,22.780952,4.780952453613281
18,23.10076,5.100759506225586
18,23.012177,5.012176513671875
18,23.250965,5.250965118408203
18,23.174793,5.174793243408203
18,23.387554,5.387554168701172
18,23.008234,5.008234024047852
18,22.166653,4.166652679443359
18,22.71098,4.710979461669922
18,22.414272,4.414272308349609
18,23.155638,5.155637741088867
18,22.773918,4.773918151855469
18,22.82816,4.828159332275391
18,22.111534,4.111534118652344
18,22.557695,4.557695388793945
17,22.337858,5.337858200073242
17,21.983425,4.983425140380859
17,21.907873,4.907873153686523
17,24.70531,7.705310821533203
17,22.5053,5.505300521850586
17,25.234911,8.23491096496582
17,23.0293,6.029300689697266
17,24.863503,7.863502502441406
17,23.338436,6.338436126708984
17,24.366608,7.366607666015625
17,23.383953,6.383953094482422
17,23.851099,6.851099014282227
17,23.24675,6.2467498779296875
17,23.475725,6.475725173950195
17,23.066444,6.066444396972656
17,23.14189,6.141889572143555
17,22.794739,5.79473876953125
17,22.642311,5.642311096191406
17,22.383205,5.383205413818359
17,22.166597,5.166597366333008
17,21.952717,4.952716827392578
17,21.695457,4.695457458496094
17,21.551085,4.551084518432617
17,21.356266,4.356266021728516
17,21.192345,4.192344665527344
17,21.030226,4.03022575378418
17,20.841488,3.8414878845214844
17,20.703438,3.7034378051757812
17,20.630075,3.630075454711914
17,20.590717,3.590717315673828
17,20.505356,3.5053558349609375
17,20.407196,3.407196044921875
17,20.340532,3.3405323028564453
17,20.275974,3.2759742736816406
17,20.226738,3.2267379760742188
17,20.185024,3.1850242614746094
17,19.76112,2.761119842529297
17,19.747444,2.7474441528320312
17,19.854473,2.854473114013672
17,19.098526,2.0985260009765625
17,19.33813,2.3381309509277344
17,19.569784,2.569784164428711
17,19.930334,2.9303340911865234
17,19.675121,2.675121307373047
17,19.606781,2.606781005859375
17,19.608257,2.608257293701172
17,19.577263,2.5772628784179688
17,19.730576,2.7305755615234375
17,19.715244,2.7152442932128906
17,19.875847,2.8758468627929688
17,19.840813,2.8408126831054688
17,20.012781,3.0127811431884766
17,20.008518,3.0085182189941406
17,20.195333,3.195333480834961
17,20.180443,3.1804428100585938
17,20.329714,3.329713821411133
17,20.309883,3.3098831176757812
17,20.440266,3.440265655517578
17,20.399246,3.3992462158203125
17,20.509907,3.509906768798828
17,20.465357,3.4653568267822266
17,20.570591,3.5705909729003906
17,20.51972,3.5197200775146484
17,20.639297,3.6392974853515625
17,20.710564,3.7105636596679688
17,20.961105,3.9611053466796875
17,20.975914,3.9759140014648438
17,20.999037,3.9990367889404297
17,20.977547,3.9775466918945312
17,21.065714,4.065713882446289
17,21.139643,4.139642715454102
17,21.183636,4.183635711669922
17,21.171059,4.171058654785156
17,21.154865,4.154865264892578
17,21.128275,4.128274917602539
17,21.113155,4.113155364990234
17,21.056992,4.0569915771484375
17,20.991135,3.9911346435546875
17,20.911915,3.911914825439453
17,20.848122,3.8481216430664062
17,20.758076,3.758075714111328
17,20.663364,3.6633644104003906
17,20.586424,3.586423873901367
17,20.53775,3.537750244140625
17,20.462257,3.4622573852539062
17,20.065548,3.0655479431152344
17,20.011564,3.011564254760742
17,19.6902,2.6902008056640625
17,19.70564,2.7056407928466797
17,19.690582,2.690582275390625
17,19.820343,2.820343017578125
17,19.80035,2.8003501892089844
17,19.933016,2.933015823364258
17,19.944252,2.9442520141601562
17,20.099127,3.0991268157958984
17,20.155704,3.1557044982910156
17,20.34288,3.3428802490234375
17,20.412481,3.4124813079833984
17,20.543236,3.5432357788085938
17,20.49808,3.498079299926758
17,20.527021,3.5270214080810547
17,20.448463,3.4484634399414062
17,20.403316,3.4033164978027344
17,20.383799,3.383798599243164
17,20.4236,3.4235992431640625
17,20.42918,3.429180145263672
17,20.417515,3.4175148010253906
17,20.4352,3.435199737548828
17,20.297035,3.2970352172851562
17,20.459545,3.459545135498047
17,20.526562,3.526561737060547
17,20.625689,3.6256885528564453
17,20.77679,3.7767906188964844
17,20.975529,3.9755287170410156
17,20.952074,3.9520740509033203
17,20.905993,3.9059925079345703
17,20.745821,3.745820999145508
17,20.971035,3.9710350036621094
17,20.821083,3.8210830688476562
17,20.945707,3.945707321166992
17,20.830965,3.830965042114258
17,20.836796,3.8367958068847656
17,20.785355,3.7853546142578125
17,20.863462,3.863462448120117
17,20.737345,3.737344741821289
17,20.75251,3.7525100708007812
17,20.610413,3.61041259765625
17,20.725924,3.725923538208008
17,20.66274,3.662740707397461
17,20.752285,3.7522850036621094
17,20.533333,3.5333328247070312
17,20.609745,3.6097450256347656
17,20.58093,3.580930709838867
17,20.63646,3.6364593505859375
17,20.671473,3.6714725494384766
17,20.703287,3.703287124633789
17,20.68821,3.6882095336914062
17,20.675365,3.675365447998047
17,20.606197,3.6061973571777344
17,20.64183,3.6418304443359375
17,20.558807,3.558807373046875
17,20.621925,3.6219253540039062
17,20.52387,3.5238704681396484
17,20.592505,3.5925045013427734
17,20.59055,3.5905494689941406
17,20.57669,3.576690673828125
17,20.64734,3.647340774536133
17,20.778206,3.7782058715820312
17,20.883896,3.8838958740234375
17,20.890911,3.890911102294922
17,20.832554,3.8325538635253906
17,20.761364,3.761363983154297
17,20.745762,3.7457618713378906
17,20.58882,3.5888195037841797
17,20.577644,3.5776443481445312
17,20.586206,3.5862064361572266
17,20.606556,3.606555938720703
17,20.582104,3.582103729248047
17,20.550295,3.550294876098633
17,20.54943,3.5494308471679688
17,20.564983,3.564983367919922
17,20.548647,3.548646926879883
17,20.579203,3.579202651977539
17,20.77054,3.770540237426758
17,20.83356,3.8335609436035156
17,20.805532,3.805532455444336
17,20.73156,3.7315597534179688
17,20.721571,3.7215709686279297
17,20.650337,3.6503372192382812
17,20.617294,3.6172943115234375
17,20.609257,3.6092567443847656
17,20.635921,3.6359214782714844
17,20.652231,3.652231216430664
17,20.700745,3.70074462890625
17,20.728209,3.728208541870117
17,20.789001,3.78900146484375
17,20.731976,3.731975555419922
17,20.729294,3.7292938232421875
17,20.675919,3.6759185791015625
17,20.66047,3.6604690551757812
17,20.709223,3.7092227935791016
17,21.622673,4.622673034667969
17,22.455729,5.455728530883789
17,22.467861,5.467861175537109
17,22.520353,5.520353317260742
17,23.003304,6.003303527832031
17,23.286274,6.286273956298828
17,23.679823,6.67982292175293
17,24.014538,7.014537811279297
17,24.540342,7.540342330932617
17,24.68694,7.686939239501953
17,24.856583,7.8565826416015625
17,24.765638,7.76563835144043
17,24.70013,7.700130462646484
17,25.00598,8.005979537963867
17,25.585709,8.585708618164062
17,25.673687,8.673686981201172
17,25.90107,8.901069641113281
17,26.125074,9.12507438659668
17,26.208841,9.208841323852539
17,26.430164,9.430164337158203
17,26.569422,9.569421768188477
17,26.183237,9.183237075805664
17,26.101833,9.10183334350586
17,25.943419,8.943418502807617
17,26.00756,9.007560729980469
17,26.101906,9.101905822753906
17,26.203903,9.203903198242188
17,26.502985,9.502985000610352
17,26.766462,9.766462326049805
17,26.862583,9.86258316040039
17,26.91349,9.913490295410156
17,26.523823,9.523822784423828
17,25.400614,8.400613784790039
17,24.122643,7.122642517089844
17,24.053183,7.053182601928711
17,24.217041,7.217041015625
17,24.589273,7.589273452758789
17,24.038437,7.0384368896484375
17,24.860912,7.860912322998047
17,24.390846,7.390846252441406
17,25.049124,8.049123764038086
17,24.888268,7.888267517089844
17,25.156084,8.156084060668945
17,24.748386,7.748386383056641
17,25.20632,8.206319808959961
17,24.925636,7.925636291503906
17,25.406052,8.406051635742188
17,25.298828,8.298828125
17,25.650808,8.650808334350586
17,25.1098,8.109800338745117
17,25.313114,8.313114166259766
17,24.581451,7.581451416015625
17,24.787361,7.787361145019531
17,24.597952,7.597951889038086
17,24.775227,7.775226593017578
17,24.802181,7.802181243896484
17,24.797997,7.797996520996094
17,24.600851,7.600851058959961
17,24.103924,7.103923797607422
17,24.170885,7.17088508605957
17,24.041464,7.041463851928711
17,23.903503,6.90350341796875
17,23.889389,6.8893890380859375
17,23.601967,6.601966857910156
17,23.14501,6.145009994506836
17,22.652359,5.6523590087890625
17,22.8433,5.843299865722656
17,22.692013,5.692012786865234
17,22.95519,5.955190658569336
17,22.621954,5.621953964233398
17,22.96664,5.966640472412109
17,22.468185,5.4681854248046875
17,22.915348,5.915348052978516
17,22.519745,5.519744873046875
17,22.997402,5.997402191162109
17,22.858181,5.858180999755859
17,22.833023,5.8330230712890625
17,22.897028,5.897027969360352
17,22.488676,5.488676071166992
17,21.90305,4.903049468994141
17,21.793797,4.793796539306641
17,21.47454,4.474540710449219
17,20.94144,3.9414405822753906
17,22.156961,5.156961441040039
16,22.724823,6.724822998046875
16,21.761871,5.761871337890625
16,22.541573,6.541572570800781
16,22.021881,6.021881103515625
16,21.256752,5.256752014160156
16,21.969864,5.9698638916015625
16,21.153074,5.153074264526367
16,22.057798,6.057798385620117
16,21.742155,5.742155075073242
16,22.501377,6.501377105712891
16,22.476982,6.476982116699219
16,22.59911,6.599109649658203
16,22.658072,6.658071517944336
16,22.522617,6.522617340087891
16,22.481556,6.481555938720703
16,22.358398,6.3583984375
16,22.2536,6.253599166870117
16,22.185766,6.185766220092773
16,22.068705,6.068704605102539
16,22.013372,6.013372421264648
16,21.92487,5.924869537353516
16,21.876686,5.876686096191406
16,21.787268,5.787267684936523
16,21.756214,5.756214141845703
16,21.626324,5.626323699951172
16,21.52943,5.529430389404297
16,21.393848,5.393848419189453
16,21.311413,5.311412811279297
16,21.220081,5.220081329345703
16,21.139362,5.139362335205078
16,21.023287,5.023286819458008
16,20.871975,4.871974945068359
16,20.799969,4.799968719482422
16,20.67452,4.674520492553711
16,20.644241,4.6442413330078125
16,20.573534,4.57353401184082
16,20.53965,4.539649963378906
16,20.402279,4.402278900146484
16,20.381285,4.381284713745117
16,20.262634,4.26263427734375
16,20.4044,4.404399871826172
16,20.416977,4.4169769287109375
16,20.580242,4.580242156982422
16,20.608679,4.608678817749023
16,20.68515,4.685150146484375
16,20.722027,4.722026824951172
16,20.759533,4.759532928466797
16,20.82687,4.826869964599609
16,20.872238,4.8722381591796875
16,20.922136,4.922136306762695
16,20.949665,4.949665069580078
16,20.974354,4.974353790283203
16,21.0309,5.0308990478515625
16,21.044722,5.044721603393555
16,21.104122,5.104122161865234
16,21.113556,5.113555908203125
16,21.160225,5.160224914550781
16,21.176382,5.176382064819336
16,21.20057,5.200569152832031
16,21.245102,5.2451019287109375
16,21.248724,5.248723983764648
16,21.274632,5.274631500244141
16,21.286587,5.286586761474609
16,21.287985,5.287984848022461
16,21.178911,5.178911209106445
16,21.220102,5.220102310180664
16,21.18259,5.182590484619141
16,21.249992,5.249992370605469
16,21.232267,5.232267379760742
16,21.261265,5.261264801025391
16,21.203026,5.203025817871094
16,21.21182,5.211820602416992
16,21.144733,5.144733428955078
16,21.102604,5.102603912353516
16,21.115576,5.115575790405273
16,21.125547,5.125547409057617
16,21.175837,5.175836563110352
16,21.150162,5.1501617431640625
16,21.18692,5.186920166015625
16,21.222204,5.222204208374023
16,20.856815,4.856815338134766
16,20.848917,4.848917007446289
16,20.3733,4.373300552368164
16,20.598537,4.598537445068359
16,20.217964,4.217964172363281
16,20.35138,4.35137939453125
16,20.139885,4.139884948730469
16,20.37156,4.371559143066406
16,20.323715,4.3237152099609375
16,20.509985,4.509984970092773
16,20.44936,4.449359893798828
16,20.569527,4.569526672363281
16,20.404676,4.40467643737793
16,20.48432,4.484319686889648
16,20.226814,4.226814270019531
16,20.04553,4.045530319213867
16,19.935677,3.9356765747070312
16,20.055529,4.05552864074707
16,19.954187,3.9541873931884766
16,20.023012,4.023012161254883
16,19.808392,3.808391571044922
16,19.918674,3.9186744689941406
16,19.798098,3.798097610473633
16,19.957264,3.957263946533203
16,19.81062,3.810619354248047
16,19.988522,3.9885215759277344
16,19.79943,3.7994308471679688
16,20.04424,4.044240951538086
16,19.926527,3.9265270233154297
16,20.049763,4.049762725830078
16,19.99,3.989999771118164
16,20.141651,4.141651153564453
16,20.093328,4.093328475952148
16,20.179287,4.179286956787109
16,20.095211,4.095211029052734
16,20.06183,4.061830520629883
16,19.925411,3.9254112243652344
16,19.922619,3.922618865966797
16,19.79809,3.7980899810791016
16,19.791658,3.791658401489258
16,19.664103,3.664102554321289
16,19.811285,3.8112850189208984
16,19.746914,3.7469139099121094
16,19.909674,3.9096736907958984
16,19.779099,3.7790985107421875
16,19.942652,3.9426517486572266
16,19.83589,3.8358898162841797
16,19.880383,3.880382537841797
16,19.78293,3.782930374145508
16,19.875156,3.8751564025878906
16,19.833347,3.8333473205566406
16,19.9815,3.9815006256103516
16,19.890528,3.8905277252197266
16,19.994156,3.9941558837890625
16,19.876595,3.8765945434570312
16,20.03431,4.034309387207031
16,19.880024,3.880023956298828
16,20.022339,4.0223388671875
16,19.901115,3.9011154174804688
16,19.794697,3.794696807861328
16,19.568802,3.5688018798828125
16,19.601442,3.601442337036133
16,19.556526,3.5565261840820312
16,19.781986,3.7819862365722656
16,19.65163,3.651630401611328
16,19.743153,3.743152618408203
16,19.640566,3.640565872192383
16,19.9212,3.9211997985839844
16,19.974754,3.9747543334960938
16,20.036736,4.036735534667969
16,19.92592,3.9259204864501953
16,20.200195,4.2001953125
16,20.123747,4.123746871948242
16,20.041245,4.0412445068359375
16,19.774261,3.774261474609375
16,19.4516,3.45159912109375
16,19.768608,3.7686080932617188
16,19.592184,3.592184066772461
16,19.621758,3.6217575073242188
16,19.484535,3.4845352172851562
16,19.555925,3.5559253692626953
16,19.217432,3.2174320220947266
16,19.489323,3.4893226623535156
16,19.438807,3.4388065338134766
16,19.74106,3.741060256958008
16,19.89812,3.898120880126953
16,19.890285,3.8902854919433594
16,19.91801,3.918010711669922
16,19.911163,3.911163330078125
16,19.838533,3.838533401489258
16,19.851675,3.851675033569336
16,19.827477,3.8274765014648438
16,19.702015,3.702014923095703
16,19.76688,3.7668800354003906
16,19.667267,3.667266845703125
16,19.382685,3.3826847076416016
16,19.532797,3.532796859741211
16,19.650223,3.6502227783203125
16,20.204426,4.204425811767578
16,19.85973,3.859729766845703
16,20.204348,4.204347610473633
16,19.995417,3.9954166412353516
16,19.990364,3.9903640747070312
16,19.787117,3.7871170043945312
16,19.99449,3.9944896697998047
16,19.664394,3.6643943786621094
16,19.732693,3.7326927185058594
16,19.729622,3.7296218872070312
16,20.067413,4.067413330078125
16,19.929718,3.929718017578125
16,20.018501,4.018501281738281
16,19.792397,3.7923965454101562
16,20.239555,4.239555358886719
16,20.372313,4.372312545776367
16,20.150635,4.150634765625
16,20.172268,4.172267913818359
16,19.790028,3.790027618408203
16,19.917883,3.9178829193115234
16,20.772865,4.772865295410156
16,20.086704,4.086704254150391
16,20.601562,4.6015625
16,20.058014,4.058013916015625
16,20.487965,4.487964630126953
16,20.26737,4.267370223999023
16,20.55112,4.551120758056641
16,20.390175,4.390174865722656
16,20.414415,4.41441535949707
16,20.279833,4.27983283996582
16,20.325113,4.325113296508789
16,20.012733,4.012733459472656
16,20.019142,4.019142150878906
16,20.236788,4.236787796020508
16,20.200996,4.200996398925781
16,20.16627,4.166269302368164
16,20.117931,4.117931365966797
16,20.152386,4.152385711669922
16,20.143158,4.143157958984375
16,20.18792,4.187919616699219
16,20.193031,4.193031311035156
16,20.06113,4.061130523681641
16,19.990734,3.990734100341797
16,19.870657,3.870656967163086
16,20.040356,4.040355682373047
16,19.8227,3.8227005004882812
16,19.950603,3.950603485107422
16,20.843124,4.8431243896484375
16,21.490282,5.49028205871582
16,22.081814,6.081813812255859
16,22.110317,6.110317230224609
16,22.32017,6.320169448852539
16,22.489754,6.489753723144531
16,22.55841,6.55841064453125
16,21.779575,5.779575347900391
16,21.176605,5.176605224609375
16,21.164959,5.164958953857422
16,21.030865,5.030864715576172
16,21.05942,5.059419631958008
16,21.1212,5.1212005615234375
16,21.0099,5.009899139404297
16,21.11248,5.112480163574219
16,21.056202,5.056201934814453
16,21.216393,5.216392517089844
16,21.267551,5.267551422119141
16,21.30996,5.309959411621094
16,21.783722,5.783721923828125
16,22.308517,6.3085174560546875
16,22.663288,6.663288116455078
16,23.117462,7.117462158203125
16,23.951542,7.951541900634766
16,24.004889,8.004888534545898
16,24.250969,8.250968933105469
16,24.384968,8.384967803955078
16,24.540897,8.540897369384766
16,24.525398,8.525398254394531
16,24.657223,8.657222747802734
16,24.379911,8.379911422729492
16,24.399513,8.399513244628906
16,24.487694,8.487693786621094
16,24.6837,8.683700561523438
16,24.60428,8.604280471801758
16,24.925816,8.92581558227539
16,25.07457,9.074569702148438
16,25.38112,9.381120681762695
16,25.406864,9.406864166259766
16,25.711525,9.711524963378906
16,25.84274,9.84273910522461
16,26.174946,10.174945831298828
16,26.014727,10.014726638793945
16,26.281235,10.281234741210938
16,26.192665,10.192665100097656
16,26.395853,10.395853042602539
16,26.728945,10.728944778442383
16,26.772976,10.77297592163086
16,26.644905,10.644905090332031
16,26.286007,10.286006927490234
16,26.046642,10.046642303466797
16,25.57987,9.579870223999023
16,25.25156,9.25156021118164
16,24.877182,8.877182006835938
16,24.61576,8.615760803222656
16,24.174526,8.17452621459961
16,23.720201,7.72020149230957
16,24.06084,8.060840606689453
16,22.171326,6.17132568359375
16,22.701813,6.701812744140625
16,22.828354,6.8283538818359375
16,22.083075,6.083074569702148
16,22.661217,6.661216735839844
16,21.613726,5.613725662231445
16,21.020555,5.02055549621582
16,20.459705,4.459705352783203
15,20.220179,5.220178604125977
15,18.852783,3.852783203125
15,18.77726,3.7772598266601562
15,20.099056,5.099056243896484
15,18.543118,3.5431175231933594
15,19.87539,4.875389099121094
15,18.168139,3.1681385040283203
15,19.209688,4.209688186645508
15,18.041426,3.0414257049560547
15,18.991003,3.9910030364990234
15,18.28829,3.288290023803711
15,18.915215,3.9152145385742188
15,18.310722,3.3107223510742188
15,18.51788,3.5178794860839844
15,18.139574,3.1395740509033203
15,18.164885,3.164884567260742
15,17.86249,2.862489700317383
15,17.82169,2.8216896057128906
15,17.491844,2.4918441772460938
15,17.469368,2.4693679809570312
15,17.24892,2.248920440673828
15,17.28058,2.280580520629883
15,17.000128,2.0001277923583984
15,17.064638,2.064638137817383
15,16.83033,1.8303298950195312
15,16.92136,1.9213600158691406
15,16.723837,1.723836898803711
15,16.826286,1.8262863159179688
15,16.633747,1.6337471008300781
15,16.73809,1.7380905151367188
15,16.609123,1.6091232299804688
15,16.700546,1.7005462646484375
15,16.639683,1.6396827697753906
15,16.702766,1.7027664184570312
15,16.6534,1.6534004211425781
15,16.620026,1.620025634765625
15,16.636375,1.6363754272460938
15,16.594604,1.5946044921875
15,16.683237,1.683237075805664
15,16.291714,1.2917137145996094
15,16.557247,1.5572471618652344
15,17.25487,2.2548694610595703
15,17.309479,2.309478759765625
15,17.68441,2.6844100952148438
15,18.260616,3.2606163024902344
15,18.486366,3.4863662719726562
15,18.53358,3.533580780029297
15,18.531677,3.53167724609375
15,18.311863,3.3118629455566406
15,18.115086,3.1150856018066406
15,17.935543,2.9355430603027344
15,17.89011,2.8901100158691406
15,17.902344,2.90234375
15,17.830488,2.8304882049560547
15,17.771347,2.7713470458984375
15,17.858246,2.858245849609375
15,17.81461,2.8146095275878906
15,17.893948,2.8939476013183594
15,17.921995,2.921995162963867
15,17.945938,2.9459381103515625
15,17.871803,2.8718032836914062
15,17.858578,2.8585777282714844
15,17.759964,2.7599639892578125
15,18.064135,3.0641345977783203
15,18.012815,3.012815475463867
15,18.209284,3.2092838287353516
15,18.117058,3.1170578002929688
15,18.300991,3.3009910583496094
15,18.247507,3.247507095336914
15,18.268291,3.268291473388672
15,17.971313,2.9713134765625
15,17.995369,2.9953689575195312
15,17.87497,2.874969482421875
15,17.880442,2.880441665649414
15,17.79158,2.7915802001953125
15,17.869421,2.8694210052490234
15,17.87101,2.8710098266601562
15,18.065876,3.065876007080078
15,18.217482,3.2174816131591797
15,18.3397,3.339700698852539
15,18.392656,3.3926563262939453
15,18.369965,3.369964599609375
15,18.35893,3.3589305877685547
15,18.218174,3.2181739807128906
15,18.293793,3.293792724609375
15,18.2873,3.2873001098632812
15,18.374321,3.3743209838867188
15,18.404737,3.4047374725341797
15,18.432503,3.4325027465820312
15,18.522736,3.522735595703125
15,18.631039,3.6310386657714844
15,18.760305,3.760305404663086
15,18.797523,3.7975234985351562
15,18.76562,3.7656192779541016
15,18.854733,3.8547325134277344
15,18.29844,3.298440933227539
15,18.272055,3.272054672241211
15,18.086275,3.086275100708008
15,18.377708,3.3777084350585938
15,17.808027,2.8080272674560547
15,18.896305,3.8963050842285156
15,18.52029,3.5202903747558594
15,19.261179,4.261178970336914
15,18.547897,3.5478973388671875
15,18.718487,3.718486785888672
15,18.661856,3.661855697631836
15,18.85585,3.8558502197265625
15,18.472698,3.472698211669922
15,18.624718,3.6247177124023438
15,18.28187,3.281869888305664
15,18.358564,3.3585643768310547
15,18.014267,3.0142669677734375
15,18.50361,3.503610610961914
15,18.663757,3.66375732421875
15,18.72919,3.7291908264160156
15,19.28349,4.283489227294922
15,19.220863,4.220863342285156
15,19.016064,4.016063690185547
15,19.132252,4.132251739501953
15,19.221485,4.221485137939453
15,19.59375,4.59375
15,19.647049,4.6470489501953125
15,19.75391,4.753910064697266
15,19.787884,4.787883758544922
15,19.140963,4.140962600708008
15,19.445469,4.445468902587891
15,19.065594,4.065593719482422
15,19.605242,4.605241775512695
15,19.522282,4.522281646728516
15,19.788944,4.788944244384766
15,19.860928,4.860927581787109
15,19.97551,4.9755096435546875
15,20.071712,5.071712493896484
15,20.153946,5.1539459228515625
15,20.310934,5.310934066772461
15,20.353998,5.353998184204102
15,20.443209,5.443208694458008
15,20.382048,5.382047653198242
15,20.461918,5.461917877197266
15,20.385067,5.385066986083984
15,20.449697,5.449697494506836
15,20.40591,5.405910491943359
15,20.484394,5.484394073486328
15,20.478153,5.478153228759766
15,20.473839,5.473838806152344
15,20.528893,5.528892517089844
15,20.662888,5.6628875732421875
15,20.688866,5.688865661621094
15,20.778404,5.778404235839844
15,20.67894,5.6789398193359375
15,20.72298,5.722980499267578
15,20.684687,5.684686660766602
15,20.757702,5.757701873779297
15,20.729485,5.729484558105469
15,20.743645,5.743644714355469
15,20.746996,5.74699592590332
15,20.784931,5.784931182861328
15,20.757881,5.757881164550781
15,20.78506,5.785060882568359
15,20.732964,5.732963562011719
15,20.787731,5.787731170654297
15,20.28981,5.2898101806640625
14,20.103851,6.103851318359375
14,18.70919,4.709190368652344
14,19.89616,5.896160125732422
14,20.902462,6.902462005615234
14,20.581417,6.581417083740234
14,21.90307,7.903070449829102
14,20.961143,6.961143493652344
14,21.881037,7.881036758422852
14,21.160954,7.160953521728516
14,21.624296,7.624296188354492
14,21.2474,7.247400283813477
14,21.35248,7.352479934692383
14,21.20108,7.201080322265625
14,21.102734,7.102733612060547
14,20.785595,6.785594940185547
14,20.539867,6.539867401123047
14,20.25579,6.255790710449219
14,19.930367,5.930366516113281
14,19.70611,5.706110000610352
14,19.452076,5.452075958251953
14,19.32568,5.325679779052734
14,19.148106,5.148105621337891
14,19.10496,5.104959487915039
14,18.976574,4.976573944091797
14,18.918488,4.918487548828125
14,18.774857,4.7748565673828125
14,18.726175,4.726175308227539
14,18.701025,4.701025009155273
14,18.753105,4.753105163574219
14,18.732855,4.732854843139648
14,18.686142,4.6861419677734375
14,18.66261,4.662609100341797
14,18.679052,4.679052352905273
14,18.683937,4.683937072753906
14,18.72044,4.720439910888672
14,18.726532,4.726531982421875
14,18.649408,4.649408340454102
14,18.672806,4.6728057861328125
14,18.605856,4.605855941772461
14,18.693382,4.693382263183594
14,18.6293,4.629299163818359
14,18.648094,4.648094177246094
14,18.62752,4.627519607543945
14,18.67453,4.674530029296875
14,18.718756,4.718755722045898
14,18.792225,4.792224884033203
14,18.831287,4.831287384033203
14,18.889595,4.889595031738281
14,18.896727,4.896726608276367
14,18.940445,4.9404449462890625
14,18.969408,4.96940803527832
14,19.024696,5.024696350097656
14,19.094587,5.094587326049805
14,19.130747,5.130746841430664
14,19.13144,5.131439208984375
14,19.171026,5.171026229858398
14,19.170069,5.170068740844727
14,19.221416,5.221416473388672
14,19.201462,5.2014617919921875
14,19.265701,5.2657012939453125
14,19.248135,5.248134613037109
14,19.292505,5.292505264282227
14,19.274513,5.274513244628906
14,19.300535,5.300535202026367
14,19.295967,5.295967102050781
14,19.346525,5.346525192260742
14,19.345934,5.34593391418457
14,19.375244,5.375244140625
14,19.396418,5.396417617797852
14,19.45195,5.4519500732421875
14,19.4986,5.498600006103516
14,19.55666,5.556659698486328
14,19.575583,5.575582504272461
14,19.647957,5.647956848144531
14,19.69585,5.695850372314453
14,19.758873,5.758872985839844
14,19.793001,5.793001174926758
14,19.81773,5.817729949951172
14,19.810402,5.810401916503906
14,19.80382,5.80381965637207
14,19.779501,5.779500961303711
14,19.780254,5.780254364013672
14,19.783756,5.783756256103516
14,19.774029,5.774028778076172
14,19.735683,5.735683441162109
14,19.73248,5.732479095458984
14,19.729378,5.729377746582031
14,19.743391,5.743391036987305
14,19.718546,5.718545913696289
14,19.73044,5.730440139770508
14,19.695005,5.695005416870117
14,19.694006,5.694005966186523
14,19.541203,5.541202545166016
14,19.298416,5.2984161376953125
14,19.149534,5.149534225463867
14,18.805744,4.805744171142578
14,18.714216,4.714216232299805
14,18.736084,4.736083984375
14,18.684105,4.684104919433594
14,18.675718,4.675718307495117
14,18.57223,4.572229385375977
14,18.587877,4.58787727355957
14,18.465574,4.465574264526367
14,18.581947,4.581947326660156
14,18.524548,4.524547576904297
14,18.573355,4.573354721069336
14,18.490435,4.490434646606445
14,18.460535,4.460535049438477
14,18.416565,4.41656494140625
14,18.399393,4.399393081665039
14,18.32137,4.321369171142578
14,18.147945,4.147945404052734
14,18.142506,4.142505645751953
14,18.157024,4.157024383544922
14,18.1591,4.159099578857422
14,18.135094,4.135093688964844
14,18.200018,4.200017929077148
14,18.145555,4.14555549621582
14,18.207493,4.207492828369141
14,18.27632,4.27631950378418
14,18.3724,4.372400283813477
14,18.450712,4.450712203979492
14,18.32637,4.3263702392578125
14,18.270554,4.2705535888671875
14,18.320045,4.320045471191406
14,18.343472,4.343471527099609
14,18.412289,4.412288665771484
14,18.324701,4.324701309204102
14,18.25179,4.251789093017578
14,18.230175,4.230175018310547
14,18.141613,4.141613006591797
14,18.17667,4.176670074462891
14,18.251799,4.251798629760742
14,18.153704,4.153703689575195
14,18.161789,4.1617889404296875
14,18.075779,4.075778961181641
14,18.1372,4.137199401855469
14,18.151316,4.151315689086914
14,18.200138,4.200138092041016
14,18.255943,4.255943298339844
14,18.38133,4.381330490112305
14,18.437872,4.437871932983398
14,18.523846,4.523845672607422
14,18.497713,4.497713088989258
14,18.484398,4.484397888183594
14,18.428816,4.428815841674805
14,18.351635,4.351634979248047
14,18.352552,4.35255241394043
14,18.379139,4.379138946533203
14,18.316633,4.316633224487305
14,18.272232,4.2722320556640625
14,18.203777,4.203777313232422
14,18.155521,4.155521392822266
14,18.170053,4.170053482055664
14,18.13528,4.135280609130859
14,18.12397,4.123970031738281
14,18.031717,4.031717300415039
14,17.950943,3.9509429931640625
14,18.046638,4.046638488769531
14,18.068378,4.068378448486328
14,18.14438,4.144380569458008
14,18.533337,4.533336639404297
14,19.013634,5.013633728027344
14,19.809677,5.8096771240234375
14,19.682102,5.682102203369141
14,19.455334,5.455333709716797
14,19.930824,5.930824279785156
14,20.49833,6.498329162597656
14,20.780544,6.780544281005859
14,20.647556,6.647556304931641
14,20.733862,6.733861923217773
14,20.669495,6.66949462890625
14,20.979584,6.979583740234375
14,20.961765,6.961765289306641
14,21.299803,7.299802780151367
14,21.464914,7.464914321899414
14,21.53909,7.539089202880859
14,21.71494,7.714939117431641
14,21.566713,7.566713333129883
14,21.76701,7.767009735107422
14,21.611917,7.611917495727539
14,21.838436,7.838436126708984
14,21.988123,7.988122940063477
14,22.259365,8.25936508178711
14,22.229778,8.229778289794922
14,22.680065,8.680065155029297
14,23.257717,9.25771713256836
14,23.291454,9.291454315185547
14,23.50468,9.504680633544922
14,24.213505,10.213504791259766
14,24.652685,10.652685165405273
14,24.67337,10.673370361328125
14,24.830326,10.830326080322266
14,24.393242,10.393241882324219
14,24.838015,10.838014602661133
14,24.513083,10.513082504272461
14,24.959137,10.959136962890625
14,25.116787,11.11678695678711
14,24.921688,10.921688079833984
14,23.699795,9.69979476928711
14,23.07302,9.073020935058594
14,22.951048,8.951047897338867
14,22.931091,8.93109130859375
14,22.73674,8.736740112304688
13,21.518063,8.518062591552734
13,21.98883,8.98883056640625
13,21.43197,8.431970596313477
13,23.198322,10.198322296142578
13,20.567831,7.567831039428711
13,21.924927,8.9249267578125
13,19.569262,6.56926155090332
13,20.39558,7.395580291748047
13,18.900238,5.900238037109375
13,19.372225,6.372224807739258
13,18.506779,5.506778717041016
13,18.790138,5.790138244628906
13,18.322384,5.322383880615234
13,18.446274,5.4462738037109375
13,18.129025,5.129024505615234
13,18.064936,5.064935684204102
13,17.863022,4.8630218505859375
13,17.733711,4.733711242675781
13,17.601746,4.60174560546875
13,17.45056,4.450559616088867
13,17.371403,4.371402740478516
13,17.237123,4.237123489379883
13,17.116707,4.116706848144531
13,16.989883,3.9898834228515625
13,16.894287,3.894287109375
13,16.876282,3.87628173828125
13,16.79466,3.7946605682373047
13,16.789139,3.7891387939453125
13,16.71519,3.715190887451172
13,16.704561,3.704561233520508
13,16.65029,3.650289535522461
13,16.6447,3.6446990966796875
13,16.62996,3.6299591064453125
13,16.659473,3.659473419189453
13,16.665249,3.6652488708496094
13,16.72563,3.7256298065185547
13,16.745846,3.7458457946777344
13,16.812702,3.812702178955078
13,16.806044,3.8060436248779297
13,16.85143,3.851430892944336
13,16.850122,3.8501224517822266
13,16.880413,3.880413055419922
13,16.888388,3.888387680053711
13,16.892399,3.8923988342285156
13,16.894392,3.8943920135498047
13,16.918207,3.9182071685791016
13,16.931034,3.9310340881347656
13,16.966732,3.9667320251464844
13,16.997887,3.9978866577148438
13,17.041668,4.041667938232422
13,17.07788,4.077880859375
13,17.1261,4.126100540161133
13,17.144047,4.144046783447266
13,17.173893,4.173892974853516
13,17.118889,4.118888854980469
13,17.157372,4.157371520996094
13,17.120468,4.1204681396484375
13,17.146328,4.146327972412109
13,17.119877,4.119876861572266
13,17.170124,4.170124053955078
13,17.154133,4.154132843017578
13,17.177212,4.177211761474609
13,17.13189,4.131889343261719
13,17.128716,4.128715515136719
13,17.084856,4.084856033325195
13,17.088203,4.088203430175781
13,17.035316,4.035316467285156
13,17.031895,4.031894683837891
13,17.00293,4.0029296875
13,16.969814,3.9698143005371094
13,16.96782,3.9678192138671875
13,16.991108,3.991107940673828
13,17.028759,4.028759002685547
13,17.076614,4.0766143798828125
13,17.103813,4.103813171386719
13,17.151047,4.1510467529296875
13,17.16911,4.169109344482422
13,17.218712,4.218711853027344
13,17.23921,4.23921012878418
13,17.255558,4.255558013916016
13,17.24396,4.243959426879883
13,17.241444,4.241443634033203
13,17.223736,4.223735809326172
13,17.214943,4.214942932128906
13,17.192513,4.192512512207031
13,17.18705,4.187049865722656
13,17.189392,4.18939208984375
13,17.180964,4.180963516235352
13,17.167488,4.167488098144531
13,17.172508,4.172508239746094
13,17.161325,4.161325454711914
13,17.171803,4.171802520751953
13,17.063723,4.063722610473633
13,16.952137,3.952136993408203
13,16.72321,3.7232093811035156
13,16.42079,3.4207897186279297
13,16.269794,3.269794464111328
13,16.327837,3.3278369903564453
13,16.27588,3.275880813598633
13,16.266739,3.2667388916015625
13,16.198196,3.1981964111328125
13,16.173267,3.173267364501953
13,16.002346,3.0023460388183594
13,16.016476,3.0164756774902344
13,16.026012,3.026012420654297
13,16.041187,3.041187286376953
13,16.025494,3.025493621826172
13,16.028027,3.028026580810547
13,16.001608,3.001607894897461
13,16.069925,3.069925308227539
13,16.006859,3.0068588256835938
13,16.006054,3.006053924560547
13,15.924857,2.9248571395874023
13,15.983568,2.9835681915283203
13,15.88194,2.8819398880004883
13,15.97096,2.9709596633911133
13,15.927231,2.9272308349609375
13,15.989485,2.9894847869873047
13,15.932757,2.9327573776245117
13,15.957408,2.9574079513549805
13,15.906168,2.906167984008789
13,15.963424,2.963423728942871
13,15.838562,2.83856201171875
13,15.936636,2.936635971069336
13,15.854016,2.8540163040161133
13,15.88914,2.8891401290893555
13,15.854731,2.8547306060791016
13,15.968857,2.9688568115234375
13,15.823942,2.823942184448242
13,15.857935,2.8579349517822266
13,15.66759,2.6675901412963867
13,15.81987,2.8198699951171875
13,15.857389,2.857389450073242
13,15.857836,2.8578357696533203
13,15.802274,2.802273750305176
13,15.792578,2.7925777435302734
13,15.825889,2.8258886337280273
13,15.845151,2.845150947570801
13,15.856935,2.8569345474243164
13,15.916179,2.9161787033081055
13,15.998993,2.998992919921875
13,16.091368,3.091367721557617
13,16.157375,3.1573753356933594
13,16.184446,3.184446334838867
13,16.19853,3.1985301971435547
13,16.188587,3.188587188720703
13,16.111275,3.1112747192382812
13,16.129576,3.129575729370117
13,16.165422,3.1654224395751953
13,16.177246,3.17724609375
13,16.105179,3.1051788330078125
13,16.053612,3.0536117553710938
13,16.055382,3.0553817749023438
13,16.11623,3.116230010986328
13,16.094723,3.0947227478027344
13,16.134127,3.134126663208008
13,16.169407,3.1694068908691406
13,16.173706,3.1737060546875
13,16.221664,3.2216644287109375
13,16.262053,3.262052536010742
13,16.259846,3.259845733642578
13,16.553581,3.5535812377929688
13,17.186176,4.186176300048828
13,17.035301,4.035301208496094
13,17.623802,4.623802185058594
13,17.359812,4.359811782836914
13,17.923382,4.923381805419922
13,18.29357,5.293569564819336
13,18.643501,5.643501281738281
13,18.542706,5.542705535888672
13,18.67483,5.674829483032227
13,18.581623,5.581623077392578
13,18.873901,5.8739013671875
13,18.942066,5.942066192626953
13,19.121826,6.121826171875
13,19.193985,6.1939849853515625
13,19.150274,6.150274276733398
13,19.137642,6.137641906738281
13,19.247818,6.2478179931640625
13,19.399775,6.399774551391602
13,19.407951,6.407951354980469
13,19.212347,6.212347030639648
13,19.514627,6.514627456665039
13,19.502344,6.502344131469727
13,19.664791,6.664791107177734
13,19.660385,6.6603851318359375
13,20.148037,7.148036956787109
13,20.114527,7.114526748657227
13,20.227634,7.227634429931641
13,20.452436,7.452436447143555
13,20.87254,7.872539520263672
13,20.934032,7.934032440185547
13,21.056746,8.056745529174805
13,20.541262,7.541261672973633
13,20.995129,7.995128631591797
13,20.8387,7.8386993408203125
13,21.207712,8.207712173461914
13,21.179993,8.17999267578125
13,20.874058,7.874057769775391
13,20.234627,7.234626770019531
13,18.959183,5.9591827392578125
13,19.276817,6.276817321777344
13,18.846693,5.84669303894043
13,19.28864,6.288639068603516
13,17.900917,4.900917053222656
12,19.036411,7.036411285400391
12,18.087383,6.087383270263672
12,19.02085,7.020849227905273
12,19.820366,7.820365905761719
12,18.413395,6.413394927978516
12,19.339188,7.3391876220703125
12,17.908432,5.9084320068359375
12,18.495125,6.495124816894531
12,17.56269,5.562690734863281
12,17.967382,5.967382431030273
12,17.34419,5.34419059753418
12,17.623844,5.623844146728516
12,16.47434,4.474340438842773
12,16.12231,4.122310638427734
12,15.857768,3.8577680587768555
12,15.616908,3.616908073425293
12,16.007465,4.007465362548828
12,16.243309,4.243309020996094
12,16.563843,4.5638427734375
12,16.415792,4.415792465209961
12,16.593422,4.593421936035156
12,16.568642,4.568641662597656
12,16.66783,4.667829513549805
12,16.615685,4.615684509277344
12,16.700253,4.700252532958984
12,17.286747,5.286746978759766
12,16.542873,4.542873382568359
12,16.874826,4.874826431274414
12,16.212088,4.212087631225586
12,16.522472,4.522472381591797
12,16.143093,4.143093109130859
12,16.277832,4.27783203125
12,16.014126,4.014125823974609
12,16.0387,4.038700103759766
12,15.840947,3.840947151184082
12,15.845328,3.8453283309936523
12,15.719717,3.719717025756836
12,15.725053,3.725052833557129
12,15.596505,3.5965051651000977
12,15.544072,3.544072151184082
12,15.43615,3.4361495971679688
12,15.461413,3.4614133834838867
12,15.502175,3.5021753311157227
12,15.841624,3.8416242599487305
12,15.830266,3.830265998840332
12,15.927552,3.9275522232055664
12,16.029713,4.029712677001953
12,16.075779,4.075778961181641
12,16.150862,4.150861740112305
12,16.221457,4.221456527709961
12,16.329815,4.329814910888672
12,16.410007,4.410007476806641
12,16.522125,4.522125244140625
12,16.578716,4.578716278076172
12,16.7045,4.704500198364258
12,16.708387,4.70838737487793
12,16.794569,4.79456901550293
12,16.714046,4.714046478271484
12,16.751991,4.751991271972656
12,16.718355,4.718355178833008
12,16.657978,4.657978057861328
12,16.6138,4.613800048828125
12,16.482418,4.482418060302734
12,16.390041,4.390041351318359
12,16.3733,4.373300552368164
12,16.401201,4.401201248168945
12,16.373318,4.373317718505859
12,16.436934,4.436933517456055
12,16.418076,4.4180755615234375
12,16.399462,4.39946174621582
12,16.30235,4.302349090576172
12,16.22288,4.222879409790039
12,16.177702,4.177701950073242
12,16.280592,4.28059196472168
12,15.929576,3.9295759201049805
12,15.267309,3.2673091888427734
12,15.149098,3.1490983963012695
12,14.62787,2.6278696060180664
12,14.251994,2.2519941329956055
12,14.580062,2.580061912536621
12,14.319181,2.319181442260742
12,14.419057,2.4190568923950195
12,14.263582,2.263582229614258
12,14.3861475,2.3861474990844727
12,14.289177,2.2891769409179688
12,14.233245,2.2332448959350586
12,14.008622,2.008622169494629
12,13.9315815,1.9315814971923828
12,13.7850065,1.7850065231323242
12,13.710511,1.7105112075805664
12,13.660797,1.660797119140625
12,13.895766,1.895766258239746
12,13.764947,1.7649469375610352
12,13.849634,1.8496341705322266
12,14.219206,2.219205856323242
12,14.16011,2.1601104736328125
12,14.222737,2.2227373123168945
12,13.922732,1.9227323532104492
12,14.124841,2.12484073638916
12,13.877068,1.8770675659179688
12,13.992575,1.992574691772461
12,13.911982,1.9119815826416016
12,13.919307,1.919306755065918
12,14.207277,2.207277297973633
12,14.241329,2.2413291931152344
12,14.397122,2.397122383117676
12,14.477823,2.477823257446289
12,14.607882,2.607881546020508
12,14.704495,2.704495429992676
12,14.833002,2.8330020904541016
12,14.865095,2.8650951385498047
12,14.886604,2.8866043090820312
12,14.892831,2.8928308486938477
12,15.009248,3.0092477798461914
12,15.270551,3.2705507278442383
12,15.391724,3.3917236328125
12,15.3145685,3.314568519592285
12,15.084849,3.0848493576049805
12,14.833129,2.8331289291381836
12,14.787648,2.7876482009887695
12,14.55908,2.559080123901367
12,14.569926,2.5699262619018555
12,14.392039,2.3920392990112305
12,14.22222,2.2222204208374023
12,14.195827,2.195826530456543
12,14.627238,2.6272382736206055
12,14.79182,2.7918195724487305
12,14.872819,2.872818946838379
12,14.869014,2.869013786315918
12,14.822753,2.8227529525756836
12,14.771167,2.7711668014526367
12,14.713207,2.713207244873047
12,14.777916,2.7779159545898438
12,14.788618,2.7886180877685547
12,14.828762,2.8287620544433594
12,14.826898,2.826897621154785
12,14.803972,2.8039722442626953
12,14.750638,2.750638008117676
12,14.773446,2.7734460830688477
12,14.790677,2.790677070617676
12,14.68835,2.688349723815918
12,14.776201,2.7762012481689453
12,14.66236,2.662360191345215
12,14.791108,2.7911081314086914
12,14.808449,2.8084487915039062
12,14.894813,2.89481258392334
12,14.8185005,2.818500518798828
12,14.884371,2.884370803833008
12,14.719298,2.7192983627319336
12,14.712068,2.7120676040649414
12,14.701377,2.7013769149780273
12,15.00339,3.003390312194824
12,14.99497,2.9949703216552734
12,14.971301,2.9713010787963867
12,14.5788965,2.5788965225219727
12,14.33613,2.336130142211914
12,14.373702,2.373702049255371
12,14.379822,2.37982177734375
12,14.545228,2.5452280044555664
12,14.701296,2.701295852661133
12,14.587779,2.5877790451049805
12,14.673597,2.6735973358154297
12,14.693665,2.69366455078125
12,14.896634,2.896634101867676
12,14.797622,2.797621726989746
12,14.924772,2.924772262573242
12,14.935924,2.9359235763549805
12,15.10504,3.105039596557617
12,15.088878,3.0888776779174805
12,14.844794,2.844794273376465
12,14.815898,2.8158979415893555
12,14.672121,2.672121047973633
12,14.815972,2.815972328186035
12,14.504203,2.5042028427124023
12,14.466085,2.466085433959961
12,14.541744,2.5417442321777344
12,14.569123,2.5691232681274414
12,14.515672,2.515671730041504
12,14.4342375,2.434237480163574
12,14.513532,2.5135316848754883
12,14.383595,2.3835954666137695
12,14.3942175,2.3942174911499023
12,14.447646,2.447646141052246
12,14.682185,2.682185173034668
12,14.646089,2.6460886001586914
12,14.73078,2.7307796478271484
12,14.597453,2.5974531173706055
12,14.658883,2.6588830947875977
12,14.592025,2.592024803161621
12,14.593772,2.5937719345092773
12,14.559964,2.559964179992676
12,14.67029,2.670289993286133
12,14.612308,2.612307548522949
12,14.644703,2.644702911376953
12,14.559758,2.559758186340332
12,14.5822,2.582200050354004
12,14.502607,2.5026073455810547
12,14.497401,2.497401237487793
12,14.476791,2.4767913818359375
12,14.711733,2.711732864379883
12,14.649235,2.6492347717285156
12,14.619329,2.6193294525146484
12,14.56669,2.566690444946289
12,14.353385,2.3533849716186523
12,14.517441,2.5174407958984375
12,14.3034725,2.3034725189208984
12,14.437468,2.437467575073242
12,14.496745,2.4967451095581055
12,15.243352,3.243351936340332
12,16.260422,4.2604217529296875
12,16.801674,4.801673889160156
12,17.115767,5.115766525268555
12,17.981014,5.981014251708984
12,18.24419,6.244190216064453
12,18.692123,6.6921234130859375
12,19.249632,7.249631881713867
12,19.613192,7.613191604614258
12,19.743689,7.743688583374023
12,20.20758,8.20758056640625
12,20.295748,8.295747756958008
12,20.432081,8.43208122253418
12,20.231327,8.231327056884766
12,20.144215,8.144214630126953
12,19.580826,7.5808258056640625
12,19.092812,7.092811584472656
12,18.977905,6.9779052734375
12,18.793255,6.793254852294922
12,18.788792,6.788791656494141
12,18.622421,6.6224212646484375
12,18.33751,6.3375091552734375
12,18.587463,6.58746337890625
12,18.76601,6.766010284423828
12,19.126606,7.126605987548828
12,19.051,7.051000595092773
12,19.695107,7.695106506347656
12,19.00827,7.008270263671875
12,20.135597,8.135597229003906
12,19.919851,7.919851303100586
12,20.203169,8.203168869018555
12,18.932495,6.9324951171875
12,19.094032,7.094032287597656
12,18.200336,6.200336456298828
12,18.307934,6.307933807373047
12,17.730217,5.730216979980469
12,17.750652,5.750652313232422
12,17.34705,5.347049713134766
12,17.395119,5.395118713378906
12,17.040361,5.040361404418945
12,17.116762,5.116762161254883
12,16.997547,4.997547149658203
12,17.021252,5.021251678466797
12,16.39455,4.394550323486328
12,16.448545,4.448545455932617
12,16.498993,4.498992919921875
12,17.187061,5.187061309814453
12,16.87361,4.87360954284668
12,17.551077,5.551076889038086
12,17.737959,5.737958908081055
12,17.945904,5.945903778076172
12,18.286,6.285999298095703
12,18.611778,6.611778259277344
12,18.848892,6.8488922119140625
12,18.900255,6.90025520324707
12,18.51338,6.51338005065918
12,19.039513,7.039512634277344
12,19.280237,7.280237197875977
12,19.47257,7.472570419311523
12,19.769547,7.7695465087890625
12,19.206553,7.206552505493164
12,19.850904,7.85090446472168
12,19.539982,7.539981842041016
11,19.95279,8.952789306640625
11,18.83157,7.831569671630859
11,19.122189,8.122188568115234
11,18.499937,7.499937057495117
11,17.26497,6.264970779418945
11,17.360085,6.360084533691406
11,15.81736,4.817359924316406
11,15.905333,4.905332565307617
11,15.207185,4.207184791564941
11,15.605975,4.605975151062012
11,15.45642,4.456419944763184
11,15.491616,4.491616249084473
11,15.200767,4.200766563415527
11,15.152455,4.1524553298950195
11,14.684732,3.684732437133789
11,14.602096,3.602095603942871
11,14.19206,3.1920604705810547
11,14.209148,3.209148406982422
11,13.921682,2.921682357788086
11,14.025206,3.025205612182617
11,13.816348,2.816348075866699
11,13.919955,2.919955253601074
11,13.700064,2.700063705444336
11,13.78657,2.786569595336914
11,13.589793,2.5897932052612305
11,13.744744,2.744744300842285
11,13.556436,2.5564355850219727
11,13.699789,2.699789047241211
11,13.475843,2.4758434295654297
11,13.509977,2.509977340698242
11,13.392837,2.392836570739746
11,13.346021,2.3460206985473633
11,13.2657995,2.2657995223999023
11,13.252542,2.2525415420532227
11,13.197501,2.1975011825561523
11,13.229277,2.229276657104492
11,13.18887,2.188870429992676
11,13.2285185,2.228518486022949
11,13.198445,2.1984453201293945
11,13.223089,2.2230892181396484
11,13.213246,2.2132463455200195
11,13.228134,2.2281341552734375
11,13.229241,2.229241371154785
11,13.193177,2.1931772232055664
11,13.088613,2.0886125564575195
11,13.081969,2.0819692611694336
11,12.95589,1.9558897018432617
11,13.067122,2.067122459411621
11,13.125282,2.1252822875976562
11,13.293624,2.293623924255371
11,13.396533,2.3965330123901367
11,13.564471,2.5644712448120117
11,13.648248,2.648247718811035
11,13.715461,2.715460777282715
11,13.7131815,2.713181495666504
11,13.693437,2.693436622619629
11,13.654166,2.6541662216186523
11,13.638388,2.638387680053711
11,13.612252,2.6122522354125977
11,13.647187,2.6471872329711914
11,13.669893,2.669893264770508
11,13.755437,2.755436897277832
11,13.832351,2.832350730895996
11,13.936309,2.9363088607788086
11,14.073655,3.073655128479004
11,14.208214,3.2082138061523438
11,14.353119,3.353118896484375
11,14.37385,3.373849868774414
11,14.362657,3.362656593322754
11,14.269861,3.2698612213134766
11,14.124942,3.124941825866699
11,14.0253315,3.025331497192383
11,13.905732,2.9057321548461914
11,13.8287325,2.828732490539551
11,13.783401,2.783400535583496
11,13.724562,2.7245616912841797
11,13.682517,2.6825170516967773
11,13.654336,2.6543359756469727
11,13.645701,2.6457014083862305
11,13.636447,2.636446952819824
11,13.547369,2.5473690032958984
11,13.653102,2.653101921081543
11,13.730205,2.7302045822143555
11,13.672968,2.6729679107666016
11,13.719661,2.719660758972168
11,13.931244,2.931243896484375
11,13.843894,2.8438940048217773
11,13.957438,2.9574384689331055
11,14.092277,3.0922765731811523
11,14.100865,3.100865364074707
11,13.97952,2.979519844055176
11,14.1767435,3.176743507385254
11,14.117693,3.1176929473876953
11,14.286447,3.2864465713500977
11,14.330128,3.330127716064453
11,14.415292,3.4152917861938477
11,14.398601,3.3986005783081055
11,14.462418,3.4624176025390625
11,14.516233,3.516233444213867
11,14.584121,3.584120750427246
11,14.61647,3.6164703369140625
11,14.5921545,3.5921545028686523
11,14.631752,3.6317520141601562
11,14.593259,3.593258857727051
11,14.640968,3.6409683227539062
11,14.497836,3.497836112976074
11,14.405956,3.405956268310547
11,14.305255,3.3052549362182617
11,14.318595,3.3185949325561523
11,14.2528925,3.25289249420166
11,14.391816,3.3918161392211914
11,14.355229,3.355229377746582
11,14.512453,3.512453079223633
11,14.420481,3.420480728149414
11,14.387773,3.387772560119629
11,14.348701,3.348700523376465
11,14.297566,3.2975664138793945
11,14.28234,3.2823400497436523
11,14.505582,3.505581855773926
11,14.540863,3.540863037109375
11,14.503887,3.503887176513672
11,14.459014,3.4590139389038086
11,14.534798,3.5347976684570312
11,14.571043,3.571043014526367
11,14.551379,3.5513792037963867
11,14.564098,3.564098358154297
11,14.51916,3.519160270690918
11,14.515494,3.5154943466186523
11,14.464152,3.4641523361206055
11,14.417083,3.4170827865600586
11,14.421319,3.421319007873535
11,14.526031,3.5260305404663086
11,14.865538,3.865537643432617
11,15.306946,4.30694580078125
11,15.940434,4.940434455871582
11,16.028097,5.028097152709961
11,16.58619,5.586189270019531
11,16.874405,5.8744049072265625
11,17.139732,6.139732360839844
11,17.514845,6.51484489440918
11,17.764116,6.764116287231445
11,17.837868,6.837867736816406
11,17.924948,6.924947738647461
11,17.88045,6.880449295043945
11,18.07912,7.079120635986328
11,17.763874,6.763874053955078
11,17.58518,6.585180282592773
11,17.396618,6.396617889404297
11,16.861809,5.861808776855469
11,16.66214,5.662139892578125
11,16.564472,5.564472198486328
11,16.597198,5.597198486328125
11,16.699512,5.699512481689453
11,16.588123,5.588123321533203
11,16.342335,5.342334747314453
11,16.163101,5.1631011962890625
11,16.319176,5.319175720214844
11,16.73619,5.7361907958984375
11,17.427933,6.4279327392578125
11,17.785202,6.7852020263671875
11,17.725992,6.725992202758789
11,17.503216,6.503215789794922
11,16.816868,5.816867828369141
11,16.619677,5.61967658996582
11,16.39808,5.398080825805664
11,16.400396,5.400396347045898
11,16.288168,5.288167953491211
11,16.284458,5.284458160400391
11,16.101435,5.101434707641602
11,15.772269,4.772269248962402
11,15.6492815,4.6492815017700195
11,15.68714,4.687140464782715
11,15.724392,4.724391937255859
11,16.18672,5.18671989440918
11,16.287886,5.287885665893555
11,16.565098,5.565097808837891
11,16.70388,5.703880310058594
11,16.86386,5.863859176635742
11,16.660585,5.660585403442383
11,17.23668,6.2366790771484375
11,17.157925,6.157924652099609
11,16.528076,5.528076171875
11,16.751154,5.751153945922852
11,16.733269,5.733268737792969
11,16.200472,5.200471878051758
11,15.938747,4.938747406005859
11,15.918811,4.918810844421387
11,16.10885,5.108850479125977
11,16.134075,5.134075164794922
11,16.255728,5.255727767944336
11,16.031862,5.031862258911133
10,16.691002,6.691001892089844
10,14.622374,4.622373580932617
10,15.646736,5.646736145019531
10,14.443688,4.44368839263916
10,14.2595415,4.2595415115356445
10,14.027467,4.027466773986816
10,13.634887,3.6348867416381836
10,13.521597,3.521596908569336
10,13.436177,3.4361772537231445
10,13.464569,3.464569091796875
10,13.647944,3.647944450378418
10,13.671533,3.67153263092041
10,13.972546,3.972545623779297
10,14.015098,4.015097618103027
10,14.291066,4.2910661697387695
10,14.290552,4.290552139282227
10,14.475914,4.475914001464844
10,14.425881,4.425881385803223
10,14.622428,4.622427940368652
10,14.544681,4.544680595397949
10,14.59262,4.592619895935059
10,14.46504,4.46504020690918
10,14.414965,4.41496467590332
10,14.359449,4.35944938659668
10,14.264777,4.264777183532715
10,14.237129,4.237129211425781
10,14.141189,4.141188621520996
10,14.189828,4.189827919006348
10,14.13371,4.133709907531738
10,14.161355,4.161355018615723
10,14.145065,4.1450653076171875
10,14.133402,4.133401870727539
10,14.1276045,4.1276044845581055
10,14.130002,4.130002021789551
10,14.1011915,4.101191520690918
10,14.087516,4.087515830993652
10,14.07185,4.071849822998047
10,14.052201,4.052201271057129
10,14.025479,4.025479316711426
10,14.001093,4.001092910766602
10,13.865621,3.8656206130981445
10,13.856446,3.8564462661743164
10,13.81091,3.810910224914551
10,13.849768,3.8497676849365234
10,13.853585,3.8535852432250977
10,13.885148,3.885148048400879
10,13.984313,3.9843130111694336
10,14.066284,4.0662841796875
10,14.148326,4.1483259201049805
10,14.195149,4.1951494216918945
10,14.17599,4.175990104675293
10,14.197211,4.197211265563965
10,14.159451,4.159450531005859
10,14.197867,4.197867393493652
10,14.1747265,4.174726486206055
10,14.182134,4.182133674621582
10,14.113482,4.113482475280762
10,14.103435,4.1034345626831055
10,14.020388,4.020387649536133
10,14.116102,4.11610221862793
10,14.229672,4.229672431945801
10,14.247357,4.247357368469238
10,14.269255,4.269254684448242
10,14.330659,4.330658912658691
10,14.3652115,4.365211486816406
10,14.421258,4.421257972717285
10,14.421378,4.421378135681152
10,14.50348,4.503479957580566
10,14.079925,4.079924583435059
10,13.861531,3.8615312576293945
10,13.443924,3.4439239501953125
10,13.147127,3.147127151489258
10,12.908698,2.908698081970215
10,13.29086,3.290860176086426
10,12.994548,2.9945478439331055
10,13.198827,3.198826789855957
10,12.908019,2.9080190658569336
10,13.125251,3.125250816345215
10,12.866925,2.8669252395629883
10,13.093726,3.09372615814209
10,12.884342,2.8843421936035156
10,13.095227,3.0952272415161133
10,12.89257,2.8925695419311523
10,13.040772,3.0407724380493164
10,12.800251,2.800251007080078
10,13.066973,3.0669727325439453
10,12.8558235,2.855823516845703
10,12.997069,2.9970693588256836
10,12.728336,2.7283363342285156
10,12.991164,2.991164207458496
10,12.824733,2.824732780456543
10,13.084673,3.0846729278564453
10,12.857877,2.857876777648926
10,12.976286,2.976285934448242
10,12.756911,2.756911277770996
10,12.768764,2.768763542175293
10,12.596483,2.5964832305908203
10,12.650956,2.650956153869629
10,12.630881,2.6308813095092773
10,12.721286,2.721285820007324
10,12.773185,2.7731847763061523
10,12.848244,2.8482437133789062
10,12.854538,2.8545379638671875
10,12.898549,2.8985490798950195
10,12.8299,2.829899787902832
10,12.852175,2.852174758911133
10,12.778642,2.778641700744629
10,12.840778,2.840778350830078
10,12.826161,2.8261613845825195
10,12.929866,2.929865837097168
10,12.916559,2.9165592193603516
10,13.088324,3.0883235931396484
10,13.0732,3.073200225830078
10,13.155851,3.155851364135742
10,13.085338,3.0853376388549805
10,13.151563,3.1515626907348633
10,13.111042,3.111042022705078
10,13.115909,3.115908622741699
10,13.053743,3.053743362426758
10,12.999646,2.9996461868286133
10,12.841945,2.841944694519043
10,12.852056,2.852055549621582
10,12.777487,2.777486801147461
10,12.809009,2.8090085983276367
10,12.764556,2.7645559310913086
10,12.69424,2.694239616394043
10,12.592151,2.5921506881713867
10,12.514901,2.5149011611938477
10,12.492819,2.492818832397461
10,12.461015,2.461014747619629
10,12.524273,2.524272918701172
10,12.369193,2.3691930770874023
10,12.356847,2.356846809387207
10,12.265562,2.265562057495117
10,12.245648,2.2456483840942383
10,12.164878,2.1648778915405273
10,12.171052,2.1710519790649414
10,12.173598,2.173598289489746
10,12.20513,2.205129623413086
10,12.181083,2.1810827255249023
10,12.126271,2.1262712478637695
10,12.040956,2.0409555435180664
10,11.989556,1.9895563125610352
10,11.96816,1.9681596755981445
10,11.935903,1.9359025955200195
10,11.968309,1.9683094024658203
10,11.935471,1.9354705810546875
10,11.976237,1.9762372970581055
10,11.986417,1.9864168167114258
10,12.015579,2.0155792236328125
10,11.969621,1.969620704650879
10,11.987956,1.9879560470581055
10,11.946715,1.9467153549194336
10,11.991674,1.9916744232177734
10,11.932679,1.9326791763305664
10,11.955236,1.9552364349365234
10,11.860488,1.860487937927246
10,11.850569,1.8505687713623047
10,11.820699,1.8206987380981445
10,11.848868,1.8488683700561523
10,11.806798,1.806797981262207
10,11.811585,1.8115854263305664
10,11.790423,1.7904233932495117
10,11.780141,1.7801408767700195
10,11.811957,1.8119573593139648
10,11.693922,1.6939220428466797
10,11.685149,1.6851491928100586
10,11.567372,1.5673723220825195
10,11.671752,1.6717519760131836
10,11.634206,1.6342058181762695
10,11.790669,1.7906694412231445
10,11.699767,1.6997671127319336
10,11.699441,1.6994409561157227
10,11.5854845,1.585484504699707
10,11.47952,1.4795198440551758
10,11.338784,1.3387842178344727
10,11.352493,1.3524932861328125
10,11.402938,1.402937889099121
10,11.309021,1.30902099609375
10,11.494921,1.4949207305908203
10,11.293601,1.2936010360717773
10,11.325678,1.3256778717041016
10,11.1533,1.1533002853393555
10,11.166526,1.1665258407592773
10,11.176153,1.1761531829833984
10,11.361793,1.3617925643920898
10,11.211856,1.2118558883666992
10,11.539996,1.5399961471557617
10,11.404222,1.404221534729004
10,11.616832,1.6168317794799805
10,11.502096,1.502096176147461
10,11.571542,1.5715417861938477
10,11.444641,1.44464111328125
10,11.725774,1.725773811340332
10,11.534626,1.5346260070800781
10,11.643816,1.6438159942626953
10,11.370105,1.3701047897338867
10,11.376149,1.3761491775512695
10,11.25784,1.2578401565551758
10,11.378679,1.3786792755126953
10,11.3300495,1.3300495147705078
10,11.394942,1.394942283630371
10,11.447486,1.4474859237670898
10,11.656451,1.6564512252807617
10,11.571107,1.5711069107055664
10,11.606439,1.6064386367797852
10,11.50789,1.507889747619629
10,11.408603,1.4086027145385742
10,11.449066,1.449066162109375
10,11.476468,1.4764680862426758
10,11.562155,1.562154769897461
10,11.717393,1.717392921447754
10,11.73849,1.738490104675293
10,11.705499,1.7054986953735352
10,11.617826,1.6178264617919922
10,11.49005,1.4900503158569336
10,11.399701,1.3997011184692383
10,11.288148,1.2881479263305664
10,11.432687,1.4326868057250977
10,11.395651,1.395650863647461
10,11.667336,1.6673364639282227
10,12.213334,2.213334083557129
10,13.498366,3.498366355895996
10,13.959871,3.959871292114258
10,14.323575,4.323575019836426
10,14.929278,4.929278373718262
10,15.328521,5.328520774841309
10,15.547634,5.547634124755859
10,15.6031885,5.603188514709473
10,15.791849,5.791849136352539
10,15.751599,5.751599311828613
10,16.161215,6.161214828491211
10,16.324059,6.324058532714844
10,16.638966,6.638965606689453
10,16.669815,6.6698150634765625
10,16.781229,6.781229019165039
10,16.876312,6.876312255859375
10,17.123096,7.123096466064453
10,16.757296,6.757295608520508
10,16.8292,6.829200744628906
10,16.724163,6.724163055419922
10,16.428236,6.42823600769043
10,16.399702,6.399702072143555
10,15.919778,5.919777870178223
10,15.674063,5.674062728881836
10,16.06196,6.061960220336914
10,16.47749,6.477489471435547
10,16.611502,6.611501693725586
10,16.91116,6.911159515380859
10,17.073378,7.07337760925293
10,17.256107,7.256107330322266
10,17.09452,7.094520568847656
10,17.23629,7.236289978027344
10,17.017668,7.017667770385742
10,16.974838,6.9748382568359375
10,16.774874,6.774873733520508
10,16.82447,6.824470520019531
10,16.668423,6.668422698974609
10,16.349857,6.349857330322266
10,16.325506,6.325506210327148
10,16.53991,6.539909362792969
10,16.279297,6.279296875
10,16.621801,6.621801376342773
10,16.41253,6.412530899047852
10,16.73508,6.735080718994141
10,16.52621,6.526210784912109
10,16.828537,6.8285369873046875
10,16.730303,6.730302810668945
10,16.989122,6.98912239074707
10,16.947706,6.94770622253418
10,17.059462,7.05946159362793
10,16.960772,6.960771560668945
10,15.951097,5.951096534729004
10,15.137016,5.137016296386719
10,14.955725,4.955724716186523
9,15.833036,6.833036422729492
9,13.209636,4.2096357345581055
9,13.895312,4.895312309265137
9,14.069043,5.069043159484863
9,13.600226,4.600226402282715
9,13.831452,4.831452369689941
9,13.485055,4.485054969787598
9,13.767598,4.7675981521606445
9,13.750162,4.750162124633789
9,14.006229,5.006229400634766
9,14.137034,5.1370344161987305
9,14.268717,5.268716812133789
9,14.445741,5.445740699768066
9,14.446536,5.446536064147949
9,14.550718,5.550718307495117
9,14.514107,5.514106750488281
9,14.56902,5.5690202713012695
9,14.42965,5.42965030670166
9,14.421771,5.421771049499512
9,14.264085,5.264084815979004
9,14.241445,5.2414445877075195
9,14.143359,5.143359184265137
9,14.068873,5.068873405456543
9,14.005763,5.005763053894043
9,13.907983,4.90798282623291
9,13.9563,4.956299781799316
9,13.932244,4.932244300842285
9,13.999024,4.999024391174316
9,13.922904,4.922904014587402
9,13.939263,4.939263343811035
9,13.893796,4.893795967102051
9,13.889332,4.889331817626953
9,13.848444,4.848443984985352
9,13.831773,4.831772804260254
9,13.787673,4.787672996520996
9,13.755848,4.755847930908203
9,13.739085,4.7390851974487305
9,13.686176,4.686176300048828
9,13.665266,4.665266036987305
9,13.607069,4.60706901550293
9,13.580173,4.580172538757324
9,13.522958,4.522957801818848
9,13.482048,4.482048034667969
9,13.492937,4.492937088012695
9,13.463088,4.463088035583496
9,13.472274,4.472273826599121
9,13.441602,4.441601753234863
9,13.49835,4.498350143432617
9,13.549328,4.549327850341797
9,13.58602,4.586020469665527
9,13.570678,4.570677757263184
9,13.484597,4.484597206115723
9,13.430857,4.430856704711914
9,13.273124,4.273123741149902
9,13.238651,4.238651275634766
9,13.0821295,4.08212947845459
9,13.075052,4.075052261352539
9,13.003992,4.003992080688477
9,13.014909,4.014908790588379
9,13.023162,4.023161888122559
9,13.052442,4.052441596984863
9,12.985346,3.9853458404541016
9,13.163827,4.163826942443848
9,12.821975,3.821974754333496
9,12.892366,3.892366409301758
9,12.3796835,3.379683494567871
9,12.357853,3.3578529357910156
9,12.02934,3.0293397903442383
9,12.078069,3.078068733215332
9,11.918246,2.918246269226074
9,11.99141,2.991410255432129
9,11.901831,2.9018306732177734
9,11.938762,2.9387617111206055
9,11.740826,2.740825653076172
9,11.737058,2.737057685852051
9,11.797311,2.7973108291625977
9,11.926827,2.9268274307250977
9,11.850488,2.85048770904541
9,11.857792,2.8577919006347656
9,11.793567,2.7935667037963867
9,11.808762,2.8087615966796875
9,11.801168,2.801168441772461
9,11.911243,2.911243438720703
9,11.783746,2.783745765686035
9,11.831802,2.8318023681640625
9,11.894826,2.8948259353637695
9,11.942313,2.9423131942749023
9,11.936429,2.936429023742676
9,12.016053,3.0160531997680664
9,12.054421,3.0544214248657227
9,12.15353,3.1535301208496094
9,12.232331,3.2323312759399414
9,12.20471,3.204710006713867
9,12.301011,3.301011085510254
9,12.278938,3.2789382934570312
9,12.3275585,3.3275585174560547
9,12.29213,3.292130470275879
9,12.177728,3.177727699279785
9,12.137164,3.1371641159057617
9,12.090938,3.090937614440918
9,12.154422,3.154421806335449
9,12.101645,3.1016454696655273
9,12.13337,3.1333703994750977
9,12.029845,3.0298452377319336
9,12.024049,3.0240488052368164
9,11.975463,2.9754629135131836
9,12.085831,3.0858306884765625
9,12.013562,3.0135622024536133
9,12.054292,3.0542917251586914
9,12.066356,3.0663557052612305
9,12.138751,3.1387510299682617
9,12.149144,3.149144172668457
9,12.2806,3.280599594116211
9,12.24203,3.242030143737793
9,12.326592,3.326592445373535
9,12.412677,3.4126768112182617
9,12.411382,3.411381721496582
9,12.409894,3.4098939895629883
9,12.399983,3.3999834060668945
9,12.309259,3.3092594146728516
9,12.354426,3.354426383972168
9,12.446064,3.446063995361328
9,12.394849,3.3948488235473633
9,12.5073595,3.507359504699707
9,12.363052,3.3630523681640625
9,12.457547,3.457547187805176
9,12.581919,3.581918716430664
9,12.6743555,3.6743555068969727
9,12.58628,3.58627986907959
9,12.50043,3.500430107116699
9,12.411842,3.4118423461914062
9,12.329623,3.329623222351074
9,12.359588,3.3595876693725586
9,12.343993,3.3439931869506836
9,12.376289,3.3762893676757812
9,12.427346,3.4273462295532227
9,12.489043,3.4890432357788086
9,12.5029745,3.502974510192871
9,12.501423,3.501422882080078
9,12.543757,3.543757438659668
9,12.615324,3.615324020385742
9,12.709862,3.7098617553710938
9,12.716275,3.716275215148926
9,12.76953,3.7695302963256836
9,12.6223,3.622300148010254
9,12.727566,3.7275657653808594
9,12.820448,3.8204479217529297
9,13.001342,4.001341819763184
9,13.114367,4.11436653137207
9,13.137955,4.1379547119140625
9,13.309194,4.3091936111450195
9,13.239445,4.239444732666016
9,13.439609,4.439608573913574
9,13.317435,4.317435264587402
9,13.3748455,4.374845504760742
9,13.213326,4.213326454162598
9,13.289878,4.289877891540527
9,13.204631,4.2046308517456055
9,13.301196,4.301196098327637
9,13.21361,4.21360969543457
9,13.27998,4.279979705810547
9,13.2310705,4.231070518493652
9,13.1333,4.133299827575684
9,13.419297,4.419297218322754
9,14.255315,5.255314826965332
9,14.769141,5.76914119720459
9,14.727179,5.727178573608398
9,14.8735695,5.873569488525391
9,15.238726,6.238725662231445
9,15.086974,6.086974143981934
9,15.49367,6.493670463562012
9,15.3954525,6.395452499389648
9,15.745481,6.745480537414551
9,15.633563,6.633563041687012
9,14.601649,5.601649284362793
9,14.8724165,5.8724164962768555
9,13.736222,4.736222267150879
9,13.879245,4.879244804382324
9,13.589076,4.589076042175293
9,14.083986,5.083986282348633
9,13.487401,4.487401008605957
9,14.280644,5.280644416809082
9,13.821568,4.821567535400391
9,14.160669,5.160669326782227
9,13.955844,4.955843925476074
9,14.570694,5.5706939697265625
9,14.566753,5.566753387451172
9,14.58711,5.587109565734863
9,14.348664,5.348664283752441
9,14.484826,5.48482608795166
9,15.14479,6.144789695739746
9,15.771981,6.771981239318848
9,15.827329,6.827328681945801
9,14.85588,5.855879783630371
9,15.15017,6.15017032623291
9,15.617583,6.617583274841309
9,15.844327,6.844326972961426
9,15.790538,6.7905378341674805
9,15.5612135,6.561213493347168
9,15.4684515,6.468451499938965
9,15.228004,6.228004455566406
9,15.153588,6.15358829498291
9,14.998912,5.9989118576049805
9,14.995952,5.9959516525268555
8,15.051494,7.0514936447143555
8,13.420287,5.420287132263184
8,12.810168,4.810168266296387
8,14.397307,6.397307395935059
8,12.576111,4.57611083984375
8,13.871205,5.8712053298950195
8,12.62985,4.629850387573242
8,13.680449,5.680448532104492
8,12.962628,4.962628364562988
8,13.745011,5.745011329650879
8,13.330655,5.330655097961426
8,13.839288,5.839287757873535
8,13.523151,5.523151397705078
8,13.824262,5.824261665344238
8,13.575767,5.575766563415527
8,13.796263,5.796262741088867
8,13.569156,5.569155693054199
8,13.6091385,5.609138488769531
8,13.404351,5.404351234436035
8,13.356627,5.356627464294434
8,13.227408,5.227408409118652
8,13.196876,5.19687557220459
8,13.07377,5.073769569396973
8,13.071456,5.071455955505371
8,12.948003,4.948002815246582
8,12.98035,4.980349540710449
8,12.8889265,4.8889265060424805
8,12.981748,4.981747627258301
8,12.898636,4.8986358642578125
8,12.932048,4.9320478439331055
8,12.868339,4.868338584899902
8,12.869393,4.869393348693848
8,12.795511,4.795511245727539
8,12.794404,4.794404029846191
8,12.718686,4.718686103820801
8,12.703608,4.703607559204102
8,12.607486,4.607485771179199
8,12.574361,4.5743608474731445
8,12.480605,4.480605125427246
8,12.447615,4.447614669799805
8,12.369851,4.369851112365723
8,12.351328,4.351327896118164
8,12.281125,4.281125068664551
8,12.303741,4.303741455078125
8,12.252043,4.252042770385742
8,12.255781,4.255781173706055
8,12.228234,4.22823429107666
8,12.240497,4.240496635437012
8,12.236524,4.236523628234863
8,12.228649,4.228649139404297
8,12.181973,4.181973457336426
8,12.128879,4.128878593444824
8,12.051593,4.051592826843262
8,11.93695,3.9369497299194336
8,11.862689,3.8626890182495117
8,11.767414,3.767414093017578
8,11.706182,3.706181526184082
8,11.620112,3.620112419128418
8,11.601103,3.601102828979492
8,11.693212,3.693211555480957
8,11.680772,3.680771827697754
8,11.718034,3.718033790588379
8,11.603917,3.603917121887207
8,11.060553,3.0605525970458984
8,11.04547,3.0454702377319336
8,10.430686,2.4306859970092773
8,10.4083185,2.408318519592285
8,10.183134,2.183134078979492
8,10.292447,2.292447090148926
8,10.185777,2.185776710510254
8,10.322642,2.3226423263549805
8,10.212312,2.2123117446899414
8,10.295125,2.2951250076293945
8,10.17764,2.177639961242676
8,10.218736,2.218735694885254
8,10.344106,2.3441057205200195
8,10.3968,2.3968000411987305
8,10.434026,2.434025764465332
8,10.4547825,2.454782485961914
8,10.488734,2.488734245300293
8,10.50789,2.507889747619629
8,10.55514,2.5551395416259766
8,10.5846815,2.584681510925293
8,10.557498,2.557497978210449
8,10.678353,2.6783533096313477
8,10.628089,2.62808895111084
8,10.740676,2.740675926208496
8,10.69232,2.692319869995117
8,10.753554,2.753554344177246
8,10.736169,2.73616886138916
8,10.933908,2.933908462524414
8,11.096454,3.0964536666870117
8,11.11281,3.1128101348876953
8,11.197234,3.1972341537475586
8,11.17604,3.176039695739746
8,11.16237,3.162369728088379
8,11.122193,3.1221933364868164
8,11.002437,3.002436637878418
8,11.030383,3.0303831100463867
8,11.027442,3.02744197845459
8,11.07138,3.0713796615600586
8,11.084225,3.0842247009277344
8,11.113107,3.1131067276000977
8,11.035388,3.0353879928588867
8,10.899782,2.899782180786133
8,10.820636,2.8206357955932617
8,10.823428,2.823428153991699
8,10.808498,2.8084983825683594
8,10.816539,2.8165388107299805
8,10.920402,2.9204015731811523
8,10.996427,2.996426582336426
8,11.055419,3.0554189682006836
8,11.076867,3.07686710357666
8,11.0590315,3.0590314865112305
8,11.04478,3.0447797775268555
8,11.13226,3.132260322570801
8,11.132443,3.132443428039551
8,11.223416,3.223416328430176
8,11.218681,3.2186813354492188
8,11.26633,3.266329765319824
8,11.257578,3.257577896118164
8,11.244353,3.2443532943725586
8,11.232499,3.232499122619629
8,11.358007,3.3580074310302734
8,11.223796,3.2237958908081055
8,11.351882,3.351881980895996
8,11.307819,3.307819366455078
8,11.441001,3.4410009384155273
8,11.315198,3.3151979446411133
8,11.405692,3.4056921005249023
8,11.327886,3.327885627746582
8,11.486185,3.486185073852539
8,11.455113,3.455113410949707
8,11.506222,3.5062217712402344
8,11.476065,3.476064682006836
8,11.549323,3.549323081970215
8,11.538548,3.538548469543457
8,11.582538,3.5825376510620117
8,11.507655,3.507655143737793
8,11.567864,3.567864418029785
8,11.589376,3.589376449584961
8,11.724238,3.724238395690918
8,11.720515,3.720515251159668
8,11.879486,3.879486083984375
8,11.664334,3.664334297180176
8,11.819779,3.819779396057129
8,11.84953,3.8495302200317383
8,12.018356,4.0183563232421875
8,11.981397,3.9813966751098633
8,12.064595,4.0645952224731445
8,12.026758,4.026758193969727
8,12.097052,4.097051620483398
8,12.23001,4.230010032653809
8,12.265168,4.265168190002441
8,12.268282,4.268281936645508
8,12.214463,4.214463233947754
8,12.1621275,4.162127494812012
8,12.197195,4.197195053100586
8,12.221119,4.221118927001953
8,12.174145,4.174144744873047
8,12.192897,4.192896842956543
8,12.152989,4.152989387512207
8,12.42611,4.42611026763916
8,12.57932,4.579319953918457
8,13.061656,5.0616559982299805
8,13.53304,5.5330400466918945
8,13.031534,5.031534194946289
8,13.570352,5.570351600646973
8,13.935142,5.935141563415527
8,14.190307,6.190306663513184
8,14.520501,6.520501136779785
8,14.526652,6.5266523361206055
8,14.469626,6.469626426696777
8,14.005893,6.005892753601074
8,13.538749,5.538748741149902
8,13.888675,5.888674736022949
8,12.988926,4.988925933837891
8,12.769749,4.769748687744141
8,12.804368,4.804368019104004
8,12.82966,4.829660415649414
8,12.601476,4.601475715637207
8,13.301174,5.301174163818359
8,12.876281,4.876280784606934
8,13.204798,5.204797744750977
8,13.244042,5.24404239654541
8,13.870399,5.870399475097656
8,14.084656,6.08465576171875
8,13.773813,5.773813247680664
8,13.604302,5.604302406311035
8,13.6165905,5.61659049987793
8,13.984194,5.984193801879883
8,14.237939,6.23793888092041
8,14.414623,6.414623260498047
8,14.265443,6.265442848205566
8,14.44241,6.442410469055176
8,14.950978,6.9509782791137695
8,14.945587,6.945587158203125
8,14.94971,6.949709892272949
8,14.669043,6.669042587280273
8,14.665923,6.665923118591309
8,14.44558,6.445579528808594
8,14.477349,6.477349281311035
8,14.389745,6.389744758605957
7,14.127528,7.127528190612793
7,12.220262,5.220261573791504
7,11.389991,4.38999080657959
7,13.11634,6.116339683532715
7,11.29418,4.294179916381836
7,12.73657,5.736570358276367
7,11.415698,4.415698051452637
7,12.542882,5.542881965637207
7,11.663706,4.663705825805664
7,12.406781,5.406781196594238
7,11.799348,4.799347877502441
7,12.260146,5.260146141052246
7,11.823394,4.823393821716309
7,12.080623,5.080622673034668
7,11.616826,4.616826057434082
7,11.606766,4.6067657470703125
7,11.238007,4.238006591796875
7,11.224978,4.224978446960449
7,10.950903,3.9509029388427734
7,10.954071,3.954071044921875
7,10.733588,3.733588218688965
7,10.73448,3.7344799041748047
7,10.559251,3.559250831604004
7,10.549753,3.549753189086914
7,10.384362,3.38436222076416
7,10.447344,3.4473438262939453
7,10.376515,3.3765153884887695
7,10.43391,3.433910369873047
7,10.3937235,3.393723487854004
7,10.379461,3.3794612884521484
7,10.3758745,3.3758745193481445
7,10.312978,3.3129777908325195
7,10.29382,3.293820381164551
7,10.248346,3.2483463287353516
7,10.204001,3.2040014266967773
7,10.18867,3.1886701583862305
7,10.141553,3.1415529251098633
7,10.122836,3.122836112976074
7,10.080554,3.0805540084838867
7,10.077392,3.0773916244506836
7,10.029786,3.0297861099243164
7,10.029848,3.029848098754883
7,9.999347,2.9993467330932617
7,10.012989,3.012989044189453
7,9.977038,2.9770383834838867
7,9.978061,2.978060722351074
7,9.93787,2.9378700256347656
7,9.92869,2.928689956665039
7,9.906388,2.906388282775879
7,9.914943,2.914942741394043
7,9.879891,2.8798913955688477
7,9.883868,2.8838682174682617
7,9.8651085,2.8651084899902344
7,9.901716,2.9017162322998047
7,9.882243,2.8822431564331055
7,9.861065,2.861064910888672
7,9.8255415,2.8255414962768555
7,9.793791,2.793790817260742
7,9.776917,2.7769174575805664
7,9.771773,2.771773338317871
7,9.76871,2.768710136413574
7,9.7712555,2.7712554931640625
7,9.770786,2.7707862854003906
7,9.769332,2.769331932067871
7,9.773478,2.773477554321289
7,9.786241,2.786240577697754
7,9.774131,2.7741308212280273
7,9.781682,2.781682014465332
7,9.792558,2.792557716369629
7,9.8023405,2.802340507507324
7,9.822633,2.8226327896118164
7,9.864349,2.864349365234375
7,9.885209,2.885209083557129
7,9.925025,2.92502498626709
7,9.926726,2.9267263412475586
7,9.966739,2.966738700866699
7,9.957584,2.9575843811035156
7,9.985202,2.985201835632324
7,9.979171,2.979170799255371
7,10.004533,3.004532814025879
7,9.994264,2.9942636489868164
7,10.012247,3.012247085571289
7,10.006812,3.00681209564209
7,10.046052,3.0460519790649414
7,10.061011,3.06101131439209
7,10.106767,3.106766700744629
7,10.143384,3.1433839797973633
7,10.182073,3.182072639465332
7,10.19991,3.1999101638793945
7,10.231498,3.2314977645874023
7,10.25199,3.25199031829834
7,10.282533,3.2825326919555664
7,10.316226,3.316226005554199
7,10.286563,3.286562919616699
7,10.248008,3.2480077743530273
7,10.130897,3.13089656829834
7,10.05462,3.054619789123535
7,10.127733,3.1277332305908203
7,10.077799,3.077798843383789
7,10.017376,3.017375946044922
7,9.92966,2.929659843444824
7,9.927496,2.9274959564208984
7,9.887652,2.8876523971557617
7,9.901963,2.901963233947754
7,9.869317,2.869317054748535
7,9.842896,2.8428964614868164
7,9.83349,2.8334903717041016
7,9.814997,2.8149967193603516
7,9.864666,2.864665985107422
7,9.9193735,2.9193735122680664
7,9.939653,2.9396533966064453
7,9.9578,2.9577999114990234
7,9.887239,2.887239456176758
7,9.917415,2.917414665222168
7,9.818656,2.8186559677124023
7,9.8105135,2.810513496398926
7,9.740319,2.74031925201416
7,9.697786,2.697786331176758
7,9.614871,2.614871025085449
7,9.516265,2.5162649154663086
7,9.448401,2.44840145111084
7,9.464447,2.464447021484375
7,9.437562,2.4375619888305664
7,9.471701,2.471700668334961
7,9.521344,2.5213441848754883
7,9.517375,2.5173749923706055
7,9.510409,2.510409355163574
7,9.588228,2.588228225708008
7,9.553245,2.5532445907592773
7,9.643655,2.6436548233032227
7,9.515306,2.5153064727783203
7,9.557462,2.557461738586426
7,9.653149,2.653148651123047
7,9.677538,2.6775379180908203
7,9.695523,2.695523262023926
7,9.708848,2.708847999572754
7,9.673271,2.6732711791992188
7,9.661689,2.661688804626465
7,9.620179,2.6201791763305664
7,9.613615,2.613615036010742
7,9.584751,2.5847511291503906
7,9.596059,2.5960588455200195
7,9.7138195,2.7138195037841797
7,9.721875,2.7218751907348633
7,9.706485,2.706484794616699
7,9.670892,2.670891761779785
7,9.597557,2.5975570678710938
7,9.666422,2.666421890258789
7,9.711985,2.711984634399414
7,9.797362,2.7973623275756836
7,9.77089,2.770890235900879
7,9.804194,2.804194450378418
7,9.7436075,2.743607521057129
7,9.823119,2.8231191635131836
7,9.772552,2.7725515365600586
7,9.719712,2.719712257385254
7,9.717546,2.7175464630126953
7,9.7103405,2.7103404998779297
7,9.722501,2.722500801086426
7,9.698992,2.6989917755126953
7,9.701136,2.7011356353759766
7,9.484498,2.4844980239868164
7,9.8506155,2.8506155014038086
7,9.968195,2.9681949615478516
7,11.365166,4.365165710449219
7,11.405677,4.40567684173584
7,11.44877,4.448769569396973
7,11.760964,4.760964393615723
7,12.146068,5.1460676193237305
7,12.068366,5.068366050720215
7,12.319037,5.319037437438965
7,12.251657,5.251656532287598
7,12.62931,5.62930965423584
7,12.671731,5.671730995178223
7,12.984432,5.984432220458984
7,13.005056,6.005056381225586
7,13.105634,6.105633735656738
7,12.921256,5.921256065368652
7,13.094266,6.094265937805176
7,13.126388,6.126387596130371
7,13.275242,6.275241851806641
7,12.972616,5.972616195678711
7,13.27732,6.27731990814209
7,13.156903,6.156903266906738
7,13.358331,6.358330726623535
7,13.289098,6.289097785949707
7,13.691222,6.691222190856934
7,13.624827,6.6248273849487305
7,13.644479,6.644478797912598
7,13.501563,6.50156307220459
7,14.05949,7.059490203857422
7,14.42043,7.4204301834106445
7,14.521279,7.521279335021973
7,14.1222315,7.122231483459473
7,14.780052,7.780052185058594
7,14.73915,7.739150047302246
7,15.134553,8.134552955627441
7,15.197988,8.19798755645752
7,15.134202,8.134202003479004
7,14.779688,7.779687881469727
7,13.469361,6.469361305236816
7,13.722278,6.722277641296387
7,13.33504,6.335040092468262
7,13.641876,6.641876220703125
7,12.579564,5.579564094543457
6,13.580402,7.580402374267578
6,11.86518,5.865180015563965
6,12.413259,6.4132585525512695
6,12.565396,6.565396308898926
6,11.5020895,5.502089500427246
6,11.803904,5.803903579711914
6,11.006365,5.006364822387695
6,11.244235,5.244235038757324
6,10.796927,4.796927452087402
6,10.858764,4.858763694763184
6,10.5253315,4.525331497192383
6,10.622386,4.6223859786987305
6,10.438658,4.438657760620117
6,10.457834,4.457834243774414
6,10.219972,4.219971656799316
6,10.109123,4.109123229980469
6,9.887921,3.8879213333129883
6,9.746825,3.7468252182006836
6,9.62411,3.624110221862793
6,9.505805,3.505805015563965
6,9.39154,3.3915395736694336
6,9.222809,3.222808837890625
6,9.197772,3.1977720260620117
6,9.251791,3.251791000366211
6,9.325159,3.3251590728759766
6,9.366314,3.366313934326172
6,9.279675,3.279674530029297
6,9.308155,3.308155059814453
6,9.265413,3.265413284301758
6,9.291532,3.291531562805176
6,9.2410345,3.241034507751465
6,9.215921,3.215921401977539
6,9.190566,3.190566062927246
6,9.147702,3.147702217102051
6,9.101893,3.101893424987793
6,9.023936,3.0239362716674805
6,9.014791,3.0147905349731445
6,8.963269,2.9632692337036133
6,8.966007,2.9660072326660156
6,8.926923,2.9269227981567383
6,8.925889,2.925889015197754
6,8.87503,2.8750295639038086
6,8.860652,2.860651969909668
6,8.818255,2.8182554244995117
6,8.812876,2.812875747680664
6,8.797891,2.7978906631469727
6,8.790999,2.790999412536621
6,8.770305,2.7703046798706055
6,8.743978,2.7439775466918945
6,8.744151,2.7441511154174805
6,8.700803,2.700802803039551
6,8.694987,2.6949872970581055
6,8.662917,2.662917137145996
6,8.649901,2.6499013900756836
6,8.591205,2.5912046432495117
6,8.558373,2.55837345123291
6,8.4844675,2.4844675064086914
6,8.433927,2.433926582336426
6,8.351571,2.3515710830688477
6,8.270879,2.270878791809082
6,8.198527,2.1985273361206055
6,8.132235,2.132234573364258
6,8.109678,2.109678268432617
6,8.092046,2.092045783996582
6,8.108437,2.1084365844726562
6,8.122343,2.122343063354492
6,8.142645,2.1426448822021484
6,8.191346,2.1913461685180664
6,8.257975,2.257974624633789
6,8.335374,2.335373878479004
6,8.41022,2.410220146179199
6,8.446449,2.4464492797851562
6,8.464612,2.4646120071411133
6,8.485787,2.4857873916625977
6,8.499858,2.4998579025268555
6,8.528577,2.5285768508911133
6,8.5284815,2.5284814834594727
6,8.52623,2.5262298583984375
6,8.543805,2.5438051223754883
6,8.562491,2.5624914169311523
6,8.59121,2.59121036529541
6,8.595773,2.5957727432250977
6,8.656779,2.6567792892456055
6,8.660827,2.6608266830444336
6,8.725902,2.7259016036987305
6,8.730643,2.7306432723999023
6,8.83158,2.83158016204834
6,8.879032,2.8790321350097656
6,9.037582,3.0375823974609375
6,9.092283,3.092283248901367
6,9.182303,3.1823034286499023
6,9.218907,3.218907356262207
6,9.272895,3.272894859313965
6,9.285844,3.285843849182129
6,9.340812,3.3408117294311523
6,9.321405,3.3214054107666016
6,9.294725,3.2947254180908203
6,9.320506,3.3205060958862305
6,9.342372,3.342371940612793
6,9.43497,3.434969902038574
6,9.456286,3.4562864303588867
6,9.546815,3.5468149185180664
6,9.603982,3.6039819717407227
6,9.665531,3.6655311584472656
6,9.716518,3.7165184020996094
6,9.769906,3.7699060440063477
6,9.809506,3.809506416320801
6,9.862275,3.8622751235961914
6,9.92782,3.9278202056884766
6,9.989396,3.989396095275879
6,10.051539,4.051539421081543
6,10.101162,4.101161956787109
6,10.140362,4.140361785888672
6,10.202653,4.202652931213379
6,10.241807,4.241806983947754
6,10.299064,4.299063682556152
6,10.299592,4.299592018127441
6,10.347684,4.347683906555176
6,10.3571005,4.357100486755371
6,10.40363,4.403630256652832
6,10.393821,4.393820762634277
6,10.424779,4.424778938293457
6,10.397627,4.397626876831055
6,10.445001,4.445000648498535
6,10.432079,4.432079315185547
6,10.499869,4.499869346618652
6,10.494109,4.494109153747559
6,10.510021,4.510021209716797
6,10.508317,4.508316993713379
6,10.519106,4.519105911254883
6,10.5101,4.510100364685059
6,10.520479,4.520479202270508
6,10.533014,4.533014297485352
6,10.538571,4.538571357727051
6,10.53699,4.536990165710449
6,10.559941,4.559941291809082
6,10.545944,4.5459442138671875
6,10.546607,4.54660701751709
6,10.555524,4.555523872375488
6,10.543189,4.54318904876709
6,10.523608,4.523608207702637
6,10.46256,4.462559700012207
6,10.473337,4.473337173461914
6,10.446467,4.446467399597168
6,10.478878,4.478878021240234
6,10.49452,4.49452018737793
6,10.505484,4.505483627319336
6,10.516539,4.516538619995117
6,10.527404,4.527403831481934
6,10.533405,4.533405303955078
6,10.538484,4.538483619689941
6,10.53971,4.53971004486084
6,10.558036,4.558035850524902
6,10.567624,4.567624092102051
6,10.583697,4.583697319030762
6,10.587075,4.587075233459473
6,10.548011,4.54801082611084
6,10.505944,4.50594425201416
6,10.540648,4.540648460388184
6,10.497503,4.497503280639648
6,10.521355,4.521354675292969
6,10.527078,4.527077674865723
6,10.569081,4.5690813064575195
6,10.568727,4.568726539611816
6,10.58073,4.580730438232422
6,10.560583,4.560583114624023
6,10.562092,4.562091827392578
6,10.534329,4.534329414367676
6,10.504035,4.504034996032715
6,10.508319,4.508318901062012
6,10.519286,4.519286155700684
6,10.499553,4.4995527267456055
6,10.509295,4.509295463562012
6,10.476865,4.476864814758301
6,10.521981,4.521981239318848
6,10.500025,4.500024795532227
6,10.553718,4.553717613220215
6,10.500091,4.500090599060059
6,10.544457,4.54445743560791
6,10.502187,4.5021867752075195
6,10.522345,4.522344589233398
6,10.436969,4.436968803405762
6,10.4288435,4.4288434982299805
6,10.386783,4.386782646179199
6,10.405349,4.405348777770996
6,10.354247,4.354247093200684
6,10.367362,4.367362022399902
6,10.402716,4.402715682983398
6,10.454063,4.454063415527344
6,10.461995,4.4619951248168945
6,10.49243,4.492429733276367
6,10.480403,4.480402946472168
6,10.451165,4.451165199279785
6,10.446435,4.44643497467041
6,10.448498,4.448497772216797
6,10.425263,4.425263404846191
6,10.442902,4.442901611328125
6,10.464463,4.464463233947754
6,10.462476,4.462475776672363
6,10.478167,4.478166580200195
6,10.507379,4.507378578186035
6,10.55243,4.552430152893066
6,10.550255,4.550254821777344
6,10.554508,4.554508209228516
6,10.546879,4.546878814697266
6,10.477534,4.477534294128418
6,10.410703,4.410702705383301
6,10.379003,4.379002571105957
6,10.322524,4.322524070739746
6,10.357417,4.357417106628418
6,10.33051,4.330510139465332
6,10.333081,4.333081245422363
6,10.374171,4.374171257019043
6,10.40729,4.407290458679199
6,10.437509,4.437508583068848
6,10.460869,4.460868835449219
6,10.457818,4.457818031311035
6,10.419818,4.419817924499512
6,10.394439,4.394438743591309
6,10.385498,4.385498046875
6,10.375561,4.375560760498047
6,10.36379,4.3637895584106445
6,10.413418,4.413417816162109
6,10.394452,4.394452095031738
6,10.479222,4.479222297668457
6,10.491043,4.4910430908203125
6,10.546924,4.546923637390137
6,10.519401,4.519400596618652
6,10.531905,4.531905174255371
6,10.531545,4.5315446853637695
6,10.464793,4.4647932052612305
6,10.411273,4.411273002624512
6,10.402018,4.402017593383789
6,10.46341,4.463410377502441
6,10.550781,4.55078125
6,10.097058,4.097058296203613
6,10.28206,4.282059669494629
6,10.271092,4.271092414855957
6,11.06479,5.064789772033691
6,11.427569,5.427569389343262
6,11.929555,5.9295549392700195
6,12.346454,6.346453666687012
6,12.835059,6.83505916595459
6,12.885146,6.885146141052246
6,12.142782,6.142782211303711
6,13.073951,7.07395076751709
6,12.359329,6.3593292236328125
6,12.2881975,6.2881975173950195
6,12.783953,6.783952713012695
6,13.868792,7.868791580200195
6,13.754745,7.754744529724121
6,13.908107,7.908106803894043
6,13.744386,7.744385719299316
6,13.979386,7.979386329650879
6,13.252492,7.2524919509887695
6,13.180566,7.18056583404541
6,10.998902,4.998902320861816
6,11.896031,5.896031379699707
6,11.657304,5.657303810119629
6,12.050403,6.050402641296387
6,11.234681,5.234681129455566
6,11.495716,5.495716094970703
6,10.762897,4.762896537780762
6,11.427649,5.427648544311523
6,11.131195,5.131195068359375
6,11.791547,5.791546821594238
6,11.013874,5.013874053955078
6,11.214826,5.214825630187988
6,10.74229,4.7422895431518555
6,10.94926,4.9492597579956055
6,10.282586,4.282586097717285
6,10.615982,4.6159820556640625
6,10.383827,4.383827209472656
6,10.530938,4.530938148498535
6,10.5620575,4.5620574951171875
6,10.887293,4.887292861938477
6,10.685285,4.685284614562988
6,10.09508,4.095080375671387
6,9.670958,3.670957565307617
6,9.973927,3.973926544189453
6,9.882013,3.8820133209228516
6,9.474593,3.474593162536621
6,8.400611,2.40061092376709
6,7.600757,1.600757122039795
6,7.908531,1.9085311889648438
6,7.1866436,1.1866436004638672
6,7.4298544,1.429854393005371
6,6.9899163,0.9899163246154785
6,7.433517,1.4335169792175293
6,7.3334045,1.333404541015625
6,7.826522,1.826521873474121
6,7.768133,1.7681331634521484
6,8.250552,2.250552177429199
6,7.9973354,1.997335433959961
6,8.847827,2.8478269577026367
6,9.307395,3.3073949813842773
6,9.511106,3.511105537414551
6,9.147797,3.147796630859375
6,9.765632,3.765631675720215
6,9.663684,3.6636838912963867
6,10.509372,4.509371757507324
6,10.5162,4.516200065612793
6,11.224307,5.224307060241699
6,10.881854,4.881854057312012
6,11.628066,5.628066062927246
6,12.182271,6.1822710037231445
6,12.484038,6.484038352966309
6,12.073701,6.073700904846191
6,11.868912,5.8689117431640625
6,12.080749,6.080748558044434
6,11.801465,5.801465034484863
6,12.036384,6.036383628845215
6,11.586419,5.586419105529785
6,12.126267,6.126267433166504
6,11.770782,5.770782470703125
6,12.383948,6.38394832611084
6,12.073325,6.073325157165527
6,12.589942,6.58994197845459
6,12.456373,6.45637321472168
6,12.7939005,6.793900489807129
6,12.643743,6.643742561340332
6,12.781344,6.781344413757324
6,12.668866,6.668866157531738
6,12.59958,6.599579811096191
6,12.535605,6.535605430603027
6,12.615699,6.61569881439209
6,12.620283,6.620283126831055
6,11.82496,5.824959754943848
6,11.300817,5.300816535949707
6,11.40433,5.404330253601074
5,12.514528,7.514528274536133
5,10.071874,5.071873664855957
5,10.2012205,5.201220512390137
5,9.753476,4.753476142883301
5,9.139984,4.139984130859375
5,8.619332,3.6193323135375977
5,8.296156,3.2961559295654297
5,7.986634,2.986633777618408
5,8.062201,3.0622005462646484
5,7.909512,2.9095120429992676
5,8.08219,3.0821895599365234
5,7.278892,2.2788920402526855
5,6.520468,1.5204682350158691
5,5.511724,0.5117239952087402
5,5.5726013,0.572601318359375
5,5.5394692,0.5394692420959473
5,5.7147164,0.7147164344787598
5,5.570217,0.5702171325683594
5,5.769071,0.769071102142334
5,5.716144,0.7161440849304199
5,5.860132,0.8601322174072266
5,5.8572135,0.8572134971618652
5,5.948293,0.9482932090759277
5,5.9423757,0.942375659942627
5,5.9933567,0.9933567047119141
5,6.278132,1.2781319618225098
5,6.493487,1.4934868812561035
5,6.6803303,1.6803302764892578
5,6.538364,1.5383639335632324
5,6.6502337,1.6502337455749512
5,6.7206807,1.7206807136535645
5,6.728142,1.7281417846679688
5,6.805594,1.8055939674377441
5,6.7967772,1.7967772483825684
5,6.868515,1.8685150146484375
5,6.82473,1.8247299194335938
5,6.9025598,1.902559757232666
5,6.8678036,1.8678035736083984
5,6.920346,1.9203457832336426
5,7.081878,2.081878185272217
5,7.404617,2.4046168327331543
5,7.3645277,2.364527702331543
5,7.403313,2.403313159942627
5,7.3865633,2.386563301086426
5,7.3895097,2.389509677886963
5,7.3747573,2.3747572898864746
5,7.361232,2.361231803894043
5,7.3528395,2.352839469909668
5,7.0201707,2.0201706886291504
5,7.048777,2.0487771034240723
5,6.832767,1.8327670097351074
5,7.15844,2.158440113067627
5,7.0429444,2.0429444313049316
5,7.355101,2.3551011085510254
5,7.2410026,2.2410025596618652
5,7.2994466,2.2994465827941895
5,7.082738,2.082737922668457
5,7.158196,2.158195972442627
5,6.931009,1.9310088157653809
5,7.094622,2.0946221351623535
5,6.893143,1.8931431770324707
5,7.0251327,2.025132656097412
5,6.7752123,1.775212287902832
5,6.896662,1.8966622352600098
5,6.615312,1.615312099456787
5,6.6871257,1.6871256828308105
5,6.251516,1.2515158653259277
5,6.313041,1.3130412101745605
5,5.8813896,0.8813896179199219
5,5.865666,0.8656659126281738
5,5.2229943,0.22299432754516602
5,4.9989233,0.0010766983032226562
5,4.2135744,0.7864255905151367
5,3.9129004,1.087099552154541
5,3.5288982,1.4711017608642578
5,3.3692353,1.6307647228240967
5,3.6486993,1.3513007164001465
5,4.296737,0.7032628059387207
5,5.4303575,0.4303574562072754
5,5.8143744,0.8143744468688965
5,6.215558,1.2155580520629883
5,6.65225,1.652249813079834
5,6.6546197,1.6546196937561035
5,7.1526623,2.1526622772216797
5,7.4069295,2.4069294929504395
5,8.135835,3.1358346939086914
5,8.525624,3.5256242752075195
5,8.841586,3.841586112976074
5,8.911521,3.9115209579467773
5,9.3424635,4.342463493347168
5,9.571162,4.571162223815918
5,9.892306,4.892306327819824
5,10.05555,5.055549621582031
5,10.421999,5.421998977661133
5,10.822636,5.822635650634766
5,11.179911,6.179910659790039
5,11.431673,6.431673049926758
5,11.521817,6.521817207336426
5,11.815082,6.815081596374512
5,12.172168,7.172167778015137
5,12.655538,7.6555376052856445
5,13.068059,8.068058967590332
5,13.286162,8.286162376403809
5,13.348031,8.348031044006348
5,13.359794,8.359793663024902
5,13.346114,8.346114158630371
5,13.246329,8.246329307556152
5,12.98574,7.985739707946777
5,13.195055,8.19505500793457
5,12.912346,7.912345886230469
5,12.845547,7.845546722412109
5,12.756129,7.756129264831543
5,12.63215,7.632149696350098
5,11.869493,6.869492530822754
5,11.941366,6.941366195678711
5,11.664539,6.664539337158203
5,12.411654,7.411654472351074
5,11.707816,6.707816123962402
5,12.1291275,7.129127502441406
5,11.149414,6.1494140625
5,11.825909,6.825908660888672
5,11.266969,6.266968727111816
5,11.019868,6.019867897033691
5,10.605629,5.605628967285156
5,12.08234,7.082340240478516
5,12.38416,7.384160041809082
5,13.389149,8.389148712158203
5,13.690709,8.690709114074707
5,14.838177,9.838176727294922
5,15.078812,10.078811645507812
5,15.889831,10.889830589294434
5,15.930348,10.93034839630127
5,16.017298,11.017297744750977
5,15.919591,10.919590950012207
5,15.770711,10.770710945129395
5,15.978726,10.978726387023926
5,16.211515,11.211515426635742
5,16.462322,11.462322235107422
5,16.41175,11.411750793457031
5,16.465391,11.465391159057617
5,16.461807,11.461807250976562
5,16.677967,11.677967071533203
5,16.709206,11.709205627441406
5,18.359163,13.359163284301758
5,18.722624,13.722623825073242
5,18.466496,13.466495513916016
5,18.930408,13.930408477783203
4,18.19156,14.191560745239258
4,18.07115,14.071149826049805
4,16.365942,12.365942001342773
4,14.793977,10.793976783752441
4,12.373282,8.373282432556152
4,12.204051,8.20405101776123
4,10.553832,6.553832054138184
4,10.839466,6.839466094970703
4,9.923055,5.9230546951293945
4,10.211709,6.211709022521973
4,9.638905,5.638904571533203
4,9.847331,5.8473310470581055
4,9.376285,5.376284599304199
4,9.448771,5.4487714767456055
4,9.122119,5.122118949890137
4,9.176616,5.1766157150268555
4,8.846814,4.846814155578613
4,8.863684,4.863683700561523
4,8.560878,4.560877799987793
4,8.6197195,4.619719505310059
4,8.381134,4.381134033203125
4,8.481524,4.481524467468262
4,8.266113,4.26611328125
4,8.392892,4.392891883850098
4,8.225317,4.225317001342773
4,8.430495,4.430495262145996
4,8.301484,4.301484107971191
4,8.3473625,4.347362518310547
4,8.209734,4.209733963012695
4,8.187546,4.1875457763671875
4,8.097312,4.097311973571777
4,8.075667,4.075667381286621
4,8.028533,4.028532981872559
4,8.011968,4.011967658996582
4,7.9783144,3.9783143997192383
4,7.969875,3.969874858856201
4,7.9508076,3.950807571411133
4,7.9490457,3.9490456581115723
4,7.927316,3.927316188812256
4,7.9367547,3.9367547035217285
4,7.9147024,3.9147024154663086
4,7.9006376,3.900637626647949
4,7.8670316,3.8670315742492676
4,7.850032,3.850031852722168
4,7.8278418,3.8278417587280273
4,7.8144736,3.8144736289978027
4,7.791519,3.7915191650390625
4,7.794999,3.794999122619629
4,7.7570853,3.7570853233337402
4,7.744084,3.744083881378174
4,7.691231,3.6912307739257812
4,7.6649623,3.6649622917175293
4,7.5848794,3.5848793983459473
4,7.549738,3.5497379302978516
4,7.455857,3.4558568000793457
4,7.4304285,3.4304285049438477
4,7.3450317,3.34503173828125
4,7.335938,3.335937976837158
4,7.267204,3.2672038078308105
4,7.267984,3.267983913421631
4,7.2040277,3.2040276527404785
4,7.188364,3.188364028930664
4,7.148995,3.1489949226379395
4,7.115263,3.115262985229492
4,7.0789847,3.0789847373962402
4,7.023598,3.0235981941223145
4,6.9584775,2.95847749710083
4,6.903233,2.903233051300049
4,6.844765,2.8447651863098145
4,6.794468,2.7944679260253906
4,6.7438836,2.7438836097717285
4,6.6928697,2.6928696632385254
4,6.6377473,2.637747287750244
4,6.5823393,2.582339286804199
4,6.527535,2.5275349617004395
4,6.4828343,2.4828343391418457
4,6.437677,2.4376769065856934
4,6.417223,2.4172229766845703
4,6.3979945,2.3979945182800293
4,6.382521,2.382521152496338
4,6.3668475,2.366847515106201
4,6.326772,2.3267722129821777
4,6.3049355,2.3049354553222656
4,6.3048244,2.3048243522644043
4,6.322443,2.3224430084228516
4,6.3184705,2.3184704780578613
4,6.307782,2.3077821731567383
4,6.306825,2.3068251609802246
4,6.310726,2.3107261657714844
4,6.2910876,2.2910876274108887
4,6.2613106,2.261310577392578
4,6.2619576,2.2619576454162598
4,6.266562,2.266561985015869
4,6.2820973,2.282097339630127
4,6.3185983,2.3185982704162598
4,6.3565946,2.3565945625305176
4,6.3880005,2.38800048828125
4,6.4330087,2.4330086708068848
4,6.5033007,2.503300666809082
4,6.5625224,2.5625224113464355
4,6.626601,2.626601219177246
4,6.6832733,2.6832733154296875
4,6.744164,2.744163990020752
4,6.784416,2.7844161987304688
4,6.865236,2.8652358055114746
4,6.872464,2.872464179992676
4,6.900713,2.9007129669189453
4,6.8843637,2.8843636512756348
4,6.89871,2.898709774017334
4,6.870454,2.8704538345336914
4,6.8951616,2.8951616287231445
4,6.9069667,2.9069666862487793
4,6.904704,2.9047040939331055
4,6.911041,2.911040782928467
4,7.0443225,3.0443224906921387
4,7.0359387,3.0359387397766113
4,7.1289277,3.128927707672119
4,7.1687107,3.168710708618164
4,7.282824,3.2828240394592285
4,7.236458,3.2364578247070312
4,7.376547,3.376546859741211
4,7.3656125,3.365612506866455
4,7.466003,3.466002941131592
4,7.47215,3.4721498489379883
4,7.581721,3.5817208290100098
4,7.5512595,3.5512595176696777
4,7.5792556,3.5792555809020996
4,7.548632,3.5486321449279785
4,7.63203,3.6320300102233887
4,7.6188765,3.6188764572143555
4,7.722896,3.722896099090576
4,7.71014,3.7101402282714844
4,7.725491,3.7254910469055176
4,7.6823316,3.6823315620422363
4,7.6538234,3.6538233757019043
4,7.618939,3.61893892288208
4,7.5881586,3.58815860748291
4,7.577348,3.577348232269287
4,7.6299376,3.6299376487731934
4,7.5889626,3.5889625549316406
4,7.5554886,3.5554885864257812
4,7.5362573,3.536257266998291
4,7.5213475,3.5213475227355957
4,7.513682,3.5136818885803223
4,7.4879785,3.487978458404541
4,7.491757,3.4917569160461426
4,7.4885983,3.488598346710205
4,7.4811172,3.4811172485351562
4,7.37382,3.3738198280334473
4,7.3967633,3.396763324737549
4,7.389565,3.3895649909973145
4,7.4302306,3.4302306175231934
4,7.375862,3.3758621215820312
4,7.417197,3.4171972274780273
4,7.3963866,3.3963866233825684
4,7.3795547,3.3795547485351562
4,7.3892384,3.3892383575439453
4,7.4061527,3.4061527252197266
4,7.4177775,3.4177775382995605
4,7.4005885,3.4005885124206543
4,7.4726076,3.4726076126098633
4,7.3933268,3.393326759338379
4,7.4174104,3.417410373687744
4,7.4063354,3.4063353538513184
4,7.419225,3.4192252159118652
4,7.368804,3.3688039779663086
4,7.4188056,3.4188055992126465
4,7.4101553,3.4101552963256836
4,7.48686,3.4868597984313965
4,7.5426917,3.542691707611084
4,7.52788,3.5278801918029785
4,7.569391,3.5693907737731934
4,7.541713,3.541713237762451
4,7.540045,3.5400447845458984
4,7.429588,3.4295878410339355
4,7.56537,3.5653700828552246
4,7.536357,3.5363569259643555
4,7.719565,3.719564914703369
4,7.929742,3.929741859436035
4,8.307218,4.307217597961426
4,8.812113,4.812112808227539
4,8.960697,4.960697174072266
4,9.114667,5.114666938781738
4,9.234157,5.234156608581543
4,9.456515,5.456515312194824
4,9.632485,5.632485389709473
4,9.867781,5.867780685424805
4,9.82905,5.829050064086914
4,9.897392,5.897392272949219
4,10.0364065,6.036406517028809
4,10.236823,6.236823081970215
4,10.173094,6.173093795776367
4,10.323199,6.323199272155762
4,10.324619,6.324619293212891
4,10.345626,6.345625877380371
4,10.3705225,6.370522499084473
4,10.447271,6.447271347045898
4,10.442629,6.442628860473633
4,10.323508,6.323508262634277
4,10.186568,6.186568260192871
4,10.370185,6.370184898376465
4,10.4270525,6.4270524978637695
4,10.699355,6.699355125427246
4,10.766653,6.766653060913086
4,10.835151,6.835150718688965
4,11.103752,7.103752136230469
4,11.213128,7.213128089904785
4,11.264795,7.264795303344727
4,11.031232,7.031231880187988
4,10.932592,6.932592391967773
4,10.873838,6.873838424682617
4,10.873331,6.873331069946289
4,10.829139,6.82913875579834
4,10.64154,6.641539573669434
4,10.512177,6.512177467346191
4,10.611926,6.611926078796387
4,10.519793,6.519792556762695
4,10.5222435,6.522243499755859
4,10.212335,6.212334632873535
4,9.990727,5.990727424621582
4,9.616668,5.616667747497559
4,9.550355,5.550354957580566
4,9.390277,5.390276908874512
4,9.554725,5.55472469329834
4,9.630891,5.630890846252441
4,9.809827,5.809826850891113
4,10.074927,6.07492733001709
4,10.4678,6.467800140380859
4,10.478423,6.478423118591309
4,10.687915,6.687914848327637
4,10.471921,6.471920967102051
4,10.559297,6.559296607971191
4,10.109157,6.109156608581543
4,9.980777,5.980776786804199
4,9.465407,5.465407371520996
4,9.910771,5.910771369934082
4,9.663888,5.663887977600098
4,10.133937,6.133936882019043
4,10.063193,6.063193321228027
4,10.483226,6.4832258224487305
4,10.398249,6.398248672485352
4,10.963359,6.9633588790893555
4,10.953864,6.953864097595215
4,11.271876,7.271876335144043
4,11.420001,7.420001029968262
4,11.473629,7.473628997802734
4,10.53064,6.5306396484375
4,10.924329,6.924328804016113
4,10.788997,6.788996696472168
4,11.385506,7.385505676269531
4,11.025549,7.025548934936523
4,11.355618,7.355617523193359
4,10.849606,6.849605560302734
4,11.127418,7.12741756439209
4,10.545184,6.545184135437012
4,10.818374,6.818373680114746
4,9.977579,5.977579116821289
3,10.383631,7.383630752563477
3,8.529372,5.529372215270996
3,8.039375,5.039375305175781
3,8.235353,5.235353469848633
3,7.405481,4.405480861663818
3,7.759567,4.759566783905029
3,6.743214,3.7432141304016113
3,6.9143214,3.9143214225769043
3,6.2240133,3.224013328552246
3,6.351995,3.3519949913024902
3,5.745026,2.745026111602783
3,5.8394237,2.839423656463623
3,4.9165425,1.9165425300598145
3,4.529742,1.5297417640686035
3,3.8046303,0.8046302795410156
3,3.592005,0.5920050144195557
3,3.3435092,0.3435091972351074
3,3.471591,0.4715909957885742
3,3.2247853,0.22478532791137695
3,3.2171855,0.21718549728393555
3,3.1285508,0.12855076789855957
3,3.0715609,0.07156085968017578
3,2.7575498,0.24245023727416992
3,2.7144165,0.28558349609375
3,2.959089,0.040910959243774414
3,2.9398541,0.06014585494995117
3,3.261658,0.2616579532623291
3,3.2815475,0.28154754638671875
3,3.4105463,0.41054630279541016
3,3.3203502,0.32035017013549805
3,3.5717795,0.5717794895172119
3,2.9918015,0.00819849967956543
3,3.211226,0.2112259864807129
3,2.8826613,0.11733865737915039
3,3.091155,0.0911550521850586
3,2.884439,0.11556100845336914
3,2.9590015,0.04099845886230469
3,2.8287406,0.17125940322875977
3,2.857034,0.14296603202819824
3,2.7415285,0.2584714889526367
3,2.939485,0.06051492691040039
3,3.2212548,0.22125482559204102
3,3.473119,0.47311902046203613
3,3.1549945,0.15499448776245117
3,3.0728405,0.07284045219421387
3,2.871482,0.12851810455322266
3,3.040161,0.0401608943939209
3,2.977727,0.02227306365966797
3,2.9904191,0.009580850601196289
3,3.0225797,0.022579669952392578
3,3.6160164,0.6160163879394531
3,3.6750336,0.6750335693359375
3,3.7073703,0.7073702812194824
3,3.787662,0.7876620292663574
3,3.8892136,0.8892135620117188
3,4.036078,1.0360779762268066
3,4.148732,1.1487321853637695
3,4.151042,1.1510419845581055
3,4.139518,1.1395177841186523
3,4.468353,1.4683527946472168
3,4.4249983,1.4249982833862305
3,4.438475,1.4384751319885254
3,4.380277,1.380277156829834
3,4.4251256,1.4251255989074707
3,4.284345,1.2843451499938965
3,4.145965,1.1459650993347168
3,4.1522994,1.152299404144287
3,3.99543,0.9954299926757812
3,3.4949603,0.49496030807495117
3,3.0451207,0.0451207160949707
3,2.1019015,0.8980984687805176
3,2.023353,0.976646900177002
3,2.5278869,0.47211313247680664
3,3.282105,0.2821049690246582
3,3.1545668,0.15456676483154297
3,3.0470152,0.04701519012451172
3,3.181227,0.1812269687652588
3,3.0901067,0.09010672569274902
3,3.1851315,0.18513154983520508
3,3.0566633,0.05666327476501465
3,3.1242704,0.12427043914794922
3,2.9602728,0.039727210998535156
3,3.046653,0.046653032302856445
3,2.9257638,0.07423615455627441
3,3.1079288,0.10792875289916992
3,2.9150906,0.08490943908691406
3,3.0408812,0.04088115692138672
3,2.8151526,0.18484735488891602
3,2.7393713,0.26062870025634766
3,2.858848,0.14115190505981445
3,3.6206868,0.6206867694854736
3,3.2923133,0.2923133373260498
3,4.035054,1.0350542068481445
3,3.614839,0.6148390769958496
3,4.3713365,1.3713364601135254
3,3.9253469,0.925346851348877
3,4.7404037,1.740403652191162
3,4.2759314,1.2759313583374023
3,5.1352944,2.1352944374084473
3,4.3737607,1.37376070022583
3,5.413995,2.413994789123535
3,5.051614,2.0516138076782227
3,6.4200125,3.4200124740600586
3,6.0447397,3.0447397232055664
3,6.950583,3.950582981109619
3,6.523034,3.52303409576416
3,7.4633265,4.463326454162598
3,7.0487723,4.04877233505249
3,8.011459,5.0114593505859375
3,7.7212663,4.721266269683838
3,8.532361,5.532361030578613
3,8.09868,5.098679542541504
3,8.791656,5.791655540466309
3,8.572921,5.572920799255371
3,8.752309,5.7523088455200195
3,8.964332,5.96433162689209
3,9.587124,6.587123870849609
3,9.182882,6.182882308959961
3,9.075848,6.075847625732422
3,8.831183,5.831183433532715
3,8.816234,5.8162336349487305
3,8.658734,5.658734321594238
3,8.679826,5.679825782775879
3,8.531199,5.5311994552612305
3,8.578704,5.578703880310059
3,8.458175,5.458174705505371
3,8.363333,5.363332748413086
3,7.505474,4.505474090576172
3,6.767514,3.767514228820801
3,6.219392,3.2193918228149414
3,6.947952,3.9479517936706543
3,5.5656,2.5655999183654785
3,6.754239,3.754239082336426
3,5.5355096,2.5355095863342285
3,6.5167775,3.516777515411377
3,5.432492,2.4324917793273926
3,6.389415,3.3894147872924805
3,5.402651,2.402650833129883
3,6.437101,3.437100887298584
3,5.541412,2.541411876678467
3,6.4677644,3.467764377593994
3,5.6209126,2.620912551879883
3,6.5326023,3.532602310180664
3,5.7720027,2.772002696990967
3,6.6016564,3.601656436920166
3,5.8665805,2.8665804862976074
3,6.571586,3.5715861320495605
3,5.8822637,2.882263660430908
3,6.5464354,3.5464353561401367
3,5.8961506,2.896150588989258
3,6.487496,3.4874958992004395
3,5.853831,2.8538308143615723
3,6.395047,3.395047187805176
3,5.766701,2.7667012214660645
3,6.261276,3.2612757682800293
3,6.1276846,3.1276845932006836
3,7.1909456,4.190945625305176
3,6.3160415,3.3160414695739746
3,6.4740524,3.4740524291992188
3,6.597015,3.597014904022217
3,6.778789,3.7787890434265137
3,6.763824,3.763823986053467
3,6.778363,3.7783632278442383
3,6.855243,3.85524320602417
3,6.584205,3.584205150604248
3,6.67392,3.673920154571533
3,6.3916245,3.3916244506835938
2,6.297614,4.297614097595215
2,4.7998633,2.799863338470459
2,4.3201346,2.3201346397399902
2,4.2671185,2.267118453979492
2,3.6939816,1.693981647491455
2,3.9341824,1.9341824054718018
2,3.5980577,1.598057746887207
2,3.9108195,1.9108195304870605
2,3.7459173,1.7459173202514648
2,3.9419146,1.9419145584106445
2,3.7365506,1.7365505695343018
2,3.832655,1.8326549530029297
2,3.5650666,1.5650665760040283
2,3.612859,1.6128590106964111
2,3.3764608,1.3764607906341553
2,3.3875167,1.387516736984253
2,3.2064197,1.2064197063446045
2,3.2307873,1.2307872772216797
2,3.1618488,1.161848783493042
2,3.144588,1.1445879936218262
2,3.0561194,1.056119441986084
2,3.0293415,1.029341459274292
2,2.9725323,0.9725322723388672
2,2.9326751,0.9326751232147217
2,2.8614326,0.8614325523376465
2,2.8518262,0.8518261909484863
2,2.723951,0.7239511013031006
2,2.411489,0.41148900985717773
2,2.298464,0.2984640598297119
2,2.3635716,0.3635716438293457
2,2.083234,0.08323407173156738
2,2.010182,0.010181903839111328
2,2.1740553,0.1740553379058838
2,2.0703957,0.07039570808410645
2,2.0969744,0.09697437286376953
2,1.8893559,0.11064410209655762
2,2.1088698,0.10886979103088379
2,1.953207,0.04679298400878906
2,2.3191319,0.31913185119628906
2,2.160643,0.1606431007385254
2,2.5085843,0.5085842609405518
2,2.3246038,0.324603796005249
2,2.6528382,0.6528382301330566
2,2.448207,0.44820690155029297
2,2.7264123,0.726412296295166
2,2.534341,0.5343410968780518
2,2.7725022,0.7725021839141846
2,2.6107597,0.6107597351074219
2,2.8010666,0.8010666370391846
2,2.6560607,0.6560606956481934
2,2.8024793,0.8024792671203613
2,2.681201,0.6812009811401367
2,2.7833285,0.7833285331726074
2,2.7156925,0.7156925201416016
2,2.8975945,0.8975944519042969
2,2.9736056,0.9736056327819824
2,2.929842,0.9298419952392578
2,2.9754944,0.975494384765625
2,3.303554,1.3035540580749512
2,3.39369,1.3936901092529297
2,3.3121839,1.3121838569641113
2,3.4141784,1.4141783714294434
2,3.386415,1.3864150047302246
2,3.4561653,1.4561653137207031
2,3.352685,1.3526849746704102
2,3.3542976,1.3542976379394531
2,3.0234041,1.0234041213989258
2,2.8055296,0.8055295944213867
2,2.4710116,0.4710116386413574
2,2.6507807,0.6507806777954102
2,2.4089541,0.4089541435241699
2,2.576438,0.5764379501342773
2,2.359362,0.3593618869781494
2,2.527882,0.5278820991516113
2,2.341354,0.3413538932800293
2,2.5099206,0.509920597076416
2,2.2903419,0.290341854095459
2,2.4895692,0.48956918716430664
2,2.2857833,0.2857832908630371
2,2.5470233,0.5470232963562012
2,2.3855853,0.38558530807495117
2,2.6447494,0.6447494029998779
2,2.3893697,0.3893697261810303
2,2.726717,0.7267169952392578
2,2.4471407,0.4471406936645508
2,2.7895954,0.789595365524292
2,2.3878942,0.3878941535949707
2,2.7636094,0.7636094093322754
2,2.221141,0.22114109992980957
2,2.5625434,0.5625433921813965
2,1.9341942,0.06580579280853271
2,2.185157,0.18515706062316895
2,1.535239,0.46476101875305176
2,2.1704967,0.17049670219421387
2,2.39062,0.39061999320983887
2,3.8969831,1.8969831466674805
2,4.0177474,2.017747402191162
2,3.9819689,1.981968879699707
2,3.830021,1.8300209045410156
2,3.7765403,1.7765402793884277
2,3.5626578,1.5626578330993652
2,3.5441391,1.5441391468048096
2,3.7695413,1.7695412635803223
2,3.9732604,1.9732604026794434
2,3.8897421,1.889742136001587
2,3.6282635,1.6282634735107422
2,3.257752,1.2577519416809082
2,3.0200348,1.0200347900390625
2,2.9746938,0.974693775177002
2,2.9313555,0.9313554763793945
2,3.1061103,1.1061103343963623
2,2.6460004,0.6460003852844238
2,2.6250322,0.6250321865081787
2,2.34727,0.34727001190185547
2,2.4673157,0.467315673828125
2,2.5976229,0.5976228713989258
2,3.212505,1.2125051021575928
2,2.8918872,0.8918871879577637
2,3.754181,1.754180908203125
2,3.9011643,1.9011642932891846
2,4.579884,2.5798840522766113
2,3.8448591,1.8448591232299805
2,4.625435,2.6254348754882812
2,3.8430557,1.8430557250976562
2,4.4440384,2.4440383911132812
2,3.6148226,1.6148226261138916
2,4.2722273,2.2722272872924805
2,3.2210524,1.2210524082183838
2,3.5396633,1.539663314819336
2,2.537374,0.5373740196228027
2,2.9626923,0.9626922607421875
2,2.1755779,0.17557787895202637
2,2.8930998,0.8930997848510742
2,2.3485503,0.34855031967163086
2,3.530581,1.530580997467041
2,2.9010801,0.9010801315307617
2,3.4980342,1.4980342388153076
2,2.8254633,0.8254632949829102
2,3.2936711,1.2936711311340332
2,3.0472069,1.0472068786621094
2,4.4609213,2.460921287536621
2,4.4086304,2.40863037109375
2,5.7322583,3.7322583198547363
2,4.732722,2.7327218055725098
2,4.86515,2.865149974822998
2,4.392751,2.3927512168884277
2,4.2975974,2.2975974082946777
2,3.0593462,1.0593461990356445
2,3.0894554,1.0894553661346436
2,3.1702046,1.1702046394348145
2,3.1286368,1.1286368370056152
2,3.1934361,1.1934361457824707
2,3.1749039,1.1749038696289062
2,3.338336,1.3383359909057617
2,3.3378282,1.3378281593322754
2,3.3416123,1.3416123390197754
2,3.4568841,1.4568841457366943
2,3.3316016,1.331601619720459
2,3.2156444,1.215644359588623
2,3.205175,1.2051749229431152
2,3.1963606,1.1963605880737305
2,3.3739398,1.3739397525787354
2,3.3514051,1.351405143737793
2,3.4057,1.4056999683380127
2,3.3119102,1.3119101524353027
2,3.3364854,1.3364853858947754
2,3.2057488,1.2057487964630127
2,3.3068006,1.3068006038665771
2,3.4885406,1.4885406494140625
2,4.023061,2.0230607986450195
2,4.0493035,2.0493035316467285
2,3.5168357,1.5168356895446777
2,3.6080284,1.6080284118652344
2,3.1317506,1.1317505836486816
2,3.3758767,1.3758766651153564
2,2.97148,0.9714798927307129
2,3.508312,1.5083119869232178
2,3.089846,1.089845895767212
2,3.359862,1.3598620891571045
2,2.9878378,0.9878377914428711
2,3.430921,1.4309210777282715
2,3.0707202,1.0707201957702637
2,3.5456042,1.5456042289733887
2,3.106742,1.1067419052124023
2,3.4055529,1.405552864074707
2,2.928464,0.9284639358520508
2,3.3011332,1.301133155822754
2,3.0240893,1.0240893363952637
2,3.2865033,1.2865033149719238
2,2.881782,0.881782054901123
2,3.2631607,1.2631607055664062
2,2.9486208,0.9486207962036133
2,3.4144523,1.414452314376831
2,3.1446154,1.1446154117584229
2,3.565483,1.5654830932617188
2,3.136903,1.1369030475616455
2,3.3790555,1.3790555000305176
2,3.065386,1.0653860569000244
2,3.4971251,1.4971251487731934
2,3.6569476,1.6569476127624512
2,4.1116133,2.1116132736206055
2,4.1039534,2.1039533615112305
2,4.158306,2.158306121826172
2,3.85714,1.857140064239502
2,3.9215581,1.921558141708374
2,3.7229664,1.7229664325714111
2,4.0621815,2.0621814727783203
2,3.8312705,1.831270456314087
2,4.087542,2.0875420570373535
2,3.7105498,1.7105498313903809
2,4.230572,2.23057222366333
2,4.0817504,2.0817503929138184
2,4.199813,2.199812889099121
2,4.0340886,2.034088611602783
2,3.8989687,1.8989686965942383
2,3.6131287,1.613128662109375
2,4.026669,2.0266690254211426
2,4.3184075,2.3184075355529785
2,4.387564,2.387564182281494
2,4.3865504,2.3865504264831543
2,4.618957,2.618957042694092
2,4.4926257,2.4926257133483887
2,4.518649,2.518649101257324
2,4.2596784,2.259678363800049
2,4.453054,2.4530539512634277
2,5.181895,3.1818947792053223
2,6.8843737,4.884373664855957
2,5.738441,3.738440990447998
2,5.336547,3.3365468978881836
2,4.356499,2.356499195098877
2,4.8095474,2.8095474243164062
2,4.317805,2.3178048133850098
2,5.494969,3.494968891143799
2,5.528786,3.5287861824035645
2,6.624611,4.624610900878906
2,6.157426,4.157425880432129
2,6.489954,4.489953994750977
2,6.3825383,4.382538318634033
2,6.6709228,4.670922756195068
2,6.596378,4.596377849578857
2,6.8914733,4.891473293304443
2,6.7634196,4.7634196281433105
2,8.17588,6.175880432128906
2,8.707959,6.707959175109863
2,9.155505,7.155505180358887
2,8.057901,6.057901382446289
2,8.744934,6.74493408203125
2,8.363754,6.3637542724609375
2,8.613669,6.613669395446777
2,8.100937,6.1009368896484375
2,8.1786785,6.178678512573242
2,7.5023813,5.502381324768066
2,7.310619,5.310618877410889
2,6.7154193,4.715419292449951
2,6.6834693,4.683469295501709
2,7.31362,5.313620090484619
2,8.012216,6.012215614318848
2,8.014928,6.014927864074707
2,7.6238437,5.623843669891357
2,7.0605836,5.060583591461182
2,6.657514,4.6575140953063965
2,6.794167,4.7941670417785645
2,6.75858,4.758580207824707
2,6.8525558,4.852555751800537
2,6.647062,4.647061824798584
2,6.5811467,4.581146717071533
2,6.5912604,4.5912604331970215
2,6.5693226,4.56932258605957
2,6.57791,4.57790994644165
2,5.7952,3.7951998710632324
2,5.190437,3.190436840057373
2,5.6541924,3.6541924476623535
1,7.2628055,6.262805461883545
1,5.15766,4.157660007476807
1,5.4067783,4.406778335571289
1,5.460088,4.460087776184082
1,5.1852694,4.185269355773926
1,5.5021605,4.502160549163818
1,5.4732127,4.473212718963623
1,5.690545,4.690545082092285
1,5.7878795,4.787879467010498
1,5.7667336,4.766733646392822
1,5.9014974,4.9014973640441895
1,5.7215877,4.721587657928467
1,5.9038377,4.90383768081665
1,5.6197968,4.6197967529296875
1,5.723286,4.723286151885986
1,5.4112625,4.411262512207031
1,5.57653,4.5765299797058105
1,5.2286754,4.228675365447998
1,5.382868,4.382867813110352
1,5.0301566,4.03015661239624
1,5.104895,4.104895114898682
1,4.823256,3.823256015777588
1,4.875864,3.875864028930664
1,4.6370797,3.6370797157287598
1,4.6555195,3.655519485473633
1,4.6036983,3.603698253631592
1,4.633702,3.633701801300049
1,4.623338,3.623338222503662
1,4.4528046,3.4528045654296875
1,4.53449,3.5344901084899902
1,4.4089274,3.4089274406433105
1,4.3550205,3.355020523071289
1,4.284696,3.284696102142334
1,4.225765,3.2257652282714844
1,4.1662664,3.166266441345215
1,4.1097755,3.1097755432128906
1,4.0553875,3.055387496948242
1,4.0124846,3.012484550476074
1,3.9558897,2.9558897018432617
1,3.9243155,2.9243154525756836
1,3.8763542,2.876354217529297
1,3.8678966,2.867896556854248
1,3.8251536,2.8251535892486572
1,3.8202825,2.820282459259033
1,3.7821789,2.7821788787841797
1,3.7840185,2.7840185165405273
1,3.750145,2.7501449584960938
1,3.7567317,2.7567317485809326
1,3.7350345,2.735034465789795
1,3.7247088,2.7247087955474854
1,3.6973855,2.697385549545288
1,3.6937826,2.6937825679779053
1,3.6753035,2.6753034591674805
1,3.6742344,2.674234390258789
1,3.6479099,2.6479098796844482
1,3.6455185,2.6455185413360596
1,3.6067123,2.6067123413085938
1,3.6063073,2.6063072681427
1,3.562651,2.5626509189605713
1,3.540491,2.5404911041259766
1,3.468322,2.4683220386505127
1,3.4125974,2.412597417831421
1,3.3655572,2.3655571937561035
1,3.31156,2.3115599155426025
1,3.2697768,2.2697768211364746
1,3.222508,2.222507953643799
1,3.1858404,2.185840368270874
1,3.0333169,2.0333168506622314
1,3.0093346,2.0093345642089844
1,2.8979087,1.8979086875915527
1,3.0670133,2.0670132637023926
1,2.927948,1.927947998046875
1,3.1241956,2.1241955757141113
1,2.9463272,1.9463272094726562
1,3.1449838,2.1449837684631348
1,2.950125,1.950124979019165
1,3.127992,2.1279919147491455
1,3.0278435,2.027843475341797
1,3.1398005,2.139800548553467
1,2.9757605,1.9757604598999023
1,3.1181445,2.1181445121765137
1,3.0192316,2.0192315578460693
1,3.1651745,2.1651744842529297
1,3.0637112,2.063711166381836
1,3.21363,2.213629961013794
1,3.123371,2.123370885848999
1,3.6478963,2.6478962898254395
1,3.551292,2.5512919425964355
1,4.497225,3.497224807739258
1,4.5162754,3.516275405883789
1,5.480844,4.480844020843506
1,4.6932745,3.69327449798584
1,5.287005,4.2870049476623535
1,4.6615653,3.6615653038024902
1,4.8318553,3.831855297088623
1,4.134082,3.1340818405151367
1,4.5094695,3.509469509124756
1,3.9201677,2.9201676845550537
1,4.052004,3.052003860473633
1,3.6508741,2.650874137878418
1,3.7496297,2.7496297359466553
1,3.5964856,2.5964856147766113
1,3.9654074,2.965407371520996
1,4.022981,3.0229811668395996
1,4.317241,3.3172411918640137
1,3.7312036,2.731203556060791
1,3.9618018,2.961801767349243
1,3.414159,2.414159059524536
1,3.383397,2.383397102355957
1,2.6077657,1.6077656745910645
1,2.5200245,1.5200245380401611
1,2.0208826,1.0208826065063477
1,1.9597442,0.9597442150115967
1,1.9719851,0.9719851016998291
1,3.9421618,2.942161798477173
1,4.534803,3.5348029136657715
1,4.9099865,3.9099864959716797
1,2.604824,1.6048240661621094
1,1.8745005,0.8745005130767822
1,1.8993257,0.8993257284164429
1,1.9348838,0.9348838329315186
1,2.0997484,1.0997483730316162
1,2.0867767,1.0867767333984375
1,2.1484952,1.1484951972961426
1,2.3193953,1.3193953037261963
1,2.0911222,1.0911221504211426
1,2.2353206,1.2353205680847168
1,2.1747549,1.1747548580169678
1,2.1071343,1.1071343421936035
1,2.1463966,1.1463966369628906
1,2.0817225,1.0817224979400635
1,1.9268484,0.9268484115600586
1,1.9296334,0.929633378982544
1,1.7684703,0.768470287322998
1,1.863981,0.8639810085296631
1,1.9594681,0.9594681262969971
1,2.0946336,1.0946335792541504
1,2.1743796,1.174379587173462
1,2.3828733,1.382873296737671
1,2.4299517,1.4299516677856445
1,2.667567,1.6675670146942139
1,2.776002,1.7760019302368164
1,3.0419397,2.0419397354125977
1,3.5106363,2.510636329650879
1,4.473886,3.473886013031006
1,4.5462713,3.546271324157715
1,5.2156963,4.215696334838867
1,4.652326,3.6523261070251465
1,5.233273,4.233273029327393
1,4.4320107,3.4320106506347656
1,5.17907,4.179069995880127
1,4.525604,3.525603771209717
1,4.806413,3.806413173675537
1,4.5259624,3.5259623527526855
1,4.878859,3.878859043121338
1,4.4555316,3.455531597137451
1,4.426857,3.4268569946289062
1,3.6287756,2.6287755966186523
1,3.3301134,2.330113410949707
1,3.1957073,2.195707321166992
1,4.5406356,3.540635585784912
1,5.6719346,4.671934604644775
1,5.858624,4.85862398147583
1,5.9087377,4.908737659454346
1,6.098761,5.098761081695557
1,6.221436,5.221436023712158
1,6.094896,5.094895839691162
1,6.520716,5.520716190338135
1,6.4669294,5.4669294357299805
1,6.87798,5.8779802322387695
1,6.498379,5.498379230499268
1,7.1529446,6.152944564819336
1,7.3570495,6.357049465179443
1,7.7230363,6.723036289215088
1,8.317314,7.317314147949219
1,8.745353,7.745352745056152
0,9.219492,9.219491958618164
0,8.434663,8.434662818908691
0,7.629489,7.629488945007324
0,6.9857955,6.985795497894287
0,5.8969083,5.896908283233643
0,5.422505,5.422504901885986
0,4.551779,4.551778793334961
0,4.4263473,4.426347255706787
0,3.944817,3.944817066192627
0,3.8021348,3.8021347522735596
0,3.291216,3.2912158966064453
0,3.1503267,3.150326728820801
0,2.7492547,2.7492547035217285
0,2.713071,2.71307110786438
0,2.4780834,2.478083372116089
0,2.455895,2.455894947052002
0,2.2547326,2.254732608795166
0,2.2016094,2.2016093730926514
0,2.1015847,2.1015846729278564
0,2.0432172,2.043217182159424
0,1.9666287,1.9666286706924438
0,1.93097,1.9309699535369873
0,1.9124305,1.9124305248260498
0,1.8715563,1.871556282043457
0,1.8295859,1.8295859098434448
0,1.8025444,1.802544355392456
0,1.7754757,1.7754757404327393
0,1.7540133,1.7540132999420166
0,1.7383786,1.738378643989563
0,1.7291627,1.7291626930236816
0,1.7315056,1.7315056324005127
0,1.7199728,1.719972848892212
0,1.7294915,1.7294914722442627
0,1.7259088,1.7259087562561035
0,1.739548,1.7395479679107666
0,1.7327256,1.7327256202697754
0,1.7388301,1.7388300895690918
0,1.7361839,1.7361838817596436
0,1.744669,1.744668960571289
0,1.743567,1.7435669898986816
0,1.7499566,1.7499566078186035
0,1.7519435,1.7519434690475464
0,1.7609103,1.7609102725982666
0,1.7666229,1.7666229009628296
0,1.7710092,1.7710092067718506
0,1.7711906,1.7711906433105469
0,1.7690853,1.7690852880477905
0,1.7639589,1.7639589309692383
0,1.7615986,1.7615985870361328
0,1.7627468,1.762746810913086
0,1.7593608,1.7593607902526855
0,1.7629461,1.7629461288452148
0,1.7563231,1.7563230991363525
0,1.7609334,1.7609333992004395
0,1.7561485,1.7561484575271606
0,1.76532,1.7653199434280396
0,1.711298,1.7112979888916016
0,1.6475402,1.6475402116775513
0,1.5626867,1.5626866817474365
0,1.4856324,1.4856324195861816
0,1.4681826,1.4681825637817383
0,1.4849335,1.4849334955215454
0,1.4646562,1.4646562337875366
0,1.4339666,1.4339666366577148
0,1.4318645,1.4318645000457764
0,1.4289596,1.428959608078003
0,1.431817,1.4318170547485352
0,1.4273229,1.4273228645324707
0,1.4377458,1.4377458095550537
0,1.4344311,1.4344310760498047
0,1.4434817,1.443481683731079
0,1.4357219,1.4357218742370605
0,1.4428959,1.4428958892822266
0,1.4335544,1.4335544109344482
0,1.4368736,1.4368735551834106
0,1.4203417,1.4203417301177979
0,1.421301,1.421301007270813
0,1.4036323,1.4036322832107544
0,1.4034243,1.4034242630004883
0,1.3790228,1.3790228366851807
0,1.3723161,1.3723161220550537
0,1.3386197,1.3386197090148926
0,1.3259596,1.32595956325531
0,1.2847452,1.284745216369629
0,1.3255396,1.3255395889282227
0,1.4054754,1.405475378036499
0,1.55946,1.5594600439071655
0,1.5574044,1.5574043989181519
0,1.5504867,1.55048668384552
0,1.5466548,1.5466548204421997
0,1.5390089,1.5390088558197021
0,1.5409741,1.5409741401672363
0,1.5298156,1.5298155546188354
0,1.5344892,1.5344891548156738
0,1.5255561,1.5255560874938965
0,1.521425,1.5214250087738037
0,1.4990034,1.4990034103393555
0,1.4867766,1.48677659034729
0,1.4958775,1.4958775043487549
0,1.449856,1.4498560428619385
0,1.5124792,1.5124791860580444
0,1.6081926,1.6081925630569458
0,1.543761,1.5437610149383545
0,1.6138912,1.6138912439346313
0,1.5641701,1.5641701221466064
0,1.5815157,1.5815156698226929
0,1.5194072,1.5194071531295776
0,1.5469258,1.5469257831573486
0,1.5147572,1.5147571563720703
0,1.5864102,1.5864101648330688
0,1.607624,1.6076240539550781
0,1.6405944,1.6405943632125854
0,1.5959519,1.5959519147872925
0,1.582313,1.5823129415512085
0,1.5415192,1.5415191650390625
0,1.5635421,1.563542127609253
0,1.5429232,1.5429232120513916
0,1.6137478,1.6137478351593018
0,1.5354629,1.5354628562927246
0,1.5504369,1.5504368543624878
0,1.5006214,1.5006214380264282
0,1.5216544,1.5216543674468994
0,1.4270173,1.427017331123352
0,1.4695996,1.4695996046066284
0,1.3579186,1.357918620109558
0,1.4526316,1.4526315927505493
0,1.493683,1.4936829805374146
0,2.158565,2.158565044403076
0,1.5165268,1.5165268182754517
0,1.2790377,1.2790377140045166
0,1.3103129,1.3103128671646118
0,1.305049,1.305048942565918
0,1.3661513,1.3661513328552246
0,1.3700063,1.3700063228607178
0,1.4422042,1.442204236984253
0,1.3709891,1.3709890842437744
0,1.4336514,1.4336514472961426
0,1.3933388,1.3933387994766235
0,1.4311175,1.4311175346374512
0,1.5164638,1.5164637565612793
0,1.5914629,1.5914628505706787
0,1.7587545,1.7587544918060303
0,1.8347917,1.834791660308838
0,1.8992121,1.899212121963501
0,1.974874,1.9748740196228027
0,1.9809973,1.9809973239898682
0,1.9403366,1.9403365850448608
0,1.9040549,1.904054880142212
0,1.7952042,1.7952041625976562
0,1.8030505,1.8030505180358887
0,1.7849051,1.7849050760269165
0,1.8971908,1.897190809249878
0,1.9162056,1.916205644607544
0,1.9085208,1.9085208177566528
0,1.9918787,1.9918787479400635
0,2.1433,2.1433000564575195
0,2.2125661,2.2125661373138428
0,2.261982,2.261981964111328
0,2.5431669,2.5431668758392334
0,1.830751,1.8307509422302246
0,1.857171,1.8571710586547852
0,1.6882849,1.6882848739624023
0,1.9639826,1.9639825820922852
0,2.459293,2.4592928886413574
0,3.5200613,3.5200612545013428
0,3.6323128,3.632312774658203
0,3.628729,3.6287291049957275
0,3.3884482,3.3884482383728027
0,4.0929046,4.092904567718506
0,3.8364882,3.8364882469177246
0,4.1480336,4.148033618927002
0,3.7381854,3.738185405731201
0,3.5222661,3.522266149520874
0,3.351066,3.3510661125183105
0,3.798667,3.7986669540405273
0,3.9529939,3.952993869781494
0,5.1688457,5.1688456535339355
0,4.999062,4.9990620613098145
0,6.401749,6.401749134063721
0,5.0864367,5.086436748504639
0,6.8469577,6.846957683563232
0,5.6085496,5.60854959487915
